quadrant,ignition_cell,wind_speed,wind_dir,strategy,min_dist,seed,cells_burned,burn_pct,cells_treated,treat_pct,peak_burning,fire_periods,returncode
centre,39795,ws10,0,random,2,2,27583,34.6472,471,0.591627,15421,200,0
centre,39795,ws10,0,none,0,2,28537,35.8455,0,0.0,16098,200,0
centre,39795,ws10,0,random,2,4,28410,35.686,471,0.591627,15905,200,0
centre,39795,ws10,0,random,0,2,27516,34.5631,471,0.591627,15423,200,0
centre,39795,ws10,0,random,0,1,29068,36.5125,471,0.591627,16386,200,0
centre,39795,ws10,0,none,0,4,28622,35.9523,0,0.0,16035,200,0
centre,39795,ws10,0,none,0,5,29998,37.6807,0,0.0,16917,200,0
centre,39795,ws10,0,random,0,4,28459,35.7476,471,0.591627,15971,200,0
centre,39795,ws10,0,none,0,3,28599,35.9234,0,0.0,16097,200,0
centre,39795,ws10,0,random,2,3,27678,34.7666,471,0.591627,15322,200,0
centre,39795,ws10,0,random,0,3,27775,34.8884,471,0.591627,15403,200,0
centre,39795,ws10,0,none,0,1,29300,36.804,0,0.0,16586,200,0
centre,39795,ws10,0,random,2,1,29084,36.5326,471,0.591627,16405,200,0
centre,39795,ws10,0,random,0,5,29023,36.456,471,0.591627,16266,200,0
centre,39795,ws10,0,random,2,5,28928,36.3367,471,0.591627,16218,200,0
centre,39795,ws10,0,proximity,0,1,37,0.046476,471,0.591627,30,200,0
centre,39795,ws10,0,open_anchor,0,2,32,0.0401955,471,0.591627,26,200,0
centre,39795,ws10,0,proximity,0,3,33,0.0414516,471,0.591627,28,200,0
centre,39795,ws10,0,proximity,2,5,137,0.172087,471,0.591627,56,200,0
centre,39795,ws10,0,proximity,0,2,28,0.035171,471,0.591627,25,200,0
centre,39795,ws10,0,proximity,2,4,145,0.182136,471,0.591627,63,200,0
centre,39795,ws10,0,open_anchor,0,3,24,0.0301466,471,0.591627,19,200,0
centre,39795,ws10,0,open_anchor,0,4,24,0.0301466,471,0.591627,20,200,0
centre,39795,ws10,0,proximity,0,5,192,0.241173,471,0.591627,148,200,0
centre,39795,ws10,0,open_anchor,2,2,71,0.0891837,471,0.591627,34,200,0
centre,39795,ws10,0,open_anchor,2,3,103,0.129379,471,0.591627,45,200,0
centre,39795,ws10,0,open_anchor,0,5,49,0.0615493,471,0.591627,38,200,0
centre,39795,ws10,0,cell1_baseline,0,2,16,0.0200977,471,0.591627,16,200,0
centre,39795,ws10,0,cell1_baseline,0,1,72,0.0904398,471,0.591627,59,200,0
centre,39795,ws10,0,cell1_baseline,0,3,28,0.035171,471,0.591627,23,200,0
centre,39795,ws10,0,cell1_baseline,0,4,39,0.0489882,471,0.591627,33,200,0
centre,39795,ws10,0,cell1_baseline,2,3,72,0.0904398,471,0.591627,36,200,0
centre,39795,ws10,0,cell1_baseline,2,4,106,0.133147,471,0.591627,47,200,0
centre,39795,ws10,0,cell2_ground,0,2,29,0.0364271,471,0.591627,24,200,0
centre,39795,ws10,0,cell2_ground,0,3,25,0.0314027,471,0.591627,20,200,0
centre,39795,ws10,0,proximity,2,2,6940,8.71739,471,0.591627,3972,200,0
centre,39795,ws10,0,cell2_ground,0,4,28,0.035171,471,0.591627,24,200,0
centre,39795,ws10,0,proximity,2,3,5361,6.73399,471,0.591627,3072,200,0
centre,39795,ws10,0,proximity,2,1,9694,12.1767,471,0.591627,5653,200,0
centre,39795,ws10,0,open_anchor,0,1,11323,14.2229,471,0.591627,6847,200,0
centre,39795,ws10,0,proximity,0,4,12063,15.1524,471,0.591627,7256,200,0
centre,39795,ws10,0,open_anchor,2,1,14981,18.8178,471,0.591627,8744,200,0
centre,39795,ws10,0,cell1_baseline,2,5,12994,16.3219,471,0.591627,7645,200,0
centre,39795,ws10,0,cell2_ground,2,1,7983,10.0275,471,0.591627,4830,200,0
centre,39795,ws10,0,open_anchor,2,4,18637,23.4101,471,0.591627,10722,200,0
centre,39795,ws10,0,cell2_ground,2,2,11465,14.4013,471,0.591627,6674,200,0
centre,39795,ws10,0,open_anchor,2,5,23300,29.2673,471,0.591627,13151,200,0
centre,39795,ws10,0,cell1_baseline,2,2,24559,30.8488,471,0.591627,13968,200,0
centre,39795,ws10,0,cell1_baseline,2,1,23889,30.0072,471,0.591627,13865,200,0
centre,39795,ws10,0,cell2_ground,2,3,22275,27.9798,471,0.591627,12711,200,0
centre,39795,ws10,0,cell2_ground,2,4,22315,28.03,471,0.591627,12725,200,0
centre,39795,ws10,0,cell2_ground,2,5,21552,27.0716,471,0.591627,12237,200,0
centre,39795,ws10,0,cell4_highonly,0,1,30,0.0376832,471,0.591627,25,200,0
centre,39795,ws10,0,cell2_ground,0,5,24537,30.8211,471,0.591627,14102,200,0
centre,39795,ws10,0,cell4_highonly,0,2,17,0.0213538,471,0.591627,16,200,0
centre,39795,ws10,0,cell4_highonly,0,3,28,0.035171,471,0.591627,24,200,0
centre,39795,ws10,0,cell1_baseline,0,5,27916,35.0655,471,0.591627,16185,200,0
centre,39795,ws10,0,cell4_highonly,0,4,23,0.0288905,471,0.591627,19,200,0
centre,39795,ws10,0,cell4_highonly,0,5,120,0.150733,471,0.591627,82,200,0
centre,39795,ws10,0,cell4_highonly,2,1,80,0.100489,471,0.591627,37,200,0
centre,39795,ws10,0,cell2_ground,0,1,27954,35.1132,471,0.591627,16065,200,0
centre,39795,ws10,0,cell4_highonly,2,2,59,0.0741104,471,0.591627,29,200,0
centre,39795,ws10,0,cell4_highonly,2,3,86,0.108025,471,0.591627,41,200,0
centre,39795,ws10,0,cell4_highonly,2,4,97,0.121842,471,0.591627,39,200,0
centre,39795,ws10,0,cell4_highonly,2,5,154,0.193441,471,0.591627,67,200,0
centre,39795,ws10,0,cell3_lowonly,0,2,28283,35.5265,471,0.591627,15860,200,0
centre,39795,ws10,0,cell3_lowonly,0,1,29148,36.613,471,0.591627,16476,200,0
centre,39795,ws10,0,cell3_lowonly,0,3,28431,35.7124,471,0.591627,15894,200,0
centre,39795,ws10,0,cell3_lowonly,0,4,28449,35.735,471,0.591627,15962,200,0
centre,39795,ws10,0,cell3_lowonly,0,5,29244,36.7336,471,0.591627,16470,200,0
centre,39795,ws10,0,cell3_lowonly,2,2,28329,35.5843,471,0.591627,15924,200,0
centre,39795,ws10,0,cell3_lowonly,2,1,29160,36.6281,471,0.591627,16400,200,0
centre,39795,ws10,0,cell3_lowonly,2,4,28451,35.7375,471,0.591627,15903,200,0
centre,39795,ws10,0,cell3_lowonly,2,3,28425,35.7049,471,0.591627,15941,200,0
centre,39795,ws10,0,cell5_hilly,0,2,27972,35.1358,471,0.591627,15699,200,0
centre,39795,ws10,0,cell3_lowonly,2,5,29831,37.471,471,0.591627,16760,200,0
centre,39795,ws10,0,cell5_hilly,0,1,28849,36.2375,471,0.591627,16200,200,0
centre,39795,ws10,0,cell5_hilly,0,3,28051,35.2351,471,0.591627,15680,200,0
centre,39795,ws10,0,cell5_hilly,0,4,28127,35.3305,471,0.591627,15737,200,0
centre,39795,ws10,0,cell5_hilly,2,4,28192,35.4122,471,0.591627,15809,200,0
centre,39795,ws10,0,cell5_hilly,2,3,28059,35.2451,471,0.591627,15691,200,0
centre,39795,ws10,0,cell5_hilly,2,1,28809,36.1872,471,0.591627,16225,200,0
centre,39795,ws10,90,none,0,1,30220,37.9596,0,0.0,16886,200,0
centre,39795,ws10,90,none,0,2,29576,37.1506,0,0.0,16607,200,0
centre,39795,ws10,90,none,0,3,29919,37.5815,0,0.0,16748,200,0
centre,39795,ws10,90,none,0,4,30583,38.4155,0,0.0,17138,200,0
centre,39795,ws10,90,none,0,5,30756,38.6329,0,0.0,17242,200,0
centre,39795,ws10,90,random,0,1,30006,37.6908,471,0.591627,16681,200,0
centre,39795,ws10,90,random,0,2,29030,36.4648,471,0.591627,16271,200,0
centre,39795,ws10,0,cell5_hilly,2,2,28168,35.382,471,0.591627,15783,200,0
centre,39795,ws10,90,random,0,3,29093,36.5439,471,0.591627,16255,200,0
centre,39795,ws10,90,random,0,4,30431,38.2246,471,0.591627,17011,200,0
centre,39795,ws10,90,random,0,5,30544,38.3666,471,0.591627,17105,200,0
centre,39795,ws10,90,random,2,1,30026,37.7159,471,0.591627,16733,200,0
centre,39795,ws10,90,random,2,2,29034,36.4698,471,0.591627,16263,200,0
centre,39795,ws10,90,random,2,3,29270,36.7663,471,0.591627,16309,200,0
centre,39795,ws10,0,cell5_hilly,0,5,29400,36.9296,471,0.591627,16542,200,0
centre,39795,ws10,90,random,2,4,30429,38.2221,471,0.591627,16967,200,0
centre,39795,ws10,90,random,2,5,30558,38.3841,471,0.591627,17080,200,0
centre,39795,ws10,90,proximity,0,3,46,0.057781,471,0.591627,38,200,0
centre,39795,ws10,90,proximity,0,2,1105,1.388,471,0.591627,789,200,0
centre,39795,ws10,0,cell6_barriers,0,2,28153,35.3632,471,0.591627,15803,200,0
centre,39795,ws10,90,proximity,0,5,104,0.130635,471,0.591627,80,200,0
centre,39795,ws10,0,cell5_hilly,2,5,29400,36.9296,471,0.591627,16541,200,0
centre,39795,ws10,0,cell6_barriers,0,1,29148,36.613,471,0.591627,16476,200,0
centre,39795,ws10,90,proximity,2,3,122,0.153245,471,0.591627,51,200,0
centre,39795,ws10,0,cell6_barriers,0,3,28431,35.7124,471,0.591627,15894,200,0
centre,39795,ws10,90,proximity,2,5,1438,1.80628,471,0.591627,836,200,0
centre,39795,ws10,90,proximity,0,4,8573,10.7686,471,0.591627,5496,200,0
centre,39795,ws10,0,cell6_barriers,0,4,28449,35.735,471,0.591627,15962,200,0
centre,39795,ws10,90,open_anchor,0,2,150,0.188416,471,0.591627,115,200,0
centre,39795,ws10,90,proximity,0,1,12884,16.1837,471,0.591627,8160,200,0
centre,39795,ws10,90,open_anchor,0,4,243,0.305234,471,0.591627,177,200,0
centre,39795,ws10,90,open_anchor,0,1,836,1.05011,471,0.591627,569,200,0
centre,39795,ws10,90,proximity,2,2,10154,12.7545,471,0.591627,6114,200,0
centre,39795,ws10,90,open_anchor,2,3,1046,1.31389,471,0.591627,606,200,0
centre,39795,ws10,0,cell6_barriers,2,1,29160,36.6281,471,0.591627,16400,200,0
centre,39795,ws10,90,proximity,2,1,15580,19.5702,471,0.591627,9188,200,0
centre,39795,ws10,90,open_anchor,0,5,7179,9.0176,471,0.591627,4690,200,0
centre,39795,ws10,0,cell6_barriers,0,5,29411,36.9434,471,0.591627,16555,200,0
centre,39795,ws10,0,cell6_barriers,2,3,28425,35.7049,471,0.591627,15941,200,0
centre,39795,ws10,0,cell6_barriers,2,2,28329,35.5843,471,0.591627,15924,200,0
centre,39795,ws10,0,cell6_barriers,2,4,28451,35.7375,471,0.591627,15903,200,0
centre,39795,ws10,90,open_anchor,2,2,12598,15.8244,471,0.591627,7263,200,0
centre,39795,ws10,90,cell1_baseline,0,4,1381,1.73468,471,0.591627,935,200,0
centre,39795,ws10,0,cell6_barriers,2,5,29831,37.471,471,0.591627,16760,200,0
centre,39795,ws10,90,open_anchor,2,4,13073,16.4211,471,0.591627,7662,200,0
centre,39795,ws10,90,proximity,2,4,18704,23.4942,471,0.591627,11029,200,0
centre,39795,ws10,90,cell1_baseline,0,1,10632,13.3549,471,0.591627,6603,200,0
centre,39795,ws10,90,cell1_baseline,2,1,9893,12.4267,471,0.591627,5880,200,0
centre,39795,ws10,90,cell1_baseline,0,3,10327,12.9718,471,0.591627,6444,200,0
centre,39795,ws10,90,open_anchor,2,1,20091,25.2365,471,0.591627,11349,200,0
centre,39795,ws10,90,open_anchor,0,3,19614,24.6373,471,0.591627,11604,200,0
centre,39795,ws10,90,cell1_baseline,0,2,15567,19.5538,471,0.591627,9385,200,0
centre,39795,ws10,90,cell1_baseline,0,5,11958,15.0205,471,0.591627,7607,200,0
centre,39795,ws10,90,cell1_baseline,2,4,10595,13.3085,471,0.591627,6499,200,0
centre,39795,ws10,90,cell1_baseline,2,5,12375,15.5443,471,0.591627,7556,200,0
centre,39795,ws10,90,open_anchor,2,5,20786,26.1095,471,0.591627,11959,200,0
centre,39795,ws10,90,cell1_baseline,2,3,12114,15.2165,471,0.591627,7373,200,0
centre,39795,ws10,90,cell1_baseline,2,2,15876,19.942,471,0.591627,9251,200,0
centre,39795,ws10,90,cell2_ground,0,1,19012,23.8811,471,0.591627,11070,200,0
centre,39795,ws10,90,cell2_ground,0,3,15353,19.285,471,0.591627,9075,200,0
centre,39795,ws10,90,cell2_ground,2,2,15486,19.4521,471,0.591627,9024,200,0
centre,39795,ws10,90,cell2_ground,0,4,17863,22.4379,471,0.591627,10494,200,0
centre,39795,ws10,90,cell2_ground,0,2,20765,26.0831,471,0.591627,12079,200,0
centre,39795,ws10,90,cell2_ground,2,1,20547,25.8092,471,0.591627,11615,200,0
centre,39795,ws10,90,cell2_ground,2,4,22750,28.5765,471,0.591627,13184,200,0
centre,39795,ws10,90,cell4_highonly,0,1,34,0.0427077,471,0.591627,27,200,0
centre,39795,ws10,90,cell2_ground,2,3,22227,27.9195,471,0.591627,12736,200,0
centre,39795,ws10,90,cell4_highonly,0,3,31,0.0389393,471,0.591627,26,200,0
centre,39795,ws10,90,cell4_highonly,0,2,13,0.0163294,471,0.591627,13,200,0
centre,39795,ws10,90,cell4_highonly,0,4,41,0.0515004,471,0.591627,31,200,0
centre,39795,ws10,90,cell4_highonly,0,5,49,0.0615493,471,0.591627,40,200,0
centre,39795,ws10,90,cell4_highonly,2,1,156,0.195953,471,0.591627,72,200,0
centre,39795,ws10,90,cell2_ground,0,5,29064,36.5075,471,0.591627,16525,200,0
centre,39795,ws10,90,cell4_highonly,2,2,103,0.129379,471,0.591627,54,200,0
centre,39795,ws10,90,cell4_highonly,2,3,108,0.13566,471,0.591627,54,200,0
centre,39795,ws10,90,cell4_highonly,2,4,121,0.151989,471,0.591627,52,200,0
centre,39795,ws10,90,cell4_highonly,2,5,333,0.418284,471,0.591627,133,200,0
centre,39795,ws10,90,cell2_ground,2,5,26174,32.8774,471,0.591627,15061,200,0
centre,39795,ws10,90,cell3_lowonly,0,2,29248,36.7386,471,0.591627,16349,200,0
centre,39795,ws10,90,cell3_lowonly,0,3,29376,36.8994,471,0.591627,16389,200,0
centre,39795,ws10,90,cell3_lowonly,2,5,30593,38.4281,471,0.591627,17092,200,0
centre,39795,ws10,90,cell3_lowonly,0,1,29903,37.5614,471,0.591627,16712,200,0
centre,39795,ws10,90,cell3_lowonly,0,4,29840,37.4823,471,0.591627,16694,200,0
centre,39795,ws10,90,cell3_lowonly,2,3,29704,37.3114,471,0.591627,16509,200,0
centre,39795,ws10,90,cell3_lowonly,0,5,30188,37.9194,471,0.591627,16847,200,0
centre,39795,ws10,90,cell3_lowonly,2,2,29406,36.9371,471,0.591627,16482,200,0
centre,39795,ws10,90,cell3_lowonly,2,1,29975,37.6518,471,0.591627,16635,200,0
centre,39795,ws10,90,cell3_lowonly,2,4,30399,38.1844,471,0.591627,16956,200,0
centre,39795,ws10,90,cell5_hilly,0,2,29357,36.8756,471,0.591627,16464,200,0
centre,39795,ws10,90,cell5_hilly,0,1,29995,37.677,471,0.591627,16738,200,0
centre,39795,ws10,90,cell5_hilly,0,3,29694,37.2989,471,0.591627,16539,200,0
centre,39795,ws10,90,cell5_hilly,2,1,30014,37.7008,471,0.591627,16743,200,0
centre,39795,ws10,90,cell5_hilly,0,5,30475,38.2799,471,0.591627,17017,200,0
centre,39795,ws10,90,cell5_hilly,0,4,30415,38.2045,471,0.591627,17008,200,0
centre,39795,ws10,90,cell5_hilly,2,2,29318,36.8266,471,0.591627,16446,200,0
centre,39795,ws10,180,none,0,1,29525,37.0866,0,0.0,17251,200,0
centre,39795,ws10,180,none,0,2,29515,37.074,0,0.0,17304,200,0
centre,39795,ws10,180,none,0,3,29819,37.4559,0,0.0,17394,200,0
centre,39795,ws10,180,none,0,4,30182,37.9118,0,0.0,17660,200,0
centre,39795,ws10,180,none,0,5,29993,37.6744,0,0.0,17558,200,0
centre,39795,ws10,180,random,0,1,29385,36.9107,471,0.591627,17138,200,0
centre,39795,ws10,180,random,0,2,29298,36.8014,471,0.591627,17100,200,0
centre,39795,ws10,180,random,0,3,28503,35.8028,471,0.591627,16652,200,0
centre,39795,ws10,180,random,0,4,30061,37.7599,471,0.591627,17504,200,0
centre,39795,ws10,180,random,0,5,29858,37.5049,471,0.591627,17399,200,0
centre,39795,ws10,180,random,2,1,29400,36.9296,471,0.591627,17190,200,0
centre,39795,ws10,90,cell5_hilly,2,5,30492,38.3012,471,0.591627,17063,200,0
centre,39795,ws10,90,cell5_hilly,2,3,29705,37.3127,471,0.591627,16537,200,0
centre,39795,ws10,180,random,2,2,29381,36.9057,471,0.591627,17173,200,0
centre,39795,ws10,180,random,2,3,28525,35.8305,471,0.591627,16683,200,0
centre,39795,ws10,180,random,2,4,30052,37.7486,471,0.591627,17494,200,0
centre,39795,ws10,90,cell6_barriers,0,4,29840,37.4823,471,0.591627,16625,200,0
centre,39795,ws10,180,random,2,5,29856,37.5024,471,0.591627,17417,200,0
centre,39795,ws10,180,proximity,0,1,30,0.0376832,471,0.591627,24,200,0
centre,39795,ws10,90,cell5_hilly,2,4,30340,38.1103,471,0.591627,16950,200,0
centre,39795,ws10,180,proximity,0,2,72,0.0904398,471,0.591627,62,200,0
centre,39795,ws10,180,proximity,0,4,34,0.0427077,471,0.591627,25,200,0
centre,39795,ws10,90,cell6_barriers,0,1,29903,37.5614,471,0.591627,16712,200,0
centre,39795,ws10,90,cell6_barriers,0,3,29376,36.8994,471,0.591627,16389,200,0
centre,39795,ws10,90,cell6_barriers,0,2,29122,36.5804,471,0.591627,16315,200,0
centre,39795,ws10,180,open_anchor,0,1,70,0.0879275,471,0.591627,55,200,0
centre,39795,ws10,180,proximity,2,5,589,0.739847,471,0.591627,283,200,0
centre,39795,ws10,180,open_anchor,0,2,39,0.0489882,471,0.591627,31,200,0
centre,39795,ws10,180,open_anchor,0,3,122,0.153245,471,0.591627,87,200,0
centre,39795,ws10,180,proximity,2,1,7187,9.02765,471,0.591627,4320,200,0
centre,39795,ws10,90,cell6_barriers,2,1,29975,37.6518,471,0.591627,16635,200,0
centre,39795,ws10,90,cell6_barriers,0,5,30188,37.9194,471,0.591627,16847,200,0
centre,39795,ws10,180,open_anchor,2,2,212,0.266295,471,0.591627,101,200,0
centre,39795,ws10,90,cell6_barriers,2,3,29704,37.3114,471,0.591627,16509,200,0
centre,39795,ws10,180,proximity,2,4,10743,13.4944,471,0.591627,6453,200,0
centre,39795,ws10,90,cell6_barriers,2,4,30399,38.1844,471,0.591627,16956,200,0
centre,39795,ws10,180,cell1_baseline,0,1,56,0.070342,471,0.591627,41,200,0
centre,39795,ws10,180,cell1_baseline,0,2,58,0.0728543,471,0.591627,43,200,0
centre,39795,ws10,90,cell6_barriers,2,2,29406,36.9371,471,0.591627,16482,200,0
centre,39795,ws10,180,proximity,2,2,14499,18.2123,471,0.591627,8924,200,0
centre,39795,ws10,180,proximity,0,3,20416,25.6447,471,0.591627,12914,200,0
centre,39795,ws10,180,proximity,2,3,16201,20.3502,471,0.591627,10130,200,0
centre,39795,ws10,90,cell6_barriers,2,5,30593,38.4281,471,0.591627,17092,200,0
centre,39795,ws10,180,open_anchor,2,4,14068,17.6709,471,0.591627,8395,200,0
centre,39795,ws10,180,proximity,0,5,23759,29.8439,471,0.591627,14734,200,0
centre,39795,ws10,180,open_anchor,2,3,20050,25.185,471,0.591627,12337,200,0
centre,39795,ws10,180,open_anchor,0,4,18787,23.5985,471,0.591627,11877,200,0
centre,39795,ws10,180,cell2_ground,0,2,36,0.0452199,471,0.591627,29,200,0
centre,39795,ws10,180,cell2_ground,0,3,46,0.057781,471,0.591627,34,200,0
centre,39795,ws10,180,open_anchor,2,1,20918,26.2753,471,0.591627,12279,200,0
centre,39795,ws10,180,open_anchor,0,5,18232,22.9014,471,0.591627,11481,200,0
centre,39795,ws10,180,open_anchor,2,5,20810,26.1396,471,0.591627,12245,200,0
centre,39795,ws10,180,cell1_baseline,0,3,17670,22.1954,471,0.591627,11023,200,0
centre,39795,ws10,180,cell1_baseline,0,5,18840,23.6651,471,0.591627,11582,200,0
centre,39795,ws10,180,cell1_baseline,2,1,16269,20.4356,471,0.591627,9968,200,0
centre,39795,ws10,180,cell1_baseline,2,2,19814,24.8885,471,0.591627,11842,200,0
centre,39795,ws10,180,cell1_baseline,0,4,23190,29.1291,471,0.591627,14324,200,0
centre,39795,ws10,180,cell1_baseline,2,3,20321,25.5254,471,0.591627,12221,200,0
centre,39795,ws10,180,cell1_baseline,2,4,20675,25.97,471,0.591627,12580,200,0
centre,39795,ws10,180,cell1_baseline,2,5,28487,35.7827,471,0.591627,16353,200,0
centre,39795,ws10,180,cell2_ground,0,1,25830,32.4453,471,0.591627,15460,200,0
centre,39795,ws10,180,cell2_ground,2,5,18323,23.0157,471,0.591627,10930,200,0
centre,39795,ws10,180,cell2_ground,2,1,24301,30.5247,471,0.591627,14417,200,0
centre,39795,ws10,180,cell2_ground,0,5,24224,30.428,471,0.591627,14837,200,0
centre,39795,ws10,180,cell2_ground,2,2,25564,32.1111,471,0.591627,15376,200,0
centre,39795,ws10,180,cell2_ground,2,3,25234,31.6966,471,0.591627,14772,200,0
centre,39795,ws10,180,cell4_highonly,0,1,30,0.0376832,471,0.591627,25,200,0
centre,39795,ws10,180,cell4_highonly,0,2,21,0.0263783,471,0.591627,18,200,0
centre,39795,ws10,180,cell4_highonly,0,3,36,0.0452199,471,0.591627,27,200,0
centre,39795,ws10,180,cell4_highonly,0,4,57,0.0715981,471,0.591627,41,200,0
centre,39795,ws10,180,cell2_ground,0,4,26406,33.1688,471,0.591627,16112,200,0
centre,39795,ws10,180,cell4_highonly,0,5,131,0.16455,471,0.591627,84,200,0
centre,39795,ws10,180,cell4_highonly,2,1,104,0.130635,471,0.591627,44,200,0
centre,39795,ws10,180,cell2_ground,2,4,25993,32.65,471,0.591627,15220,200,0
centre,39795,ws10,180,cell4_highonly,2,2,73,0.0916959,471,0.591627,33,200,0
centre,39795,ws10,180,cell4_highonly,2,4,104,0.130635,471,0.591627,51,200,0
centre,39795,ws10,180,cell4_highonly,2,3,112,0.140684,471,0.591627,44,200,0
centre,39795,ws10,180,cell4_highonly,2,5,190,0.23866,471,0.591627,76,200,0
centre,39795,ws10,180,cell3_lowonly,0,2,29337,36.8504,471,0.591627,17211,200,0
centre,39795,ws10,180,cell3_lowonly,0,1,29160,36.6281,471,0.591627,16980,200,0
centre,39795,ws10,180,cell3_lowonly,0,4,29519,37.079,471,0.591627,17233,200,0
centre,39795,ws10,180,cell3_lowonly,0,3,29616,37.2009,471,0.591627,17333,200,0
centre,39795,ws10,180,cell3_lowonly,2,3,29631,37.2197,471,0.591627,17245,200,0
centre,39795,ws10,180,cell3_lowonly,0,5,29458,37.0024,471,0.591627,17152,200,0
centre,39795,ws10,180,cell3_lowonly,2,1,29349,36.8655,471,0.591627,17177,200,0
centre,39795,ws10,180,cell3_lowonly,2,2,29344,36.8592,471,0.591627,17137,200,0
centre,39795,ws10,180,cell3_lowonly,2,4,29870,37.5199,471,0.591627,17458,200,0
centre,39795,ws10,180,cell5_hilly,0,3,29510,37.0677,471,0.591627,17182,200,0
centre,39795,ws10,180,cell3_lowonly,2,5,29812,37.4471,471,0.591627,17391,200,0
centre,39795,ws10,180,cell5_hilly,0,2,29327,36.8379,471,0.591627,17147,200,0
centre,39795,ws10,180,cell5_hilly,0,4,30076,37.7787,471,0.591627,17611,200,0
centre,39795,ws10,180,cell5_hilly,0,1,29198,36.6758,471,0.591627,17041,200,0
centre,39795,ws10,180,cell5_hilly,2,2,29187,36.662,471,0.591627,17090,200,0
centre,39795,ws10,180,cell5_hilly,2,1,29166,36.6356,471,0.591627,17025,200,0
centre,39795,ws10,180,cell5_hilly,2,3,29684,37.2863,471,0.591627,17316,200,0
centre,39795,ws10,270,none,0,1,37494,47.0965,0,0.0,22445,200,0
centre,39795,ws10,270,none,0,2,37248,46.7875,0,0.0,22310,200,0
centre,39795,ws10,180,cell5_hilly,0,5,29815,37.4509,471,0.591627,17468,200,0
centre,39795,ws10,270,none,0,3,37660,47.305,0,0.0,22579,200,0
centre,39795,ws10,270,none,0,4,38196,47.9783,0,0.0,22880,200,0
centre,39795,ws10,270,none,0,5,38103,47.8615,0,0.0,22854,200,0
centre,39795,ws10,270,random,0,1,37253,46.7938,471,0.591627,22265,200,0
centre,39795,ws10,270,random,0,2,35367,44.4248,471,0.591627,21133,200,0
centre,39795,ws10,270,random,0,3,33710,42.3434,471,0.591627,20336,200,0
centre,39795,ws10,270,random,0,4,38022,47.7597,471,0.591627,22692,200,0
centre,39795,ws10,270,random,0,5,36280,45.5716,471,0.591627,21797,200,0
centre,39795,ws10,270,random,2,1,37351,46.9169,471,0.591627,22334,200,0
centre,39795,ws10,270,random,2,2,35380,44.4411,471,0.591627,21198,200,0
centre,39795,ws10,270,random,2,3,36799,46.2235,471,0.591627,21921,200,0
centre,39795,ws10,270,random,2,4,38060,47.8075,471,0.591627,22769,200,0
centre,39795,ws10,270,random,2,5,36229,45.5075,471,0.591627,21759,200,0
centre,39795,ws10,270,proximity,0,1,30,0.0376832,471,0.591627,23,200,0
centre,39795,ws10,180,cell5_hilly,2,4,29880,37.5325,471,0.591627,17446,200,0
centre,39795,ws10,180,cell6_barriers,0,1,29160,36.6281,471,0.591627,16980,200,0
centre,39795,ws10,270,proximity,0,5,38,0.0477321,471,0.591627,30,200,0
centre,39795,ws10,180,cell5_hilly,2,5,29820,37.4571,471,0.591627,17443,200,0
centre,39795,ws10,180,cell6_barriers,2,4,29870,37.5199,471,0.591627,17458,200,0
centre,39795,ws10,180,cell6_barriers,0,5,29458,37.0024,471,0.591627,17152,200,0
centre,39795,ws10,180,cell6_barriers,0,3,29616,37.2009,471,0.591627,17333,200,0
centre,39795,ws10,180,cell6_barriers,0,2,29337,36.8504,471,0.591627,17211,200,0
centre,39795,ws10,270,proximity,0,4,17944,22.5396,471,0.591627,11354,200,0
centre,39795,ws10,180,cell6_barriers,2,3,29631,37.2197,471,0.591627,17245,200,0
centre,39795,ws10,270,proximity,0,2,17377,21.8274,471,0.591627,11581,200,0
centre,39795,ws10,180,cell6_barriers,0,4,29519,37.079,471,0.591627,17233,200,0
centre,39795,ws10,270,open_anchor,0,1,9332,11.722,471,0.591627,5773,200,0
centre,39795,ws10,180,cell6_barriers,2,1,29349,36.8655,471,0.591627,17177,200,0
centre,39795,ws10,270,open_anchor,0,3,3374,4.23811,471,0.591627,2193,200,0
centre,39795,ws10,270,open_anchor,0,5,2079,2.61145,471,0.591627,1340,200,0
centre,39795,ws10,180,cell6_barriers,2,2,29344,36.8592,471,0.591627,17137,200,0
centre,39795,ws10,270,open_anchor,0,2,9629,12.0951,471,0.591627,6283,200,0
centre,39795,ws10,270,cell1_baseline,0,1,27,0.0339149,471,0.591627,21,200,0
centre,39795,ws10,270,proximity,0,3,22650,28.4508,471,0.591627,14651,200,0
centre,39795,ws10,270,cell1_baseline,0,3,22,0.0276344,471,0.591627,19,200,0
centre,39795,ws10,270,proximity,2,3,21550,27.0691,471,0.591627,13717,200,0
centre,39795,ws10,270,open_anchor,0,4,11176,14.0383,471,0.591627,7314,200,0
centre,39795,ws10,180,cell6_barriers,2,5,29812,37.4471,471,0.591627,17391,200,0
centre,39795,ws10,270,proximity,2,2,22549,28.324,471,0.591627,14226,200,0
centre,39795,ws10,270,proximity,2,1,25018,31.4253,471,0.591627,15488,200,0
centre,39795,ws10,270,proximity,2,5,35352,44.4059,471,0.591627,21231,200,0
centre,39795,ws10,270,cell1_baseline,0,2,19359,24.317,471,0.591627,12259,200,0
centre,39795,ws10,270,cell1_baseline,2,3,16706,20.9845,471,0.591627,10517,200,0
centre,39795,ws10,270,proximity,2,4,30788,38.673,471,0.591627,18785,200,0
centre,39795,ws10,270,open_anchor,2,1,25659,32.2305,471,0.591627,15698,200,0
centre,39795,ws10,270,open_anchor,2,3,26304,33.0407,471,0.591627,16341,200,0
centre,39795,ws10,270,cell1_baseline,0,4,25494,32.0232,471,0.591627,15729,200,0
centre,39795,ws10,270,open_anchor,2,5,25987,32.6425,471,0.591627,16133,200,0
centre,39795,ws10,270,cell1_baseline,0,5,26147,32.8435,471,0.591627,16521,200,0
centre,39795,ws10,270,cell1_baseline,2,2,25969,32.6199,471,0.591627,15989,200,0
centre,39795,ws10,270,open_anchor,2,2,31827,39.9781,471,0.591627,19445,200,0
centre,39795,ws10,270,cell1_baseline,2,1,29493,37.0464,471,0.591627,17915,200,0
centre,39795,ws10,270,open_anchor,2,4,32309,40.5836,471,0.591627,19758,200,0
centre,39795,ws10,270,cell1_baseline,2,4,33357,41.9,471,0.591627,20192,200,0
centre,39795,ws10,270,cell2_ground,0,3,26045,32.7153,471,0.591627,16146,200,0
centre,39795,ws10,270,cell1_baseline,2,5,30542,38.364,471,0.591627,18509,200,0
centre,39795,ws10,270,cell2_ground,2,3,23132,29.0563,471,0.591627,14313,200,0
centre,39795,ws10,270,cell2_ground,2,2,26821,33.6901,471,0.591627,16604,200,0
centre,39795,ws10,270,cell2_ground,0,1,35568,44.6772,471,0.591627,21790,200,0
centre,39795,ws10,270,cell2_ground,0,5,30335,38.104,471,0.591627,18893,200,0
centre,39795,ws10,270,cell2_ground,2,1,35943,45.1483,471,0.591627,21490,200,0
centre,39795,ws10,270,cell2_ground,0,4,33652,42.2705,471,0.591627,20595,200,0
centre,39795,ws10,270,cell2_ground,0,2,34955,43.9072,471,0.591627,21202,200,0
centre,39795,ws10,270,cell4_highonly,0,1,32,0.0401955,471,0.591627,24,200,0
centre,39795,ws10,270,cell4_highonly,0,2,24,0.0301466,471,0.591627,18,200,0
centre,39795,ws10,270,cell4_highonly,0,3,31,0.0389393,471,0.591627,24,200,0
centre,39795,ws10,270,cell4_highonly,0,4,36,0.0452199,471,0.591627,27,200,0
centre,39795,ws10,270,cell4_highonly,0,5,49,0.0615493,471,0.591627,39,200,0
centre,39795,ws10,270,cell4_highonly,2,1,82,0.103001,471,0.591627,37,200,0
centre,39795,ws10,270,cell4_highonly,2,2,73,0.0916959,471,0.591627,31,200,0
centre,39795,ws10,270,cell4_highonly,2,3,76,0.0954642,471,0.591627,32,200,0
centre,39795,ws10,270,cell4_highonly,2,4,143,0.179623,471,0.591627,70,200,0
centre,39795,ws10,270,cell4_highonly,2,5,226,0.28388,471,0.591627,116,200,0
centre,39795,ws10,270,cell2_ground,2,4,35691,44.8317,471,0.591627,21497,200,0
centre,39795,ws10,270,cell3_lowonly,0,1,37149,46.6632,471,0.591627,22230,200,0
centre,39795,ws10,270,cell3_lowonly,0,2,36883,46.329,471,0.591627,21993,200,0
centre,39795,ws10,270,cell2_ground,2,5,36800,46.2248,471,0.591627,21962,200,0
centre,39795,ws10,270,cell3_lowonly,0,4,37664,47.31,471,0.591627,22461,200,0
centre,39795,ws10,270,cell3_lowonly,2,1,37233,46.7687,471,0.591627,22203,200,0
centre,39795,ws10,270,cell3_lowonly,0,5,37756,47.4256,471,0.591627,22460,200,0
centre,39795,ws10,270,cell3_lowonly,0,3,37371,46.942,471,0.591627,22263,200,0
centre,39795,ws10,270,cell3_lowonly,2,2,37027,46.5099,471,0.591627,22120,200,0
centre,39795,ws10,270,cell3_lowonly,2,3,37360,46.9282,471,0.591627,22305,200,0
centre,39795,ws10,270,cell3_lowonly,2,4,37958,47.6793,471,0.591627,22598,200,0
centre,39795,ws10,270,cell3_lowonly,2,5,37777,47.452,471,0.591627,22513,200,0
centre,39795,ws10,270,cell5_hilly,0,1,37211,46.741,471,0.591627,22261,200,0
centre,39795,ws10,270,cell5_hilly,2,2,36958,46.4232,471,0.591627,22047,200,0
centre,39795,ws10,270,cell5_hilly,0,2,36957,46.422,471,0.591627,22071,200,0
centre,39795,ws10,270,cell5_hilly,0,4,37909,47.6178,471,0.591627,22696,200,0
centre,39795,ws10,270,cell5_hilly,0,3,37360,46.9282,471,0.591627,22306,200,0
centre,39795,ws10,270,cell5_hilly,2,1,37200,46.7272,471,0.591627,22203,200,0
centre,39795,ws10,270,cell5_hilly,0,5,37824,47.511,471,0.591627,22631,200,0
centre,39795,ws25,0,none,0,1,21460,26.9561,0,0.0,10804,200,0
centre,39795,ws25,0,none,0,2,21309,26.7664,0,0.0,10639,200,0
centre,39795,ws25,0,none,0,3,21017,26.3996,0,0.0,10482,200,0
centre,39795,ws25,0,none,0,4,20974,26.3456,0,0.0,10406,200,0
centre,39795,ws25,0,none,0,5,21771,27.3467,0,0.0,10927,200,0
centre,39795,ws25,0,random,0,1,21286,26.7375,471,0.591627,10631,200,0
centre,39795,ws25,0,random,0,2,19999,25.1209,471,0.591627,9742,200,0
centre,39795,ws25,0,random,0,3,20217,25.3947,471,0.591627,9904,200,0
centre,39795,ws25,0,random,0,4,20845,26.1836,471,0.591627,10247,200,0
centre,39795,ws25,0,random,0,5,20493,25.7414,471,0.591627,10042,200,0
centre,39795,ws10,270,cell5_hilly,2,3,37363,46.932,471,0.591627,22334,200,0
centre,39795,ws25,0,random,2,2,20030,25.1598,471,0.591627,9764,200,0
centre,39795,ws25,0,random,2,1,21281,26.7312,471,0.591627,10625,200,0
centre,39795,ws25,0,random,2,3,20274,25.4663,471,0.591627,9985,200,0
centre,39795,ws25,0,random,2,4,20845,26.1836,471,0.591627,10294,200,0
centre,39795,ws25,0,random,2,5,20497,25.7464,471,0.591627,10052,200,0
centre,39795,ws10,270,cell5_hilly,2,4,37911,47.6203,471,0.591627,22617,200,0
centre,39795,ws25,0,proximity,0,2,263,0.330356,471,0.591627,201,200,0
centre,39795,ws10,270,cell5_hilly,2,5,37845,47.5374,471,0.591627,22652,200,0
centre,39795,ws10,270,cell6_barriers,0,1,37149,46.6632,471,0.591627,22230,200,0
centre,39795,ws25,0,proximity,0,4,7533,9.46226,471,0.591627,4343,200,0
centre,39795,ws25,0,proximity,0,3,6852,8.60685,471,0.591627,4295,200,0
centre,39795,ws25,0,proximity,0,1,9899,12.4342,471,0.591627,5890,200,0
centre,39795,ws25,0,proximity,2,1,9723,12.2131,471,0.591627,5191,200,0
centre,39795,ws25,0,proximity,0,5,11456,14.39,471,0.591627,6539,200,0
centre,39795,ws25,0,proximity,2,2,4928,6.1901,471,0.591627,2826,200,0
centre,39795,ws25,0,proximity,2,5,125,0.157013,471,0.591627,55,200,0
centre,39795,ws10,270,cell6_barriers,0,3,37371,46.942,471,0.591627,22263,200,0
centre,39795,ws25,0,open_anchor,0,3,40,0.0502443,471,0.591627,31,200,0
centre,39795,ws25,0,open_anchor,0,2,83,0.104257,471,0.591627,57,200,0
centre,39795,ws25,0,open_anchor,0,1,135,0.169575,471,0.591627,104,200,0
centre,39795,ws25,0,open_anchor,0,5,52,0.0653176,471,0.591627,36,200,0
centre,39795,ws25,0,open_anchor,0,4,30,0.0376832,471,0.591627,25,200,0
centre,39795,ws25,0,open_anchor,2,3,196,0.246197,471,0.591627,63,200,0
centre,39795,ws25,0,proximity,2,3,6024,7.56679,471,0.591627,3408,200,0
centre,39795,ws10,270,cell6_barriers,0,2,36963,46.4295,471,0.591627,22007,200,0
centre,39795,ws25,0,cell1_baseline,0,1,67,0.0841592,471,0.591627,54,200,0
centre,39795,ws10,270,cell6_barriers,0,5,37756,47.4256,471,0.591627,22460,200,0
centre,39795,ws25,0,open_anchor,2,5,7974,10.0162,471,0.591627,3681,200,0
centre,39795,ws25,0,cell1_baseline,0,4,44,0.0552687,471,0.591627,37,200,0
centre,39795,ws10,270,cell6_barriers,0,4,37664,47.31,471,0.591627,22461,200,0
centre,39795,ws25,0,cell1_baseline,0,5,44,0.0552687,471,0.591627,34,200,0
centre,39795,ws25,0,cell1_baseline,2,3,179,0.224843,471,0.591627,75,200,0
centre,39795,ws25,0,proximity,2,4,11040,13.8674,471,0.591627,5985,200,0
centre,39795,ws10,270,cell6_barriers,2,2,37027,46.5099,471,0.591627,22120,200,0
centre,39795,ws10,270,cell6_barriers,2,1,37233,46.7687,471,0.591627,22203,200,0
centre,39795,ws25,0,open_anchor,2,1,11780,14.7969,471,0.591627,6384,200,0
centre,39795,ws25,0,open_anchor,2,4,13413,16.8482,471,0.591627,7184,200,0
centre,39795,ws25,0,open_anchor,2,2,13526,16.9901,471,0.591627,6900,200,0
centre,39795,ws25,0,cell2_ground,0,3,45,0.0565249,471,0.591627,34,200,0
centre,39795,ws25,0,cell1_baseline,0,2,9293,11.673,471,0.591627,5268,200,0
centre,39795,ws25,0,cell2_ground,0,4,37,0.046476,471,0.591627,30,200,0
centre,39795,ws25,0,cell1_baseline,2,2,6039,7.58564,471,0.591627,3142,200,0
centre,39795,ws25,0,cell1_baseline,2,1,7635,9.59038,471,0.591627,4029,200,0
centre,39795,ws10,270,cell6_barriers,2,3,37360,46.9282,471,0.591627,22305,200,0
centre,39795,ws10,270,cell6_barriers,2,5,37777,47.452,471,0.591627,22513,200,0
centre,39795,ws25,0,cell1_baseline,2,5,9878,12.4078,471,0.591627,5155,200,0
centre,39795,ws25,0,cell2_ground,2,3,6379,8.01271,471,0.591627,3201,200,0
centre,39795,ws25,0,cell1_baseline,0,3,14307,17.9711,471,0.591627,7983,200,0
centre,39795,ws10,270,cell6_barriers,2,4,37958,47.6793,471,0.591627,22598,200,0
centre,39795,ws25,0,cell2_ground,0,1,10898,13.6891,471,0.591627,6057,200,0
centre,39795,ws25,0,cell2_ground,0,2,11407,14.3284,471,0.591627,6258,200,0
centre,39795,ws25,0,cell1_baseline,2,4,14283,17.941,471,0.591627,7408,200,0
centre,39795,ws25,0,cell2_ground,2,4,9847,12.3689,471,0.591627,4887,200,0
centre,39795,ws25,0,cell2_ground,2,5,10277,12.909,471,0.591627,5484,200,0
centre,39795,ws25,0,cell2_ground,2,1,14057,17.6571,471,0.591627,7224,200,0
centre,39795,ws25,0,cell2_ground,2,2,14748,18.5251,471,0.591627,7473,200,0
centre,39795,ws25,0,cell4_highonly,0,2,39,0.0489882,471,0.591627,31,200,0
centre,39795,ws25,0,cell4_highonly,0,4,29,0.0364271,471,0.591627,24,200,0
centre,39795,ws25,0,cell4_highonly,0,5,44,0.0552687,471,0.591627,32,200,0
centre,39795,ws25,0,cell2_ground,0,5,19684,24.7252,471,0.591627,10483,200,0
centre,39795,ws25,0,cell4_highonly,2,1,122,0.153245,471,0.591627,55,200,0
centre,39795,ws25,0,cell4_highonly,2,2,184,0.231124,471,0.591627,70,200,0
centre,39795,ws25,0,cell4_highonly,2,3,144,0.18088,471,0.591627,53,200,0
centre,39795,ws25,0,cell4_highonly,2,4,104,0.130635,471,0.591627,42,200,0
centre,39795,ws25,0,cell4_highonly,2,5,119,0.149477,471,0.591627,48,200,0
centre,39795,ws25,0,cell3_lowonly,0,4,20769,26.0881,471,0.591627,10247,200,0
centre,39795,ws25,0,cell3_lowonly,0,1,21323,26.784,471,0.591627,10699,200,0
centre,39795,ws25,0,cell3_lowonly,0,2,21199,26.6282,471,0.591627,10617,200,0
centre,39795,ws25,0,cell3_lowonly,0,3,20858,26.1999,471,0.591627,10386,200,0
centre,39795,ws25,0,cell3_lowonly,2,4,20845,26.1836,471,0.591627,10306,200,0
centre,39795,ws25,0,cell3_lowonly,0,5,21445,26.9372,471,0.591627,10687,200,0
centre,39795,ws25,0,cell4_highonly,0,1,20465,25.7062,471,0.591627,10308,200,0
centre,39795,ws25,0,cell3_lowonly,2,2,21172,26.5943,471,0.591627,10493,200,0
centre,39795,ws25,0,cell3_lowonly,2,3,20888,26.2376,471,0.591627,10387,200,0
centre,39795,ws25,0,cell3_lowonly,2,1,21356,26.8254,471,0.591627,10675,200,0
centre,39795,ws25,0,cell4_highonly,0,3,20183,25.352,471,0.591627,9901,200,0
centre,39795,ws25,0,cell3_lowonly,2,5,21618,27.1545,471,0.591627,10825,200,0
centre,39795,ws25,0,cell5_hilly,0,2,21163,26.583,471,0.591627,10580,200,0
centre,39795,ws25,0,cell5_hilly,0,1,21319,26.779,471,0.591627,10664,200,0
centre,39795,ws25,0,cell5_hilly,2,3,20880,26.2275,471,0.591627,10362,200,0
centre,39795,ws25,0,cell5_hilly,0,4,20741,26.0529,471,0.591627,10247,200,0
centre,39795,ws25,0,cell5_hilly,0,3,20878,26.225,471,0.591627,10399,200,0
centre,39795,ws25,0,cell5_hilly,2,1,21269,26.7162,471,0.591627,10618,200,0
centre,39795,ws25,0,cell5_hilly,2,2,21165,26.5855,471,0.591627,10550,200,0
centre,39795,ws25,90,none,0,1,22362,28.0891,0,0.0,11105,200,0
centre,39795,ws25,90,none,0,2,22265,27.9672,0,0.0,11163,200,0
centre,39795,ws25,90,none,0,3,22198,27.8831,0,0.0,11065,200,0
centre,39795,ws25,90,none,0,4,22622,28.4157,0,0.0,11318,200,0
centre,39795,ws25,90,none,0,5,22584,28.3679,0,0.0,11241,200,0
centre,39795,ws25,90,random,0,1,22160,27.8353,471,0.591627,10942,200,0
centre,39795,ws25,0,cell5_hilly,2,4,20756,26.0718,471,0.591627,10257,200,0
centre,39795,ws25,90,random,0,3,21130,26.5416,471,0.591627,10411,200,0
centre,39795,ws25,90,random,0,2,22170,27.8479,471,0.591627,11061,200,0
centre,39795,ws25,90,random,0,4,22432,28.177,471,0.591627,11209,200,0
centre,39795,ws25,90,random,0,5,22501,28.2637,471,0.591627,11182,200,0
centre,39795,ws25,90,random,2,1,22162,27.8379,471,0.591627,10970,200,0
centre,39795,ws25,0,cell5_hilly,0,5,21565,27.088,471,0.591627,10753,200,0
centre,39795,ws25,90,random,2,2,22136,27.8052,471,0.591627,11054,200,0
centre,39795,ws25,90,random,2,3,21224,26.6596,471,0.591627,10410,200,0
centre,39795,ws25,90,random,2,4,22402,28.1393,471,0.591627,11187,200,0
centre,39795,ws25,90,random,2,5,22486,28.2448,471,0.591627,11186,200,0
centre,39795,ws25,0,cell6_barriers,0,4,20769,26.0881,471,0.591627,10247,200,0
centre,39795,ws25,0,cell6_barriers,0,3,20858,26.1999,471,0.591627,10386,200,0
centre,39795,ws25,0,cell5_hilly,2,5,21612,27.147,471,0.591627,10777,200,0
centre,39795,ws25,90,proximity,0,4,57,0.0715981,471,0.591627,40,200,0
centre,39795,ws25,90,proximity,0,2,945,1.18702,471,0.591627,640,200,0
centre,39795,ws25,90,proximity,0,1,935,1.17446,471,0.591627,644,200,0
centre,39795,ws25,0,cell6_barriers,0,2,21199,26.6282,471,0.591627,10617,200,0
centre,39795,ws25,0,cell6_barriers,0,1,21323,26.784,471,0.591627,10699,200,0
centre,39795,ws25,90,proximity,2,4,98,0.123099,471,0.591627,41,200,0
centre,39795,ws25,90,proximity,0,3,1212,1.5224,471,0.591627,835,200,0
centre,39795,ws25,90,open_anchor,0,2,679,0.852897,471,0.591627,444,200,0
centre,39795,ws25,90,proximity,2,1,1395,1.75227,471,0.591627,779,200,0
centre,39795,ws25,90,proximity,2,2,2895,3.63643,471,0.591627,1605,200,0
centre,39795,ws25,90,open_anchor,0,1,1199,1.50607,471,0.591627,791,200,0
centre,39795,ws25,90,proximity,0,5,8568,10.7623,471,0.591627,5110,200,0
centre,39795,ws25,90,proximity,2,3,7082,8.89576,471,0.591627,4011,200,0
centre,39795,ws25,0,cell6_barriers,2,2,21172,26.5943,471,0.591627,10493,200,0
centre,39795,ws25,0,cell6_barriers,0,5,21541,27.0578,471,0.591627,10753,200,0
centre,39795,ws25,0,cell6_barriers,2,1,21356,26.8254,471,0.591627,10675,200,0
centre,39795,ws25,90,open_anchor,0,3,5874,7.37838,471,0.591627,3685,200,0
centre,39795,ws25,90,open_anchor,0,4,6275,7.88208,471,0.591627,3667,200,0
centre,39795,ws25,90,proximity,2,5,9204,11.5612,471,0.591627,5186,200,0
centre,39795,ws25,0,cell6_barriers,2,3,20888,26.2376,471,0.591627,10387,200,0
centre,39795,ws25,90,cell1_baseline,0,1,1097,1.37795,471,0.591627,707,200,0
centre,39795,ws25,90,cell1_baseline,0,2,1060,1.33147,471,0.591627,737,200,0
centre,39795,ws25,90,open_anchor,2,1,13019,16.3533,471,0.591627,7345,200,0
centre,39795,ws25,90,open_anchor,0,5,12134,15.2416,471,0.591627,7157,200,0
centre,39795,ws25,90,cell1_baseline,2,4,1312,1.64801,471,0.591627,683,200,0
centre,39795,ws25,0,cell6_barriers,2,4,20845,26.1836,471,0.591627,10306,200,0
centre,39795,ws25,90,open_anchor,2,4,13994,17.578,471,0.591627,7548,200,0
centre,39795,ws25,90,cell1_baseline,0,5,5089,6.39233,471,0.591627,3283,200,0
centre,39795,ws25,90,open_anchor,2,2,11973,15.0394,471,0.591627,6808,200,0
centre,39795,ws25,90,cell1_baseline,0,3,8824,11.0839,471,0.591627,5202,200,0
centre,39795,ws25,90,cell1_baseline,2,1,7173,9.01006,471,0.591627,3940,200,0
centre,39795,ws25,0,cell6_barriers,2,5,21618,27.1545,471,0.591627,10825,200,0
centre,39795,ws25,90,open_anchor,2,3,15706,19.7284,471,0.591627,8421,200,0
centre,39795,ws25,90,open_anchor,2,5,13655,17.1522,471,0.591627,7826,200,0
centre,39795,ws25,90,cell2_ground,0,3,1954,2.45443,471,0.591627,1221,200,0
centre,39795,ws25,90,cell1_baseline,2,3,7134,8.96107,471,0.591627,3974,200,0
centre,39795,ws25,90,cell2_ground,0,1,1844,2.31626,471,0.591627,1023,200,0
centre,39795,ws25,90,cell1_baseline,0,4,14751,18.5288,471,0.591627,8257,200,0
centre,39795,ws25,90,cell2_ground,0,2,5935,7.455,471,0.591627,3528,200,0
centre,39795,ws25,90,cell1_baseline,2,2,12672,15.9174,471,0.591627,7521,200,0
centre,39795,ws25,90,cell1_baseline,2,5,10966,13.7745,471,0.591627,6287,200,0
centre,39795,ws25,90,cell2_ground,2,1,10428,13.0987,471,0.591627,4838,200,0
centre,39795,ws25,90,cell2_ground,2,2,11532,14.4854,471,0.591627,6419,200,0
centre,39795,ws25,90,cell2_ground,0,5,13721,17.2351,471,0.591627,7310,200,0
centre,39795,ws25,90,cell2_ground,0,4,13210,16.5932,471,0.591627,7141,200,0
centre,39795,ws25,90,cell2_ground,2,3,10428,13.0987,471,0.591627,5714,200,0
centre,39795,ws25,90,cell4_highonly,0,1,52,0.0653176,471,0.591627,38,200,0
centre,39795,ws25,90,cell4_highonly,0,2,41,0.0515004,471,0.591627,32,200,0
centre,39795,ws25,90,cell4_highonly,0,3,36,0.0452199,471,0.591627,27,200,0
centre,39795,ws25,90,cell2_ground,2,5,12803,16.0819,471,0.591627,6802,200,0
centre,39795,ws25,90,cell4_highonly,0,4,33,0.0414516,471,0.591627,26,200,0
centre,39795,ws25,90,cell2_ground,2,4,14452,18.1533,471,0.591627,7357,200,0
centre,39795,ws25,90,cell4_highonly,0,5,31,0.0389393,471,0.591627,26,200,0
centre,39795,ws25,90,cell4_highonly,2,3,101,0.126867,471,0.591627,46,200,0
centre,39795,ws25,90,cell4_highonly,2,4,148,0.185904,471,0.591627,53,200,0
centre,39795,ws25,90,cell4_highonly,2,2,4492,5.64244,471,0.591627,1425,200,0
centre,39795,ws25,90,cell4_highonly,2,5,4210,5.28821,471,0.591627,1331,200,0
centre,39795,ws25,90,cell4_highonly,2,1,6012,7.55172,471,0.591627,2041,200,0
centre,39795,ws25,90,cell3_lowonly,0,4,22325,28.0426,471,0.591627,11138,200,0
centre,39795,ws25,90,cell3_lowonly,0,1,22148,27.8203,471,0.591627,11101,200,0
centre,39795,ws25,90,cell3_lowonly,0,2,22082,27.7374,471,0.591627,10935,200,0
centre,39795,ws25,90,cell3_lowonly,0,3,21977,27.6055,471,0.591627,10961,200,0
centre,39795,ws25,90,cell3_lowonly,0,5,22354,28.079,471,0.591627,11086,200,0
centre,39795,ws25,90,cell3_lowonly,2,2,22170,27.8479,471,0.591627,11035,200,0
centre,39795,ws25,90,cell3_lowonly,2,4,22448,28.1971,471,0.591627,11225,200,0
centre,39795,ws25,90,cell3_lowonly,2,1,22192,27.8755,471,0.591627,11030,200,0
centre,39795,ws25,90,cell3_lowonly,2,3,22032,27.6746,471,0.591627,10922,200,0
centre,39795,ws25,90,cell3_lowonly,2,5,22413,28.1531,471,0.591627,11125,200,0
centre,39795,ws25,90,cell5_hilly,0,1,22227,27.9195,471,0.591627,11028,200,0
centre,39795,ws25,90,cell5_hilly,0,3,22099,27.7587,471,0.591627,10935,200,0
centre,39795,ws25,90,cell5_hilly,0,2,22125,27.7914,471,0.591627,11046,200,0
centre,39795,ws25,90,cell5_hilly,0,4,22399,28.1356,471,0.591627,11159,200,0
centre,39795,ws25,90,cell6_barriers,0,2,22082,27.7374,471,0.591627,10935,200,0
centre,39795,ws25,90,cell5_hilly,2,4,22443,28.1908,471,0.591627,11199,200,0
centre,39795,ws25,90,cell5_hilly,0,5,22481,28.2386,471,0.591627,11169,200,0
centre,39795,ws25,90,cell5_hilly,2,2,22155,27.8291,471,0.591627,11051,200,0
centre,39795,ws25,180,none,0,1,20477,25.7213,0,0.0,10795,200,0
centre,39795,ws25,180,none,0,2,20568,25.8356,0,0.0,10852,200,0
centre,39795,ws25,90,cell6_barriers,0,4,22325,28.0426,471,0.591627,11138,200,0
centre,39795,ws25,90,cell5_hilly,2,1,22270,27.9735,471,0.591627,11080,200,0
centre,39795,ws25,180,none,0,3,20876,26.2225,0,0.0,11127,200,0
centre,39795,ws25,90,cell6_barriers,0,3,21977,27.6055,471,0.591627,10961,200,0
centre,39795,ws25,180,none,0,4,21104,26.5089,0,0.0,11192,200,0
centre,39795,ws25,180,none,0,5,20599,25.8746,0,0.0,10781,200,0
centre,39795,ws25,90,cell5_hilly,2,5,22463,28.216,471,0.591627,11179,200,0
centre,39795,ws25,90,cell5_hilly,2,3,22081,27.7361,471,0.591627,10937,200,0
centre,39795,ws25,180,random,0,2,20463,25.7037,471,0.591627,10813,200,0
centre,39795,ws25,180,random,0,1,20408,25.6346,471,0.591627,10754,200,0
centre,39795,ws25,180,random,0,3,20329,25.5354,471,0.591627,10702,200,0
centre,39795,ws25,180,random,0,5,20486,25.7326,471,0.591627,10702,200,0
centre,39795,ws25,180,random,0,4,21052,26.4436,471,0.591627,11144,200,0
centre,39795,ws25,180,random,2,1,20413,25.6409,471,0.591627,10757,200,0
centre,39795,ws25,90,cell6_barriers,0,1,22148,27.8203,471,0.591627,11101,200,0
centre,39795,ws25,180,random,2,2,20463,25.7037,471,0.591627,10833,200,0
centre,39795,ws25,180,random,2,3,20658,25.9487,471,0.591627,10944,200,0
centre,39795,ws25,180,random,2,4,21054,26.4461,471,0.591627,11160,200,0
centre,39795,ws25,180,random,2,5,20487,25.7339,471,0.591627,10697,200,0
centre,39795,ws25,180,proximity,0,5,154,0.193441,471,0.591627,97,200,0
centre,39795,ws25,180,proximity,2,1,330,0.414516,471,0.591627,154,200,0
centre,39795,ws25,90,cell6_barriers,0,5,22354,28.079,471,0.591627,11086,200,0
centre,39795,ws25,180,proximity,0,4,5909,7.42234,471,0.591627,3917,200,0
centre,39795,ws25,90,cell6_barriers,2,1,22192,27.8755,471,0.591627,11030,200,0
centre,39795,ws25,180,open_anchor,0,2,107,0.134404,471,0.591627,75,200,0
centre,39795,ws25,180,open_anchor,0,4,208,0.26127,471,0.591627,131,200,0
centre,39795,ws25,180,proximity,0,2,14141,17.7626,471,0.591627,7875,200,0
centre,39795,ws25,90,cell6_barriers,2,4,22448,28.1971,471,0.591627,11225,200,0
centre,39795,ws25,180,open_anchor,0,1,10774,13.5333,471,0.591627,6450,200,0
centre,39795,ws25,90,cell6_barriers,2,2,22170,27.8479,471,0.591627,11035,200,0
centre,39795,ws25,180,proximity,0,3,13186,16.563,471,0.591627,7763,200,0
centre,39795,ws25,90,cell6_barriers,2,3,22032,27.6746,471,0.591627,10922,200,0
centre,39795,ws25,180,proximity,2,4,12657,15.8986,471,0.591627,7006,200,0
centre,39795,ws25,90,cell6_barriers,2,5,22413,28.1531,471,0.591627,11125,200,0
centre,39795,ws25,180,proximity,2,5,11323,14.2229,471,0.591627,6359,200,0
centre,39795,ws25,180,proximity,2,2,12896,16.1988,471,0.591627,7318,200,0
centre,39795,ws25,180,proximity,0,1,10739,13.4893,471,0.591627,6851,200,0
centre,39795,ws25,180,cell1_baseline,0,3,42,0.0527565,471,0.591627,32,200,0
centre,39795,ws25,180,proximity,2,3,14228,17.8719,471,0.591627,8235,200,0
centre,39795,ws25,180,cell1_baseline,0,2,4050,5.08724,471,0.591627,2406,200,0
centre,39795,ws25,180,open_anchor,0,3,9644,12.1139,471,0.591627,6065,200,0
centre,39795,ws25,180,open_anchor,0,5,9701,12.1855,471,0.591627,6012,200,0
centre,39795,ws25,180,open_anchor,2,1,12099,15.1976,471,0.591627,6339,200,0
centre,39795,ws25,180,open_anchor,2,3,13152,16.5203,471,0.591627,7408,200,0
centre,39795,ws25,180,cell1_baseline,2,1,6515,8.18354,471,0.591627,3820,200,0
centre,39795,ws25,180,cell1_baseline,0,5,10239,12.8613,471,0.591627,5986,200,0
centre,39795,ws25,180,open_anchor,2,2,13852,17.3996,471,0.591627,7472,200,0
centre,39795,ws25,180,cell1_baseline,2,2,10865,13.6476,471,0.591627,5886,200,0
centre,39795,ws25,180,open_anchor,2,4,13003,16.3332,471,0.591627,7167,200,0
centre,39795,ws25,180,open_anchor,2,5,12954,16.2716,471,0.591627,7516,200,0
centre,39795,ws25,180,cell1_baseline,0,4,11191,14.0571,471,0.591627,6630,200,0
centre,39795,ws25,180,cell1_baseline,0,1,12342,15.5029,471,0.591627,7434,200,0
centre,39795,ws25,180,cell1_baseline,2,3,9901,12.4367,471,0.591627,5924,200,0
centre,39795,ws25,180,cell1_baseline,2,5,11169,14.0295,471,0.591627,6619,200,0
centre,39795,ws25,180,cell1_baseline,2,4,11614,14.5884,471,0.591627,6871,200,0
centre,39795,ws25,180,cell2_ground,0,5,12284,15.43,471,0.591627,6840,200,0
centre,39795,ws25,180,cell2_ground,2,1,16107,20.2321,471,0.591627,8913,200,0
centre,39795,ws25,180,cell2_ground,0,3,16801,21.1039,471,0.591627,9474,200,0
centre,39795,ws25,180,cell2_ground,0,2,16381,20.5763,471,0.591627,9436,200,0
centre,39795,ws25,180,cell2_ground,0,4,15496,19.4646,471,0.591627,8876,200,0
centre,39795,ws25,180,cell2_ground,2,2,13322,16.7339,471,0.591627,7362,200,0
centre,39795,ws25,180,cell2_ground,0,1,17175,21.5737,471,0.591627,9731,200,0
centre,39795,ws25,180,cell4_highonly,0,1,30,0.0376832,471,0.591627,23,200,0
centre,39795,ws25,180,cell2_ground,2,5,16659,20.9255,471,0.591627,9106,200,0
centre,39795,ws25,180,cell2_ground,2,4,14209,17.848,471,0.591627,7928,200,0
centre,39795,ws25,180,cell4_highonly,0,2,30,0.0376832,471,0.591627,23,200,0
centre,39795,ws25,180,cell2_ground,2,3,14360,18.0377,471,0.591627,8183,200,0
centre,39795,ws25,180,cell4_highonly,0,3,38,0.0477321,471,0.591627,29,200,0
centre,39795,ws25,180,cell4_highonly,0,4,51,0.0640615,471,0.591627,37,200,0
centre,39795,ws25,180,cell4_highonly,2,1,224,0.281368,471,0.591627,82,200,0
centre,39795,ws25,180,cell4_highonly,2,2,105,0.131891,471,0.591627,46,200,0
centre,39795,ws25,180,cell4_highonly,2,3,166,0.208514,471,0.591627,60,200,0
centre,39795,ws25,180,cell3_lowonly,0,1,20362,25.5769,471,0.591627,10739,200,0
centre,39795,ws25,180,cell3_lowonly,0,2,20457,25.6962,471,0.591627,10753,200,0
centre,39795,ws25,180,cell3_lowonly,0,3,20754,26.0693,471,0.591627,10974,200,0
centre,39795,ws25,180,cell3_lowonly,0,4,20829,26.1635,471,0.591627,10977,200,0
centre,39795,ws25,180,cell3_lowonly,0,5,20219,25.3972,471,0.591627,10519,200,0
centre,39795,ws25,180,cell3_lowonly,2,5,20511,25.764,471,0.591627,10755,200,0
centre,39795,ws25,180,cell3_lowonly,2,1,20376,25.5945,471,0.591627,10753,200,0
centre,39795,ws25,180,cell3_lowonly,2,4,20967,26.3368,471,0.591627,11032,200,0
centre,39795,ws25,180,cell3_lowonly,2,2,20487,25.7339,471,0.591627,10780,200,0
centre,39795,ws25,180,cell5_hilly,0,1,20445,25.6811,471,0.591627,10769,200,0
centre,39795,ws25,180,cell3_lowonly,2,3,20786,26.1095,471,0.591627,10974,200,0
centre,39795,ws25,180,cell4_highonly,0,5,20068,25.2076,471,0.591627,10424,200,0
centre,39795,ws25,180,cell4_highonly,2,5,20085,25.2289,471,0.591627,10172,200,0
centre,39795,ws25,180,cell4_highonly,2,4,20477,25.7213,471,0.591627,10526,200,0
centre,39795,ws25,180,cell5_hilly,0,2,20535,25.7942,471,0.591627,10856,200,0
centre,39795,ws25,180,cell5_hilly,0,5,20567,25.8344,471,0.591627,10819,200,0
centre,39795,ws25,180,cell5_hilly,2,2,20540,25.8005,471,0.591627,10852,200,0
centre,39795,ws25,180,cell5_hilly,0,3,20838,26.1748,471,0.591627,11082,200,0
centre,39795,ws25,180,cell5_hilly,2,1,20447,25.6836,471,0.591627,10773,200,0
centre,39795,ws25,180,cell5_hilly,0,4,21060,26.4536,471,0.591627,11201,200,0
centre,39795,ws25,270,none,0,1,33441,42.0055,0,0.0,18661,200,0
centre,39795,ws25,270,none,0,2,33228,41.7379,0,0.0,18510,200,0
centre,39795,ws25,270,none,0,3,33041,41.5031,0,0.0,18391,200,0
centre,39795,ws25,270,none,0,4,33297,41.8246,0,0.0,18539,200,0
centre,39795,ws25,270,none,0,5,33832,42.4966,0,0.0,18892,200,0
centre,39795,ws25,270,random,0,1,33297,41.8246,471,0.591627,18547,200,0
centre,39795,ws25,270,random,0,2,31789,39.9304,471,0.591627,17780,200,0
centre,39795,ws25,270,random,0,3,28732,36.0905,471,0.591627,16139,200,0
centre,39795,ws25,270,random,0,4,33143,41.6312,471,0.591627,18408,200,0
centre,39795,ws25,270,random,0,5,32401,40.6991,471,0.591627,18082,200,0
centre,39795,ws25,270,random,2,1,33264,41.7832,471,0.591627,18510,200,0
centre,39795,ws25,270,random,2,2,31764,39.899,471,0.591627,17708,200,0
centre,39795,ws25,270,random,2,3,32283,40.5509,471,0.591627,17854,200,0
centre,39795,ws25,270,random,2,4,33155,41.6463,471,0.591627,18445,200,0
centre,39795,ws25,180,cell6_barriers,0,1,20362,25.5769,471,0.591627,10739,200,0
centre,39795,ws25,180,cell6_barriers,0,4,20829,26.1635,471,0.591627,10977,200,0
centre,39795,ws25,270,random,2,5,32353,40.6389,471,0.591627,18042,200,0
centre,39795,ws25,180,cell5_hilly,2,3,20843,26.1811,471,0.591627,11063,200,0
centre,39795,ws25,180,cell6_barriers,0,2,20457,25.6962,471,0.591627,10753,200,0
centre,39795,ws25,180,cell5_hilly,2,5,20567,25.8344,471,0.591627,10802,200,0
centre,39795,ws25,180,cell5_hilly,2,4,21067,26.4624,471,0.591627,11176,200,0
centre,39795,ws25,180,cell6_barriers,2,1,20376,25.5945,471,0.591627,10753,200,0
centre,39795,ws25,270,proximity,0,5,1001,1.25736,471,0.591627,607,200,0
centre,39795,ws25,180,cell6_barriers,0,3,20754,26.0693,471,0.591627,10974,200,0
centre,39795,ws25,180,cell6_barriers,2,3,20786,26.1095,471,0.591627,10974,200,0
centre,39795,ws25,180,cell6_barriers,0,5,20219,25.3972,471,0.591627,10519,200,0
centre,39795,ws25,180,cell6_barriers,2,2,20487,25.7339,471,0.591627,10780,200,0
centre,39795,ws25,270,proximity,0,3,8505,10.6832,471,0.591627,5643,200,0
centre,39795,ws25,270,proximity,0,4,13067,16.4136,471,0.591627,8524,200,0
centre,39795,ws25,270,proximity,0,2,18694,23.4817,471,0.591627,12260,200,0
centre,39795,ws25,270,proximity,0,1,16733,21.0185,471,0.591627,11081,200,0
centre,39795,ws25,180,cell6_barriers,2,5,20511,25.764,471,0.591627,10755,200,0
centre,39795,ws25,180,cell6_barriers,2,4,20967,26.3368,471,0.591627,11032,200,0
centre,39795,ws25,270,proximity,2,3,21385,26.8619,471,0.591627,13181,200,0
centre,39795,ws25,270,open_anchor,0,3,14104,17.7161,471,0.591627,8832,200,0
centre,39795,ws25,270,proximity,2,2,20035,25.1661,471,0.591627,12619,200,0
centre,39795,ws25,270,proximity,2,1,22967,28.849,471,0.591627,14187,200,0
centre,39795,ws25,270,open_anchor,0,5,16278,20.4469,471,0.591627,9516,200,0
centre,39795,ws25,270,open_anchor,0,4,18213,22.8775,471,0.591627,11803,200,0
centre,39795,ws25,270,proximity,2,5,21448,26.941,471,0.591627,13357,200,0
centre,39795,ws25,270,proximity,2,4,22116,27.7801,471,0.591627,13672,200,0
centre,39795,ws25,270,open_anchor,0,2,24038,30.1943,471,0.591627,14548,200,0
centre,39795,ws25,270,open_anchor,0,1,27503,34.5467,471,0.591627,15311,200,0
centre,39795,ws25,270,open_anchor,2,5,25819,32.4314,471,0.591627,15233,200,0
centre,39795,ws25,270,open_anchor,2,2,26772,33.6285,471,0.591627,15663,200,0
centre,39795,ws25,270,open_anchor,2,1,26261,32.9866,471,0.591627,15463,200,0
centre,39795,ws25,270,open_anchor,2,3,21863,27.4623,471,0.591627,13211,200,0
centre,39795,ws25,270,cell1_baseline,0,1,21569,27.093,471,0.591627,12926,200,0
centre,39795,ws25,270,cell1_baseline,0,2,20289,25.4852,471,0.591627,12772,200,0
centre,39795,ws25,270,open_anchor,2,4,25461,31.9818,471,0.591627,14711,200,0
centre,39795,ws25,270,cell1_baseline,0,3,20962,26.3305,471,0.591627,13016,200,0
centre,39795,ws25,270,cell1_baseline,0,4,22019,27.6582,471,0.591627,13739,200,0
centre,39795,ws25,270,cell1_baseline,2,2,21891,27.4975,471,0.591627,13418,200,0
centre,39795,ws25,270,cell1_baseline,2,3,19939,25.0455,471,0.591627,12441,200,0
centre,39795,ws25,270,cell1_baseline,2,5,24464,30.7294,471,0.591627,14651,200,0
centre,39795,ws25,270,cell1_baseline,2,1,24301,30.5247,471,0.591627,13938,200,0
centre,39795,ws25,270,cell1_baseline,0,5,31399,39.4405,471,0.591627,18027,200,0
centre,39795,ws25,270,cell2_ground,0,2,28809,36.1872,471,0.591627,16615,200,0
centre,39795,ws25,270,cell1_baseline,2,4,27480,34.5178,471,0.591627,16171,200,0
centre,39795,ws25,270,cell2_ground,0,3,28959,36.3756,471,0.591627,16784,200,0
centre,39795,ws25,270,cell2_ground,0,1,29577,37.1519,471,0.591627,17204,200,0
centre,39795,ws25,270,cell2_ground,0,4,27109,34.0518,471,0.591627,16174,200,0
centre,39795,ws25,270,cell2_ground,2,3,23679,29.7434,471,0.591627,13997,200,0
centre,39795,ws25,270,cell2_ground,2,2,27024,33.9451,471,0.591627,15725,200,0
centre,39795,ws25,270,cell2_ground,2,1,31739,39.8676,471,0.591627,17977,200,0
centre,39795,ws25,270,cell2_ground,0,5,29511,37.069,471,0.591627,17309,200,0
centre,39795,ws25,270,cell2_ground,2,4,29782,37.4094,471,0.591627,16872,200,0
centre,39795,ws25,270,cell3_lowonly,0,2,32944,41.3812,471,0.591627,18261,200,0
centre,39795,ws25,270,cell4_highonly,0,4,159,0.199721,471,0.591627,114,200,0
centre,39795,ws25,270,cell4_highonly,0,5,208,0.26127,471,0.591627,143,200,0
centre,39795,ws25,270,cell2_ground,2,5,29620,37.2059,471,0.591627,16731,200,0
centre,39795,ws25,270,cell3_lowonly,0,1,33121,41.6035,471,0.591627,18404,200,0
centre,39795,ws25,270,cell4_highonly,2,3,795,0.998606,471,0.591627,328,200,0
centre,39795,ws25,270,cell3_lowonly,0,3,32681,41.0509,471,0.591627,18112,200,0
centre,39795,ws25,270,cell3_lowonly,2,1,33245,41.7593,471,0.591627,18474,200,0
centre,39795,ws25,270,cell3_lowonly,0,4,33073,41.5433,471,0.591627,18376,200,0
centre,39795,ws25,270,cell3_lowonly,0,5,33613,42.2216,471,0.591627,18679,200,0
centre,39795,ws25,270,cell3_lowonly,2,2,33016,41.4717,471,0.591627,18316,200,0
centre,39795,ws25,270,cell3_lowonly,2,3,32833,41.2418,471,0.591627,18250,200,0
centre,39795,ws25,270,cell4_highonly,0,1,31401,39.443,471,0.591627,17260,200,0
centre,39795,ws25,270,cell4_highonly,0,2,31083,39.0436,471,0.591627,17190,200,0
centre,39795,ws25,270,cell4_highonly,2,1,30684,38.5424,471,0.591627,16571,200,0
centre,39795,ws25,270,cell3_lowonly,2,4,33042,41.5043,471,0.591627,18371,200,0
centre,39795,ws25,270,cell4_highonly,0,3,31370,39.4041,471,0.591627,17184,200,0
centre,39795,ws25,270,cell3_lowonly,2,5,33521,42.106,471,0.591627,18604,200,0
centre,39795,ws25,270,cell4_highonly,2,2,32184,40.4266,471,0.591627,17384,200,0
centre,39795,ws25,270,cell4_highonly,2,4,29950,37.6204,471,0.591627,16282,200,0
centre,39795,ws25,270,cell4_highonly,2,5,27587,34.6522,471,0.591627,14701,200,0
centre,39795,ws25,270,cell5_hilly,0,5,33634,42.2479,471,0.591627,18626,200,0
centre,39795,ws25,270,cell5_hilly,0,1,33224,41.7329,471,0.591627,18510,200,0
centre,39795,ws25,270,cell5_hilly,0,2,33033,41.493,471,0.591627,18381,200,0
centre,39795,ws25,270,cell5_hilly,0,3,32810,41.2129,471,0.591627,18200,200,0
centre,39795,ws25,270,cell5_hilly,0,4,33101,41.5784,471,0.591627,18355,200,0
centre,39795,ws25,270,cell5_hilly,2,3,32806,41.2079,471,0.591627,18184,200,0
centre,39795,ws25,270,cell5_hilly,2,2,33029,41.488,471,0.591627,18328,200,0
centre,39795,ws43,0,none,0,1,19504,24.4991,0,0.0,9493,200,0
centre,39795,ws25,270,cell5_hilly,2,1,33195,41.6965,471,0.591627,18501,200,0
centre,39795,ws43,0,none,0,2,19291,24.2316,0,0.0,9378,200,0
centre,39795,ws43,0,none,0,3,19026,23.8987,0,0.0,9174,200,0
centre,39795,ws43,0,none,0,4,18810,23.6274,0,0.0,9003,200,0
centre,39795,ws43,0,none,0,5,19696,24.7403,0,0.0,9598,200,0
centre,39795,ws43,0,random,0,1,19351,24.3069,471,0.591627,9388,200,0
centre,39795,ws43,0,random,0,2,17905,22.4906,471,0.591627,8440,200,0
centre,39795,ws43,0,random,0,3,18263,22.9403,471,0.591627,8648,200,0
centre,39795,ws43,0,random,0,5,18284,22.9667,471,0.591627,8620,200,0
centre,39795,ws43,0,random,0,4,18728,23.5244,471,0.591627,8898,200,0
centre,39795,ws43,0,random,2,1,19345,24.2994,471,0.591627,9388,200,0
centre,39795,ws43,0,random,2,2,17931,22.5233,471,0.591627,8418,200,0
centre,39795,ws43,0,random,2,3,18301,22.988,471,0.591627,8683,200,0
centre,39795,ws43,0,random,2,5,18375,23.081,471,0.591627,8694,200,0
centre,39795,ws43,0,random,2,4,18727,23.5231,471,0.591627,8944,200,0
centre,39795,ws25,270,cell5_hilly,2,4,33101,41.5784,471,0.591627,18339,200,0
centre,39795,ws25,270,cell6_barriers,0,3,32681,41.0509,471,0.591627,18112,200,0
centre,39795,ws25,270,cell6_barriers,0,1,33121,41.6035,471,0.591627,18404,200,0
centre,39795,ws25,270,cell5_hilly,2,5,33625,42.2366,471,0.591627,18614,200,0
centre,39795,ws25,270,cell6_barriers,0,2,32944,41.3812,471,0.591627,18261,200,0
centre,39795,ws25,270,cell6_barriers,0,4,33073,41.5433,471,0.591627,18376,200,0
centre,39795,ws43,0,proximity,0,1,7287,9.15326,471,0.591627,4333,200,0
centre,39795,ws43,0,proximity,0,2,7079,8.89199,471,0.591627,4324,200,0
centre,39795,ws43,0,proximity,0,3,7217,9.06533,471,0.591627,4299,200,0
centre,39795,ws43,0,proximity,2,5,131,0.16455,471,0.591627,56,200,0
centre,39795,ws43,0,open_anchor,0,1,50,0.0628054,471,0.591627,37,200,0
centre,39795,ws43,0,proximity,0,4,5946,7.46882,471,0.591627,3615,200,0
centre,39795,ws43,0,open_anchor,0,2,95,0.11933,471,0.591627,69,200,0
centre,39795,ws43,0,open_anchor,0,4,102,0.128123,471,0.591627,62,200,0
centre,39795,ws43,0,proximity,2,2,6425,8.07049,471,0.591627,3460,200,0
centre,39795,ws25,270,cell6_barriers,0,5,33613,42.2216,471,0.591627,18679,200,0
centre,39795,ws43,0,open_anchor,0,5,43,0.0540126,471,0.591627,33,200,0
centre,39795,ws25,270,cell6_barriers,2,1,33245,41.7593,471,0.591627,18474,200,0
centre,39795,ws43,0,proximity,2,3,6750,8.47873,471,0.591627,3582,200,0
centre,39795,ws43,0,proximity,0,5,8887,11.163,471,0.591627,5297,200,0
centre,39795,ws43,0,proximity,2,1,8444,10.6066,471,0.591627,4730,200,0
centre,39795,ws43,0,cell1_baseline,0,1,54,0.0678298,471,0.591627,41,200,0
centre,39795,ws25,270,cell6_barriers,2,3,32833,41.2418,471,0.591627,18250,200,0
centre,39795,ws43,0,open_anchor,2,1,7242,9.09673,471,0.591627,3692,200,0
centre,39795,ws43,0,proximity,2,4,12445,15.6323,471,0.591627,6217,200,0
centre,39795,ws43,0,open_anchor,0,3,12245,15.381,471,0.591627,6286,200,0
centre,39795,ws25,270,cell6_barriers,2,2,33016,41.4717,471,0.591627,18316,200,0
centre,39795,ws43,0,open_anchor,2,5,8829,11.0902,471,0.591627,4486,200,0
centre,39795,ws43,0,open_anchor,2,4,11795,14.8158,471,0.591627,6133,200,0
centre,39795,ws43,0,cell1_baseline,0,2,8694,10.9206,471,0.591627,4793,200,0
centre,39795,ws25,270,cell6_barriers,2,4,33042,41.5043,471,0.591627,18371,200,0
centre,39795,ws43,0,cell2_ground,0,3,114,0.143196,471,0.591627,70,200,0
centre,39795,ws43,0,cell1_baseline,0,4,8544,10.7322,471,0.591627,5115,200,0
centre,39795,ws43,0,cell2_ground,0,4,88,0.110537,471,0.591627,61,200,0
centre,39795,ws25,270,cell6_barriers,2,5,33521,42.106,471,0.591627,18604,200,0
centre,39795,ws43,0,cell1_baseline,0,3,8085,10.1556,471,0.591627,4662,200,0
centre,39795,ws43,0,cell2_ground,0,5,49,0.0615493,471,0.591627,39,200,0
centre,39795,ws43,0,cell1_baseline,2,1,8166,10.2574,471,0.591627,3908,200,0
centre,39795,ws43,0,open_anchor,2,3,15685,19.7021,471,0.591627,8152,200,0
centre,39795,ws43,0,open_anchor,2,2,15484,19.4496,471,0.591627,8127,200,0
centre,39795,ws43,0,cell1_baseline,2,3,8846,11.1115,471,0.591627,4549,200,0
centre,39795,ws43,0,cell2_ground,2,1,9244,11.6115,471,0.591627,4673,200,0
centre,39795,ws43,0,cell2_ground,0,1,10033,12.6025,471,0.591627,5438,200,0
centre,39795,ws43,0,cell2_ground,2,3,5844,7.34069,471,0.591627,2819,200,0
centre,39795,ws43,0,cell2_ground,0,2,10182,12.7897,471,0.591627,5311,200,0
centre,39795,ws43,0,cell1_baseline,2,5,13342,16.759,471,0.591627,6672,200,0
centre,39795,ws43,0,cell1_baseline,0,5,16664,20.9318,471,0.591627,9152,200,0
centre,39795,ws43,0,cell1_baseline,2,2,15826,19.8792,471,0.591627,7974,200,0
centre,39795,ws43,0,cell2_ground,2,2,11527,14.4792,471,0.591627,6032,200,0
centre,39795,ws43,0,cell2_ground,2,4,7513,9.43714,471,0.591627,3976,200,0
centre,39795,ws43,0,cell1_baseline,2,4,17709,22.2444,471,0.591627,8335,200,0
centre,39795,ws43,0,cell4_highonly,0,3,57,0.0715981,471,0.591627,44,200,0
centre,39795,ws43,0,cell4_highonly,0,4,56,0.070342,471,0.591627,43,200,0
centre,39795,ws43,0,cell4_highonly,0,5,45,0.0565249,471,0.591627,33,200,0
centre,39795,ws43,0,cell4_highonly,2,1,130,0.163294,471,0.591627,55,200,0
centre,39795,ws43,0,cell2_ground,2,5,13504,16.9625,471,0.591627,6728,200,0
centre,39795,ws43,0,cell3_lowonly,0,1,19396,24.3635,471,0.591627,9439,200,0
centre,39795,ws43,0,cell3_lowonly,2,3,18921,23.7668,471,0.591627,9063,200,0
centre,39795,ws43,0,cell4_highonly,2,5,133,0.167062,471,0.591627,56,200,0
centre,39795,ws43,0,cell3_lowonly,0,2,19196,24.1122,471,0.591627,9270,200,0
centre,39795,ws43,0,cell3_lowonly,0,5,19434,24.4112,471,0.591627,9373,200,0
centre,39795,ws43,0,cell3_lowonly,0,3,18901,23.7417,471,0.591627,9067,200,0
centre,39795,ws43,0,cell3_lowonly,0,4,18693,23.4804,471,0.591627,8936,200,0
centre,39795,ws43,0,cell3_lowonly,2,2,19210,24.1298,471,0.591627,9279,200,0
centre,39795,ws43,0,cell3_lowonly,2,1,19405,24.3748,471,0.591627,9468,200,0
centre,39795,ws43,0,cell4_highonly,0,2,18076,22.7054,471,0.591627,8500,200,0
centre,39795,ws43,0,cell3_lowonly,2,5,19599,24.6185,471,0.591627,9553,200,0
centre,39795,ws43,0,cell3_lowonly,2,4,18716,23.5093,471,0.591627,8941,200,0
centre,39795,ws43,0,cell4_highonly,0,1,18838,23.6626,471,0.591627,9098,200,0
centre,39795,ws43,0,cell4_highonly,2,2,18452,23.1777,471,0.591627,8569,200,0
centre,39795,ws43,0,cell4_highonly,2,3,17462,21.9342,471,0.591627,8107,200,0
centre,39795,ws43,0,cell4_highonly,2,4,18073,22.7016,471,0.591627,8137,200,0
centre,39795,ws43,0,cell5_hilly,0,1,19380,24.3434,471,0.591627,9368,200,0
centre,39795,ws43,0,cell5_hilly,0,3,18839,23.6638,471,0.591627,8978,200,0
centre,39795,ws43,0,cell5_hilly,0,4,18630,23.4013,471,0.591627,8879,200,0
centre,39795,ws43,0,cell5_hilly,0,2,19114,24.0092,471,0.591627,9217,200,0
centre,39795,ws43,0,cell5_hilly,0,5,19564,24.5745,471,0.591627,9482,200,0
centre,39795,ws43,0,cell5_hilly,2,1,19385,24.3497,471,0.591627,9368,200,0
centre,39795,ws43,0,cell5_hilly,2,2,19108,24.0017,471,0.591627,9190,200,0
centre,39795,ws43,90,none,0,1,17727,22.267,0,0.0,8322,200,0
centre,39795,ws43,90,none,0,2,17692,22.2231,0,0.0,8312,200,0
centre,39795,ws43,90,none,0,3,17902,22.4868,0,0.0,8491,200,0
centre,39795,ws43,0,cell5_hilly,2,4,18587,23.3473,471,0.591627,8811,200,0
centre,39795,ws43,90,none,0,4,18019,22.6338,0,0.0,8474,200,0
centre,39795,ws43,90,none,0,5,17623,22.1364,0,0.0,8303,200,0
centre,39795,ws43,90,random,0,1,17555,22.051,471,0.591627,8188,200,0
centre,39795,ws43,0,cell5_hilly,2,5,19508,24.5042,471,0.591627,9416,200,0
centre,39795,ws43,90,random,0,3,17733,22.2746,471,0.591627,8365,200,0
centre,39795,ws43,90,random,0,2,17565,22.0635,471,0.591627,8230,200,0
centre,39795,ws43,0,cell5_hilly,2,3,18845,23.6714,471,0.591627,8971,200,0
centre,39795,ws43,90,random,0,4,17985,22.5911,471,0.591627,8435,200,0
centre,39795,ws43,90,random,0,5,17577,22.0786,471,0.591627,8277,200,0
centre,39795,ws43,90,random,2,2,17605,22.1138,471,0.591627,8296,200,0
centre,39795,ws43,90,random,2,1,17568,22.0673,471,0.591627,8201,200,0
centre,39795,ws43,90,random,2,3,17730,22.2708,471,0.591627,8361,200,0
centre,39795,ws43,90,random,2,4,17978,22.5823,471,0.591627,8418,200,0
centre,39795,ws43,90,random,2,5,17605,22.1138,471,0.591627,8282,200,0
centre,39795,ws43,0,cell6_barriers,0,3,18901,23.7417,471,0.591627,9067,200,0
centre,39795,ws43,0,cell6_barriers,0,2,19196,24.1122,471,0.591627,9270,200,0
centre,39795,ws43,0,cell6_barriers,0,1,19396,24.3635,471,0.591627,9439,200,0
centre,39795,ws43,90,proximity,0,2,951,1.19456,471,0.591627,666,200,0
centre,39795,ws43,0,cell6_barriers,0,4,18693,23.4804,471,0.591627,8936,200,0
centre,39795,ws43,90,proximity,0,5,757,0.950874,471,0.591627,544,200,0
centre,39795,ws43,90,proximity,0,3,1131,1.42066,471,0.591627,781,200,0
centre,39795,ws43,90,proximity,0,1,2678,3.36386,471,0.591627,1595,200,0
centre,39795,ws43,90,proximity,2,3,1077,1.35283,471,0.591627,500,200,0
centre,39795,ws43,90,proximity,2,2,1335,1.6769,471,0.591627,791,200,0
centre,39795,ws43,0,cell6_barriers,0,5,19434,24.4112,471,0.591627,9414,200,0
centre,39795,ws43,90,open_anchor,0,2,931,1.16944,471,0.591627,616,200,0
centre,39795,ws43,90,open_anchor,0,5,443,0.556456,471,0.591627,315,200,0
centre,39795,ws43,90,proximity,0,4,7861,9.87426,471,0.591627,4891,200,0
centre,39795,ws43,90,proximity,2,4,7940,9.9735,471,0.591627,4060,200,0
centre,39795,ws43,90,proximity,2,5,6669,8.37698,471,0.591627,3650,200,0
centre,39795,ws43,0,cell6_barriers,2,4,18716,23.5093,471,0.591627,8941,200,0
centre,39795,ws43,0,cell6_barriers,2,2,19210,24.1298,471,0.591627,9279,200,0
centre,39795,ws43,0,cell6_barriers,2,1,19405,24.3748,471,0.591627,9468,200,0
centre,39795,ws43,0,cell6_barriers,2,3,18921,23.7668,471,0.591627,9063,200,0
centre,39795,ws43,90,open_anchor,0,1,11265,14.1501,471,0.591627,6302,200,0
centre,39795,ws43,90,proximity,2,1,11796,14.817,471,0.591627,6313,200,0
centre,39795,ws43,90,cell1_baseline,0,2,1049,1.31766,471,0.591627,649,200,0
centre,39795,ws43,90,cell1_baseline,0,4,913,1.14683,471,0.591627,656,200,0
centre,39795,ws43,90,open_anchor,0,3,10116,12.7068,471,0.591627,5750,200,0
centre,39795,ws43,90,open_anchor,0,4,9353,11.7484,471,0.591627,5367,200,0
centre,39795,ws43,90,cell1_baseline,0,5,1274,1.60028,471,0.591627,870,200,0
centre,39795,ws43,0,cell6_barriers,2,5,19599,24.6185,471,0.591627,9553,200,0
centre,39795,ws43,90,cell1_baseline,0,1,5134,6.44886,471,0.591627,3124,200,0
centre,39795,ws43,90,open_anchor,2,4,8951,11.2434,471,0.591627,4837,200,0
centre,39795,ws43,90,open_anchor,2,1,11985,15.0545,471,0.591627,6504,200,0
centre,39795,ws43,90,open_anchor,2,2,10386,13.0459,471,0.591627,5544,200,0
centre,39795,ws43,90,cell1_baseline,2,1,4844,6.08459,471,0.591627,2569,200,0
centre,39795,ws43,90,cell1_baseline,2,3,1467,1.84271,471,0.591627,842,200,0
centre,39795,ws43,90,open_anchor,2,3,12402,15.5782,471,0.591627,6292,200,0
centre,39795,ws43,90,open_anchor,2,5,11061,13.8938,471,0.591627,5882,200,0
centre,39795,ws43,90,cell1_baseline,0,3,7825,9.82904,471,0.591627,4330,200,0
centre,39795,ws43,90,cell2_ground,0,2,8250,10.3629,471,0.591627,4162,200,0
centre,39795,ws43,90,cell1_baseline,2,4,7901,9.92451,471,0.591627,4308,200,0
centre,39795,ws43,90,cell1_baseline,2,2,8165,10.2561,471,0.591627,4558,200,0
centre,39795,ws43,90,cell1_baseline,2,5,7982,10.0263,471,0.591627,4420,200,0
centre,39795,ws43,90,cell2_ground,0,1,8409,10.5626,471,0.591627,4448,200,0
centre,39795,ws43,90,cell2_ground,0,4,9292,11.6718,471,0.591627,4794,200,0
centre,39795,ws43,90,cell2_ground,0,3,11350,14.2568,471,0.591627,5835,200,0
centre,39795,ws43,90,cell2_ground,0,5,11664,14.6512,471,0.591627,6266,200,0
centre,39795,ws43,90,cell2_ground,2,2,9509,11.9443,471,0.591627,4665,200,0
centre,39795,ws43,90,cell2_ground,2,1,10595,13.3085,471,0.591627,5282,200,0
centre,39795,ws43,90,cell2_ground,2,4,7676,9.64188,471,0.591627,3873,200,0
centre,39795,ws43,90,cell2_ground,2,5,7755,9.74112,471,0.591627,3706,200,0
centre,39795,ws43,90,cell4_highonly,0,2,51,0.0640615,471,0.591627,40,200,0
centre,39795,ws43,90,cell2_ground,2,3,12529,15.7378,471,0.591627,5932,200,0
centre,39795,ws43,90,cell4_highonly,0,5,46,0.057781,471,0.591627,39,200,0
centre,39795,ws43,90,cell3_lowonly,0,1,17574,22.0748,471,0.591627,8296,200,0
centre,39795,ws43,90,cell4_highonly,0,3,5371,6.74656,471,0.591627,2142,200,0
centre,39795,ws43,90,cell3_lowonly,0,4,17837,22.4052,471,0.591627,8362,200,0
centre,39795,ws43,90,cell3_lowonly,0,2,17545,22.0384,471,0.591627,8240,200,0
centre,39795,ws43,90,cell3_lowonly,0,5,17430,21.894,471,0.591627,8176,200,0
centre,39795,ws43,90,cell4_highonly,2,2,3524,4.42652,471,0.591627,1141,200,0
centre,39795,ws43,90,cell3_lowonly,0,3,17669,22.1942,471,0.591627,8308,200,0
centre,39795,ws43,90,cell3_lowonly,2,5,17489,21.9681,471,0.591627,8226,200,0
centre,39795,ws43,90,cell4_highonly,2,3,3488,4.3813,471,0.591627,1180,200,0
centre,39795,ws43,90,cell3_lowonly,2,1,17646,22.1653,471,0.591627,8268,200,0
centre,39795,ws43,90,cell4_highonly,0,1,13979,17.5591,471,0.591627,6259,200,0
centre,39795,ws43,90,cell3_lowonly,2,4,17902,22.4868,471,0.591627,8398,200,0
centre,39795,ws43,90,cell3_lowonly,2,3,17777,22.3298,471,0.591627,8315,200,0
centre,39795,ws43,90,cell3_lowonly,2,2,17611,22.1213,471,0.591627,8234,200,0
centre,39795,ws43,90,cell4_highonly,2,1,14633,18.3806,471,0.591627,6516,200,0
centre,39795,ws43,90,cell4_highonly,0,4,16590,20.8388,471,0.591627,7581,200,0
centre,39795,ws43,90,cell4_highonly,2,5,13227,16.6145,471,0.591627,5579,200,0
centre,39795,ws43,90,cell4_highonly,2,4,15962,20.05,471,0.591627,7046,200,0
centre,39795,ws43,90,cell5_hilly,0,2,17602,22.11,471,0.591627,8265,200,0
centre,39795,ws43,90,cell5_hilly,0,3,17766,22.316,471,0.591627,8388,200,0
centre,39795,ws43,90,cell5_hilly,0,1,17582,22.0849,471,0.591627,8267,200,0
centre,39795,ws43,90,cell5_hilly,2,2,17404,21.8613,471,0.591627,8123,200,0
centre,39795,ws43,90,cell5_hilly,2,1,17560,22.0573,471,0.591627,8216,200,0
centre,39795,ws43,90,cell5_hilly,0,5,17465,21.9379,471,0.591627,8176,200,0
centre,39795,ws43,90,cell5_hilly,0,4,17863,22.4379,471,0.591627,8378,200,0
centre,39795,ws43,180,none,0,1,16864,21.183,0,0.0,8309,200,0
centre,39795,ws43,90,cell5_hilly,2,3,17663,22.1866,471,0.591627,8261,200,0
centre,39795,ws43,90,cell5_hilly,2,5,17469,21.9429,471,0.591627,8249,200,0
centre,39795,ws43,180,none,0,2,17009,21.3651,0,0.0,8428,200,0
centre,39795,ws43,180,none,0,3,17316,21.7508,0,0.0,8591,200,0
centre,39795,ws43,180,none,0,4,17578,22.0799,0,0.0,8725,200,0
centre,39795,ws43,180,none,0,5,16995,21.3476,0,0.0,8435,200,0
centre,39795,ws43,90,cell5_hilly,2,4,17800,22.3587,471,0.591627,8302,200,0
centre,39795,ws43,180,random,0,1,16810,21.1152,471,0.591627,8303,200,0
centre,39795,ws43,180,random,0,2,16942,21.281,471,0.591627,8376,200,0
centre,39795,ws43,180,random,0,3,17261,21.6817,471,0.591627,8643,200,0
centre,39795,ws43,180,random,0,4,17540,22.0321,471,0.591627,8679,200,0
centre,39795,ws43,180,random,0,5,16885,21.2094,471,0.591627,8346,200,0
centre,39795,ws43,90,cell6_barriers,0,1,17574,22.0748,471,0.591627,8296,200,0
centre,39795,ws43,180,random,2,1,16810,21.1152,471,0.591627,8278,200,0
centre,39795,ws43,180,random,2,2,16922,21.2559,471,0.591627,8346,200,0
centre,39795,ws43,180,random,2,4,17545,22.0384,471,0.591627,8694,200,0
centre,39795,ws43,180,random,2,3,17214,21.6226,471,0.591627,8584,200,0
centre,39795,ws43,180,random,2,5,16873,21.1943,471,0.591627,8355,200,0
centre,39795,ws43,90,cell6_barriers,0,2,17545,22.0384,471,0.591627,8240,200,0
centre,39795,ws43,180,proximity,0,1,55,0.0690859,471,0.591627,41,200,0
centre,39795,ws43,180,proximity,0,4,60,0.0753665,471,0.591627,44,200,0
centre,39795,ws43,180,proximity,0,5,108,0.13566,471,0.591627,75,200,0
centre,39795,ws43,90,cell6_barriers,0,3,17669,22.1942,471,0.591627,8308,200,0
centre,39795,ws43,90,cell6_barriers,0,4,17837,22.4052,471,0.591627,8362,200,0
centre,39795,ws43,90,cell6_barriers,2,3,17777,22.3298,471,0.591627,8315,200,0
centre,39795,ws43,90,cell6_barriers,2,4,17902,22.4868,471,0.591627,8398,200,0
centre,39795,ws43,180,proximity,2,4,5924,7.44118,471,0.591627,3527,200,0
centre,39795,ws43,90,cell6_barriers,0,5,17397,21.8525,471,0.591627,8169,200,0
centre,39795,ws43,90,cell6_barriers,2,1,17646,22.1653,471,0.591627,8268,200,0
centre,39795,ws43,90,cell6_barriers,2,2,17611,22.1213,471,0.591627,8234,200,0
centre,39795,ws43,90,cell6_barriers,2,5,17489,21.9681,471,0.591627,8226,200,0
centre,39795,ws43,180,proximity,2,2,9104,11.4356,471,0.591627,4936,200,0
centre,39795,ws43,180,proximity,0,2,8186,10.2825,471,0.591627,5520,200,0
centre,39795,ws43,180,proximity,0,3,9864,12.3902,471,0.591627,6311,200,0
centre,39795,ws43,180,proximity,2,1,9468,11.8928,471,0.591627,5405,200,0
centre,39795,ws43,180,proximity,2,3,11255,14.1375,471,0.591627,6490,200,0
centre,39795,ws43,180,open_anchor,2,2,8098,10.172,471,0.591627,3955,200,0
centre,39795,ws43,180,open_anchor,0,1,9065,11.3866,471,0.591627,5307,200,0
centre,39795,ws43,180,open_anchor,0,3,11797,14.8183,471,0.591627,5967,200,0
centre,39795,ws43,180,open_anchor,0,2,7793,9.78885,471,0.591627,4730,200,0
centre,39795,ws43,180,open_anchor,2,1,11162,14.0207,471,0.591627,6242,200,0
centre,39795,ws43,180,open_anchor,0,5,9356,11.7521,471,0.591627,5594,200,0
centre,39795,ws43,180,open_anchor,2,3,10328,12.9731,471,0.591627,5526,200,0
centre,39795,ws43,180,proximity,2,5,12637,15.8734,471,0.591627,6972,200,0
centre,39795,ws43,180,open_anchor,2,5,11763,14.7756,471,0.591627,6041,200,0
centre,39795,ws43,180,open_anchor,2,4,12516,15.7214,471,0.591627,6420,200,0
centre,39795,ws43,180,cell1_baseline,0,1,9380,11.7823,471,0.591627,5885,200,0
centre,39795,ws43,180,open_anchor,0,4,11873,14.9138,471,0.591627,6979,200,0
centre,39795,ws43,180,cell1_baseline,0,5,6355,7.98257,471,0.591627,4057,200,0
centre,39795,ws43,180,cell1_baseline,2,1,7601,9.54768,471,0.591627,4563,200,0
centre,39795,ws43,180,cell1_baseline,0,2,11630,14.6085,471,0.591627,6911,200,0
centre,39795,ws43,180,cell1_baseline,0,3,12112,15.214,471,0.591627,6826,200,0
centre,39795,ws43,180,cell1_baseline,2,2,9810,12.3224,471,0.591627,5744,200,0
centre,39795,ws43,180,cell1_baseline,2,3,10616,13.3348,471,0.591627,6239,200,0
centre,39795,ws43,180,cell1_baseline,2,4,15237,19.1393,471,0.591627,7190,200,0
centre,39795,ws43,180,cell1_baseline,2,5,9487,11.9167,471,0.591627,5547,200,0
centre,39795,ws43,180,cell1_baseline,0,4,15824,19.8766,471,0.591627,8378,200,0
centre,39795,ws43,180,cell2_ground,2,2,11181,14.0445,471,0.591627,6316,200,0
centre,39795,ws43,180,cell2_ground,0,1,14042,17.6383,471,0.591627,7750,200,0
centre,39795,ws43,180,cell2_ground,0,5,11889,14.9339,471,0.591627,6566,200,0
centre,39795,ws43,180,cell2_ground,0,3,13504,16.9625,471,0.591627,7607,200,0
centre,39795,ws43,180,cell2_ground,2,1,11421,14.346,471,0.591627,6370,200,0
centre,39795,ws43,180,cell2_ground,0,2,14425,18.1194,471,0.591627,7777,200,0
centre,39795,ws43,180,cell2_ground,0,4,11996,15.0683,471,0.591627,6891,200,0
centre,39795,ws43,180,cell4_highonly,0,1,55,0.0690859,471,0.591627,41,200,0
centre,39795,ws43,180,cell2_ground,2,3,12105,15.2052,471,0.591627,6660,200,0
centre,39795,ws43,180,cell4_highonly,0,2,37,0.046476,471,0.591627,30,200,0
centre,39795,ws43,180,cell2_ground,2,4,16085,20.2045,471,0.591627,7983,200,0
centre,39795,ws43,180,cell3_lowonly,0,2,16900,21.2282,471,0.591627,8362,200,0
centre,39795,ws43,180,cell2_ground,2,5,12336,15.4953,471,0.591627,6758,200,0
centre,39795,ws43,180,cell4_highonly,2,1,150,0.188416,471,0.591627,60,200,0
centre,39795,ws43,180,cell4_highonly,2,2,148,0.185904,471,0.591627,56,200,0
centre,39795,ws43,180,cell4_highonly,2,4,196,0.246197,471,0.591627,73,200,0
centre,39795,ws43,180,cell3_lowonly,0,1,16773,21.0687,471,0.591627,8221,200,0
centre,39795,ws43,180,cell3_lowonly,0,3,17224,21.6352,471,0.591627,8526,200,0
centre,39795,ws43,180,cell3_lowonly,0,5,16893,21.2194,471,0.591627,8306,200,0
centre,39795,ws43,180,cell3_lowonly,2,5,16942,21.281,471,0.591627,8438,200,0
centre,39795,ws43,180,cell3_lowonly,0,4,17470,21.9442,471,0.591627,8680,200,0
centre,39795,ws43,180,cell3_lowonly,2,1,16817,21.124,471,0.591627,8290,200,0
centre,39795,ws43,180,cell4_highonly,2,3,16516,20.7459,471,0.591627,8006,200,0
centre,39795,ws43,180,cell4_highonly,0,3,16423,20.6291,471,0.591627,8379,200,0
centre,39795,ws43,180,cell3_lowonly,2,2,16912,21.2433,471,0.591627,8358,200,0
centre,39795,ws43,180,cell3_lowonly,2,3,17259,21.6792,471,0.591627,8587,200,0
centre,39795,ws43,180,cell3_lowonly,2,4,17492,21.9718,471,0.591627,8627,200,0
centre,39795,ws43,180,cell4_highonly,0,4,16948,21.2885,471,0.591627,8289,200,0
centre,39795,ws43,180,cell4_highonly,2,5,16014,20.1153,471,0.591627,7028,200,0
centre,39795,ws43,180,cell4_highonly,0,5,16283,20.4532,471,0.591627,7996,200,0
centre,39795,ws43,180,cell5_hilly,0,1,16838,21.1503,471,0.591627,8300,200,0
centre,39795,ws43,180,cell5_hilly,0,3,17284,21.7106,471,0.591627,8626,200,0
centre,39795,ws43,180,cell5_hilly,0,2,16976,21.3237,471,0.591627,8390,200,0
centre,39795,ws43,180,cell5_hilly,2,4,17543,22.0359,471,0.591627,8679,200,0
centre,39795,ws43,180,cell5_hilly,0,4,17545,22.0384,471,0.591627,8744,200,0
centre,39795,ws43,180,cell5_hilly,0,5,16960,21.3036,471,0.591627,8398,200,0
centre,39795,ws43,180,cell6_barriers,0,3,17224,21.6352,471,0.591627,8526,200,0
centre,39795,ws43,180,cell5_hilly,2,1,16841,21.1541,471,0.591627,8287,200,0
centre,39795,ws43,270,none,0,1,29237,36.7248,0,0.0,15961,200,0
centre,39795,ws43,180,cell5_hilly,2,2,16978,21.3262,471,0.591627,8397,200,0
centre,39795,ws43,270,none,0,2,29219,36.7022,0,0.0,15900,200,0
centre,39795,ws43,270,none,0,3,29074,36.5201,0,0.0,15843,200,0
centre,39795,ws43,180,cell6_barriers,0,1,16773,21.0687,471,0.591627,8221,200,0
centre,39795,ws43,270,none,0,4,29052,36.4924,0,0.0,15727,200,0
centre,39795,ws43,270,random,0,1,28972,36.392,471,0.591627,15698,200,0
centre,39795,ws43,270,none,0,5,29550,37.118,0,0.0,16250,200,0
centre,39795,ws43,270,random,0,2,28336,35.5931,471,0.591627,15413,200,0
centre,39795,ws43,180,cell5_hilly,2,3,17291,21.7194,471,0.591627,8597,200,0
centre,39795,ws43,270,random,0,3,25036,31.4479,471,0.591627,13830,200,0
centre,39795,ws43,270,random,0,4,28922,36.3292,471,0.591627,15657,200,0
centre,39795,ws43,270,random,0,5,28757,36.1219,471,0.591627,15777,200,0
centre,39795,ws43,270,random,2,2,28327,35.5818,471,0.591627,15428,200,0
centre,39795,ws43,270,random,2,1,28964,36.3819,471,0.591627,15720,200,0
centre,39795,ws43,180,cell5_hilly,2,5,16969,21.3149,471,0.591627,8406,200,0
centre,39795,ws43,270,random,2,3,25052,31.468,471,0.591627,13812,200,0
centre,39795,ws43,270,random,2,4,28918,36.3241,471,0.591627,15593,200,0
centre,39795,ws43,270,random,2,5,28730,36.088,471,0.591627,15780,200,0
centre,39795,ws43,180,cell6_barriers,0,2,16900,21.2282,471,0.591627,8362,200,0
centre,39795,ws43,180,cell6_barriers,0,4,17470,21.9442,471,0.591627,8680,200,0
centre,39795,ws43,270,proximity,0,1,9314,11.6994,471,0.591627,6086,200,0
centre,39795,ws43,180,cell6_barriers,0,5,16856,21.173,471,0.591627,8335,200,0
centre,39795,ws43,270,proximity,0,3,11631,14.6098,471,0.591627,7844,200,0
centre,39795,ws43,180,cell6_barriers,2,4,17492,21.9718,471,0.591627,8627,200,0
centre,39795,ws43,180,cell6_barriers,2,1,16817,21.124,471,0.591627,8290,200,0
centre,39795,ws43,270,proximity,0,4,13245,16.6371,471,0.591627,8841,200,0
centre,39795,ws43,270,proximity,2,1,13874,17.4272,471,0.591627,8021,200,0
centre,39795,ws43,180,cell6_barriers,2,2,16912,21.2433,471,0.591627,8358,200,0
centre,39795,ws43,270,open_anchor,0,1,216,0.271319,471,0.591627,154,200,0
centre,39795,ws43,270,open_anchor,0,2,657,0.825263,471,0.591627,420,200,0
centre,39795,ws43,180,cell6_barriers,2,5,16942,21.281,471,0.591627,8438,200,0
centre,39795,ws43,180,cell6_barriers,2,3,17259,21.6792,471,0.591627,8587,200,0
centre,39795,ws43,270,proximity,0,5,15124,18.9974,471,0.591627,10180,200,0
centre,39795,ws43,270,proximity,0,2,19641,24.6712,471,0.591627,12242,200,0
centre,39795,ws43,270,cell1_baseline,0,1,161,0.202233,471,0.591627,93,200,0
centre,39795,ws43,270,proximity,2,2,18549,23.2995,471,0.591627,11522,200,0
centre,39795,ws43,270,cell1_baseline,0,2,51,0.0640615,471,0.591627,37,200,0
centre,39795,ws43,270,proximity,2,3,19708,24.7554,471,0.591627,12101,200,0
centre,39795,ws43,270,cell1_baseline,2,1,479,0.601676,471,0.591627,199,200,0
centre,39795,ws43,270,open_anchor,0,5,12047,15.1323,471,0.591627,7568,200,0
centre,39795,ws43,270,proximity,2,4,20067,25.2063,471,0.591627,12239,200,0
centre,39795,ws43,270,proximity,2,5,21858,27.456,471,0.591627,12838,200,0
centre,39795,ws43,270,open_anchor,0,3,19618,24.6423,471,0.591627,11890,200,0
centre,39795,ws43,270,cell1_baseline,0,4,14496,18.2085,471,0.591627,8668,200,0
centre,39795,ws43,270,open_anchor,2,5,22346,28.069,471,0.591627,12813,200,0
centre,39795,ws43,270,cell1_baseline,0,5,17274,21.698,471,0.591627,11123,200,0
centre,39795,ws43,270,open_anchor,2,3,22874,28.7322,471,0.591627,13397,200,0
centre,39795,ws43,270,cell1_baseline,0,3,15018,18.8642,471,0.591627,9791,200,0
centre,39795,ws43,270,open_anchor,2,1,21972,27.5992,471,0.591627,12653,200,0
centre,39795,ws43,270,open_anchor,0,4,20264,25.4538,471,0.591627,12393,200,0
centre,39795,ws43,270,open_anchor,2,4,23234,29.1844,471,0.591627,13292,200,0
centre,39795,ws43,270,open_anchor,2,2,22586,28.3705,471,0.591627,12942,200,0
centre,39795,ws43,270,cell2_ground,0,2,14060,17.6609,471,0.591627,8251,200,0
centre,39795,ws43,270,cell1_baseline,2,2,22887,28.7485,471,0.591627,12784,200,0
centre,39795,ws43,270,cell1_baseline,2,4,17209,21.6164,471,0.591627,10327,200,0
centre,39795,ws43,270,cell1_baseline,2,3,18896,23.7354,471,0.591627,11274,200,0
centre,39795,ws43,270,cell1_baseline,2,5,15437,19.3905,471,0.591627,9277,200,0
centre,39795,ws43,270,cell2_ground,2,5,18534,23.2807,471,0.591627,10133,200,0
centre,39795,ws43,270,cell2_ground,0,1,21477,26.9774,471,0.591627,12568,200,0
centre,39795,ws43,270,cell2_ground,0,4,25761,32.3586,471,0.591627,14875,200,0
centre,39795,ws43,270,cell2_ground,0,3,25154,31.5961,471,0.591627,14416,200,0
centre,39795,ws43,270,cell2_ground,2,1,27116,34.0606,471,0.591627,14923,200,0
centre,39795,ws43,270,cell2_ground,2,2,24587,30.8839,471,0.591627,13539,200,0
centre,39795,ws43,270,cell2_ground,0,5,27120,34.0656,471,0.591627,15547,200,0
centre,39795,ws43,270,cell2_ground,2,4,25109,31.5396,471,0.591627,14062,200,0
centre,39795,ws43,270,cell2_ground,2,3,25778,32.3799,471,0.591627,14251,200,0
centre,39795,ws43,270,cell4_highonly,0,3,150,0.188416,471,0.591627,110,200,0
centre,39795,ws43,270,cell4_highonly,0,4,190,0.23866,471,0.591627,120,200,0
centre,39795,ws43,270,cell4_highonly,0,5,172,0.216051,471,0.591627,114,200,0
centre,39795,ws43,270,cell3_lowonly,0,3,28840,36.2262,471,0.591627,15719,200,0
centre,39795,ws43,270,cell3_lowonly,0,5,29341,36.8555,471,0.591627,16049,200,0
centre,39795,ws43,270,cell4_highonly,2,4,227,0.285136,471,0.591627,87,200,0
centre,39795,ws43,270,cell3_lowonly,0,4,28751,36.1144,471,0.591627,15519,200,0
centre,39795,ws43,270,cell4_highonly,2,5,295,0.370552,471,0.591627,110,200,0
centre,39795,ws43,270,cell3_lowonly,0,1,28986,36.4095,471,0.591627,15747,200,0
centre,39795,ws43,270,cell3_lowonly,0,2,29000,36.4271,471,0.591627,15739,200,0
centre,39795,ws43,270,cell3_lowonly,2,5,29284,36.7839,471,0.591627,15977,200,0
centre,39795,ws43,270,cell3_lowonly,2,2,29049,36.4887,471,0.591627,15773,200,0
centre,39795,ws43,270,cell3_lowonly,2,1,29088,36.5377,471,0.591627,15816,200,0
centre,39795,ws43,270,cell4_highonly,2,2,27616,34.6887,471,0.591627,14518,200,0
centre,39795,ws43,270,cell4_highonly,2,1,26799,33.6624,471,0.591627,14179,200,0
centre,39795,ws43,270,cell4_highonly,2,3,25518,32.0534,471,0.591627,13142,200,0
centre,39795,ws43,270,cell4_highonly,0,2,27388,34.4023,471,0.591627,14801,200,0
centre,39795,ws43,270,cell3_lowonly,2,3,28889,36.2877,471,0.591627,15652,200,0
centre,39795,ws43,270,cell4_highonly,0,1,27100,34.0405,471,0.591627,14896,200,0
centre,39795,ws43,270,cell3_lowonly,2,4,28862,36.2538,471,0.591627,15547,200,0
centre,39795,ws43,270,cell5_hilly,0,1,29011,36.4409,471,0.591627,15762,200,0
centre,39795,ws43,270,cell5_hilly,0,5,29319,36.8278,471,0.591627,16054,200,0
centre,39795,ws43,270,cell5_hilly,0,3,28768,36.1357,471,0.591627,15664,200,0
centre,39795,ws43,270,cell5_hilly,2,1,28957,36.3731,471,0.591627,15769,200,0
centre,39795,ws43,270,cell5_hilly,0,2,28915,36.3204,471,0.591627,15677,200,0
centre,39795,ws43,270,cell5_hilly,0,4,28815,36.1947,471,0.591627,15555,200,0
centre,39795,ws43,270,cell6_barriers,0,2,29000,36.4271,471,0.591627,15739,200,0
NW,19903,ws10,0,none,0,1,39202,49.2419,0,0.0,22834,200,0
centre,39795,ws43,270,cell6_barriers,0,1,28986,36.4095,471,0.591627,15747,200,0
NW,19903,ws10,0,none,0,2,38582,48.4632,0,0.0,22521,200,0
NW,19903,ws10,0,none,0,3,38113,47.874,0,0.0,22166,200,0
NW,19903,ws10,0,none,0,5,38603,48.4895,0,0.0,22524,200,0
NW,19903,ws10,0,none,0,4,37195,46.7209,0,0.0,21590,200,0
NW,19903,ws10,0,random,0,1,38418,48.2572,471,0.591627,22284,200,0
NW,19903,ws10,0,random,0,2,37921,47.6329,471,0.591627,21992,200,0
NW,19903,ws10,0,random,0,3,35726,44.8757,471,0.591627,20558,200,0
centre,39795,ws43,270,cell5_hilly,2,3,28751,36.1144,471,0.591627,15664,200,0
NW,19903,ws10,0,random,0,4,36988,46.4609,471,0.591627,21396,200,0
centre,39795,ws43,270,cell5_hilly,2,4,28802,36.1784,471,0.591627,15592,200,0
centre,39795,ws43,270,cell5_hilly,2,2,28917,36.3229,471,0.591627,15686,200,0
NW,19903,ws10,0,random,0,5,38159,47.9318,471,0.591627,22158,200,0
NW,19903,ws10,0,random,2,1,38221,48.0097,471,0.591627,22118,200,0
NW,19903,ws10,0,random,2,3,35742,44.8958,471,0.591627,20509,200,0
NW,19903,ws10,0,random,2,4,37015,46.4948,471,0.591627,21374,200,0
NW,19903,ws10,0,random,2,2,37973,47.6982,471,0.591627,21924,200,0
centre,39795,ws43,270,cell5_hilly,2,5,29257,36.7499,471,0.591627,16033,200,0
NW,19903,ws10,0,random,2,5,38190,47.9708,471,0.591627,22147,200,0
centre,39795,ws43,270,cell6_barriers,0,4,28751,36.1144,471,0.591627,15519,200,0
centre,39795,ws43,270,cell6_barriers,0,3,28840,36.2262,471,0.591627,15719,200,0
centre,39795,ws43,270,cell6_barriers,2,2,29049,36.4887,471,0.591627,15773,200,0
centre,39795,ws43,270,cell6_barriers,2,4,28862,36.2538,471,0.591627,15547,200,0
NW,19903,ws10,0,proximity,2,4,212,0.266295,471,0.591627,109,200,0
centre,39795,ws43,270,cell6_barriers,0,5,29341,36.8555,471,0.591627,16049,200,0
centre,39795,ws43,270,cell6_barriers,2,3,28889,36.2877,471,0.591627,15652,200,0
centre,39795,ws43,270,cell6_barriers,2,1,29088,36.5377,471,0.591627,15816,200,0
NW,19903,ws10,0,proximity,0,4,18329,23.0232,471,0.591627,11681,200,0
NW,19903,ws10,0,open_anchor,0,4,40,0.0502443,471,0.591627,29,200,0
NW,19903,ws10,0,proximity,0,5,20208,25.3834,471,0.591627,12574,200,0
centre,39795,ws43,270,cell6_barriers,2,5,29284,36.7839,471,0.591627,15977,200,0
NW,19903,ws10,0,proximity,0,3,20658,25.9487,471,0.591627,13355,200,0
NW,19903,ws10,0,proximity,0,2,28332,35.588,471,0.591627,17783,200,0
NW,19903,ws10,0,proximity,2,5,22561,28.339,471,0.591627,13441,200,0
NW,19903,ws10,0,open_anchor,0,5,21135,26.5478,471,0.591627,13488,200,0
NW,19903,ws10,0,proximity,2,3,32240,40.4969,471,0.591627,19203,200,0
NW,19903,ws10,0,cell1_baseline,0,2,87,0.109281,471,0.591627,66,200,0
NW,19903,ws10,0,proximity,2,1,34913,43.8545,471,0.591627,20113,200,0
NW,19903,ws10,0,proximity,2,2,36517,45.8693,471,0.591627,21144,200,0
NW,19903,ws10,0,proximity,0,1,37894,47.5989,471,0.591627,22314,200,0
NW,19903,ws10,0,open_anchor,0,1,36729,46.1356,471,0.591627,21754,200,0
NW,19903,ws10,0,open_anchor,2,4,29861,37.5086,471,0.591627,17437,200,0
NW,19903,ws10,0,open_anchor,2,2,31437,39.4883,471,0.591627,18516,200,0
NW,19903,ws10,0,open_anchor,0,2,31346,39.374,471,0.591627,19078,200,0
NW,19903,ws10,0,open_anchor,2,3,34691,43.5756,471,0.591627,20322,200,0
NW,19903,ws10,0,cell1_baseline,0,3,29503,37.0589,471,0.591627,17632,200,0
NW,19903,ws10,0,open_anchor,2,1,35870,45.0566,471,0.591627,21135,200,0
NW,19903,ws10,0,open_anchor,0,3,37275,46.8214,471,0.591627,22143,200,0
NW,19903,ws10,0,cell1_baseline,0,4,27234,34.2088,471,0.591627,16419,200,0
NW,19903,ws10,0,open_anchor,2,5,36399,45.7211,471,0.591627,20804,200,0
NW,19903,ws10,0,cell1_baseline,0,5,29902,37.5601,471,0.591627,18235,200,0
NW,19903,ws10,0,cell1_baseline,0,1,35809,44.98,471,0.591627,21282,200,0
NW,19903,ws10,0,cell1_baseline,2,2,36405,45.7286,471,0.591627,21060,200,0
NW,19903,ws10,0,cell1_baseline,2,1,36643,46.0276,471,0.591627,21155,200,0
NW,19903,ws10,0,cell1_baseline,2,3,34233,43.0003,471,0.591627,20154,200,0
NW,19903,ws10,0,cell1_baseline,2,4,33402,41.9565,471,0.591627,19322,200,0
NW,19903,ws10,0,cell1_baseline,2,5,31163,39.1441,471,0.591627,18248,200,0
NW,19903,ws10,0,cell2_ground,0,3,33604,42.2102,471,0.591627,19941,200,0
NW,19903,ws10,0,cell2_ground,0,2,35317,44.362,471,0.591627,21044,200,0
NW,19903,ws10,0,cell2_ground,0,4,31110,39.0775,471,0.591627,18356,200,0
NW,19903,ws10,0,cell2_ground,0,1,37391,46.9671,471,0.591627,22052,200,0
NW,19903,ws10,0,cell2_ground,2,3,35113,44.1057,471,0.591627,20611,200,0
NW,19903,ws10,0,cell2_ground,2,2,36740,46.1494,471,0.591627,21428,200,0
NW,19903,ws10,0,cell2_ground,2,5,36920,46.3755,471,0.591627,21460,200,0
NW,19903,ws10,0,cell2_ground,2,1,37570,47.192,471,0.591627,21962,200,0
NW,19903,ws10,0,cell2_ground,0,5,36882,46.3278,471,0.591627,21823,200,0
NW,19903,ws10,0,cell4_highonly,0,2,43,0.0540126,471,0.591627,32,200,0
NW,19903,ws10,0,cell4_highonly,0,4,26,0.0326588,471,0.591627,22,200,0
NW,19903,ws10,0,cell4_highonly,0,3,74,0.092952,471,0.591627,55,200,0
NW,19903,ws10,0,cell2_ground,2,4,32878,41.2983,471,0.591627,19287,200,0
NW,19903,ws10,0,cell4_highonly,2,2,294,0.369296,471,0.591627,140,200,0
NW,19903,ws10,0,cell3_lowonly,0,2,37132,46.6418,471,0.591627,21491,200,0
NW,19903,ws10,0,cell4_highonly,2,4,106,0.133147,471,0.591627,51,200,0
NW,19903,ws10,0,cell3_lowonly,0,1,38868,48.8224,471,0.591627,22602,200,0
NW,19903,ws10,0,cell3_lowonly,0,3,36577,45.9447,471,0.591627,21146,200,0
NW,19903,ws10,0,cell3_lowonly,0,4,36962,46.4283,471,0.591627,21373,200,0
NW,19903,ws10,0,cell3_lowonly,2,1,38963,48.9417,471,0.591627,22635,200,0
NW,19903,ws10,0,cell3_lowonly,0,5,38240,48.0336,471,0.591627,22203,200,0
NW,19903,ws10,0,cell4_highonly,0,1,35142,44.1421,471,0.591627,20576,200,0
NW,19903,ws10,0,cell3_lowonly,2,2,38304,48.114,471,0.591627,22186,200,0
NW,19903,ws10,0,cell3_lowonly,2,3,37807,47.4897,471,0.591627,21902,200,0
NW,19903,ws10,0,cell4_highonly,0,5,36460,45.7977,471,0.591627,21193,200,0
NW,19903,ws10,0,cell3_lowonly,2,5,38332,48.1491,471,0.591627,22282,200,0
NW,19903,ws10,0,cell4_highonly,2,1,35697,44.8393,471,0.591627,20419,200,0
NW,19903,ws10,0,cell3_lowonly,2,4,36902,46.3529,471,0.591627,21370,200,0
NW,19903,ws10,0,cell4_highonly,2,3,36026,45.2525,471,0.591627,20605,200,0
NW,19903,ws10,0,cell4_highonly,2,5,36095,45.3392,471,0.591627,20712,200,0
NW,19903,ws10,0,cell5_hilly,0,1,38764,48.6918,471,0.591627,22465,200,0
NW,19903,ws10,0,cell5_hilly,0,2,38176,47.9532,471,0.591627,22090,200,0
NW,19903,ws10,0,cell5_hilly,0,3,37707,47.3641,471,0.591627,21805,200,0
NW,19903,ws10,0,cell5_hilly,2,3,37663,47.3088,471,0.591627,21771,200,0
NW,19903,ws10,0,cell5_hilly,0,4,36743,46.1532,471,0.591627,21133,200,0
NW,19903,ws10,0,cell5_hilly,0,5,38173,47.9494,471,0.591627,22168,200,0
NW,19903,ws10,0,cell5_hilly,2,2,38154,47.9255,471,0.591627,22058,200,0
NW,19903,ws10,90,none,0,1,33595,42.1989,0,0.0,19578,200,0
NW,19903,ws10,90,none,0,2,33680,42.3057,0,0.0,19683,200,0
NW,19903,ws10,0,cell5_hilly,2,1,38711,48.6252,471,0.591627,22403,200,0
NW,19903,ws10,90,none,0,3,34386,43.1925,0,0.0,20195,200,0
NW,19903,ws10,90,none,0,5,33825,42.4878,0,0.0,19818,200,0
NW,19903,ws10,90,none,0,4,34451,43.2742,0,0.0,20263,200,0
NW,19903,ws10,90,random,0,1,33425,41.9854,471,0.591627,19414,200,0
NW,19903,ws10,90,random,0,2,33389,41.9402,471,0.591627,19387,200,0
NW,19903,ws10,90,random,0,3,33153,41.6437,471,0.591627,19418,200,0
NW,19903,ws10,90,random,0,4,34241,43.0104,471,0.591627,20004,200,0
NW,19903,ws10,90,random,0,5,33684,42.3107,471,0.591627,19740,200,0
NW,19903,ws10,0,cell5_hilly,2,4,36680,46.074,471,0.591627,21135,200,0
NW,19903,ws10,90,random,2,1,33442,42.0068,471,0.591627,19385,200,0
NW,19903,ws10,90,random,2,2,33469,42.0407,471,0.591627,19412,200,0
NW,19903,ws10,90,random,2,3,33180,41.6777,471,0.591627,19358,200,0
NW,19903,ws10,90,random,2,4,34244,43.0142,471,0.591627,20049,200,0
NW,19903,ws10,90,random,2,5,33689,42.317,471,0.591627,19587,200,0
NW,19903,ws10,0,cell6_barriers,0,1,38868,48.8224,471,0.591627,22602,200,0
NW,19903,ws10,0,cell6_barriers,0,2,37132,46.6418,471,0.591627,21491,200,0
NW,19903,ws10,0,cell6_barriers,0,3,36577,45.9447,471,0.591627,21146,200,0
NW,19903,ws10,0,cell5_hilly,2,5,38196,47.9783,471,0.591627,22113,200,0
NW,19903,ws10,90,proximity,0,2,12477,15.6725,471,0.591627,8049,200,0
NW,19903,ws10,90,proximity,0,1,14158,17.784,471,0.591627,9330,200,0
NW,19903,ws10,0,cell6_barriers,0,4,36962,46.4283,471,0.591627,21373,200,0
NW,19903,ws10,0,cell6_barriers,0,5,38240,48.0336,471,0.591627,22203,200,0
NW,19903,ws10,90,proximity,0,3,18492,23.2279,471,0.591627,11752,200,0
NW,19903,ws10,90,proximity,0,4,18086,22.718,471,0.591627,11334,200,0
NW,19903,ws10,0,cell6_barriers,2,3,37807,47.4897,471,0.591627,21902,200,0
NW,19903,ws10,0,cell6_barriers,2,1,38963,48.9417,471,0.591627,22635,200,0
NW,19903,ws10,90,proximity,2,5,17946,22.5421,471,0.591627,11269,200,0
NW,19903,ws10,0,cell6_barriers,2,4,36902,46.3529,471,0.591627,21370,200,0
NW,19903,ws10,90,proximity,2,2,21258,26.7023,471,0.591627,12890,200,0
NW,19903,ws10,90,proximity,2,4,17183,21.5837,471,0.591627,10461,200,0
NW,19903,ws10,0,cell6_barriers,2,2,38304,48.114,471,0.591627,22186,200,0
NW,19903,ws10,90,proximity,0,5,21623,27.1608,471,0.591627,13771,200,0
NW,19903,ws10,90,open_anchor,0,3,17792,22.3487,471,0.591627,11269,200,0
NW,19903,ws10,90,proximity,2,1,26172,32.8749,471,0.591627,15478,200,0
NW,19903,ws10,0,cell6_barriers,2,5,38332,48.1491,471,0.591627,22282,200,0
NW,19903,ws10,90,proximity,2,3,25338,31.8273,471,0.591627,14988,200,0
NW,19903,ws10,90,open_anchor,0,1,30801,38.6894,471,0.591627,18227,200,0
NW,19903,ws10,90,open_anchor,0,4,20624,25.906,471,0.591627,12971,200,0
NW,19903,ws10,90,cell1_baseline,0,1,19367,24.327,471,0.591627,12092,200,0
NW,19903,ws10,90,open_anchor,0,5,19621,24.6461,471,0.591627,12338,200,0
NW,19903,ws10,90,cell1_baseline,0,2,20571,25.8394,471,0.591627,12789,200,0
NW,19903,ws10,90,open_anchor,2,3,20109,25.2591,471,0.591627,12249,200,0
NW,19903,ws10,90,open_anchor,0,2,27576,34.6384,471,0.591627,16472,200,0
NW,19903,ws10,90,cell2_ground,0,2,73,0.0916959,471,0.591627,55,200,0
NW,19903,ws10,90,open_anchor,2,4,19419,24.3924,471,0.591627,11784,200,0
NW,19903,ws10,90,cell1_baseline,0,3,22474,28.2298,471,0.591627,13850,200,0
NW,19903,ws10,90,open_anchor,2,5,25701,32.2832,471,0.591627,15174,200,0
NW,19903,ws10,90,cell1_baseline,0,4,25815,32.4264,471,0.591627,15649,200,0
NW,19903,ws10,90,open_anchor,2,1,27018,33.9375,471,0.591627,15668,200,0
NW,19903,ws10,90,open_anchor,2,2,32405,40.7042,471,0.591627,18985,200,0
NW,19903,ws10,90,cell1_baseline,0,5,23346,29.3251,471,0.591627,14384,200,0
NW,19903,ws10,90,cell1_baseline,2,2,18748,23.5495,471,0.591627,11317,200,0
NW,19903,ws10,90,cell1_baseline,2,4,23793,29.8866,471,0.591627,13978,200,0
NW,19903,ws10,90,cell1_baseline,2,1,29206,36.6859,471,0.591627,17223,200,0
NW,19903,ws10,90,cell2_ground,0,3,26221,32.9364,471,0.591627,15849,200,0
NW,19903,ws10,90,cell1_baseline,2,3,26738,33.5858,471,0.591627,15663,200,0
NW,19903,ws10,90,cell1_baseline,2,5,24783,31.1301,471,0.591627,14808,200,0
NW,19903,ws10,90,cell2_ground,0,1,28385,35.6546,471,0.591627,16847,200,0
NW,19903,ws10,90,cell2_ground,0,4,32132,40.3613,471,0.591627,19168,200,0
NW,19903,ws10,90,cell2_ground,2,2,28940,36.3518,471,0.591627,17097,200,0
NW,19903,ws10,90,cell2_ground,2,1,30330,38.0978,471,0.591627,17687,200,0
NW,19903,ws10,90,cell2_ground,0,5,32302,40.5748,471,0.591627,19127,200,0
NW,19903,ws10,90,cell2_ground,2,3,30317,38.0814,471,0.591627,17607,200,0
NW,19903,ws10,90,cell2_ground,2,4,31787,39.9279,471,0.591627,18533,200,0
NW,19903,ws10,90,cell4_highonly,0,3,52,0.0653176,471,0.591627,38,200,0
NW,19903,ws10,90,cell4_highonly,0,4,31,0.0389393,471,0.591627,27,200,0
NW,19903,ws10,90,cell2_ground,2,5,31286,39.2986,471,0.591627,18341,200,0
NW,19903,ws10,90,cell4_highonly,2,1,443,0.556456,471,0.591627,197,200,0
NW,19903,ws10,90,cell3_lowonly,0,2,31916,40.0899,471,0.591627,18650,200,0
NW,19903,ws10,90,cell4_highonly,0,1,23834,29.9381,471,0.591627,14028,200,0
NW,19903,ws10,90,cell4_highonly,2,4,79,0.0992325,471,0.591627,43,200,0
NW,19903,ws10,90,cell3_lowonly,0,3,34139,42.8823,471,0.591627,19906,200,0
NW,19903,ws10,90,cell3_lowonly,0,1,33417,41.9754,471,0.591627,19402,200,0
NW,19903,ws10,90,cell3_lowonly,0,5,33650,42.268,471,0.591627,19612,200,0
NW,19903,ws10,90,cell3_lowonly,0,4,34177,42.93,471,0.591627,19953,200,0
NW,19903,ws10,90,cell3_lowonly,2,1,33378,41.9264,471,0.591627,19434,200,0
NW,19903,ws10,90,cell3_lowonly,2,2,33410,41.9666,471,0.591627,19466,200,0
NW,19903,ws10,90,cell3_lowonly,2,4,34272,43.0493,471,0.591627,20055,200,0
NW,19903,ws10,90,cell4_highonly,0,5,32865,41.282,471,0.591627,19376,200,0
NW,19903,ws10,90,cell4_highonly,0,2,32632,40.9893,471,0.591627,19111,200,0
NW,19903,ws10,90,cell3_lowonly,2,5,33629,42.2417,471,0.591627,19569,200,0
NW,19903,ws10,90,cell3_lowonly,2,3,34197,42.9551,471,0.591627,20024,200,0
NW,19903,ws10,90,cell4_highonly,2,2,30759,38.6366,471,0.591627,17632,200,0
NW,19903,ws10,90,cell4_highonly,2,3,31252,39.2559,471,0.591627,17968,200,0
NW,19903,ws10,90,cell5_hilly,0,2,33605,42.2115,471,0.591627,19558,200,0
NW,19903,ws10,90,cell4_highonly,2,5,33269,41.7895,471,0.591627,19280,200,0
NW,19903,ws10,90,cell5_hilly,0,1,33506,42.0871,471,0.591627,19508,200,0
NW,19903,ws10,90,cell5_hilly,0,3,34288,43.0694,471,0.591627,20147,200,0
NW,19903,ws10,90,cell5_hilly,0,5,33729,42.3673,471,0.591627,19727,200,0
NW,19903,ws10,90,cell5_hilly,0,4,34352,43.1498,471,0.591627,20156,200,0
NW,19903,ws10,90,cell5_hilly,2,1,33505,42.0859,471,0.591627,19506,200,0
NW,19903,ws10,90,cell6_barriers,0,2,31916,40.0899,471,0.591627,18650,200,0
NW,19903,ws10,180,none,0,1,24644,30.9555,0,0.0,13671,200,0
NW,19903,ws10,180,none,0,2,24688,31.0108,0,0.0,13712,200,0
NW,19903,ws10,180,none,0,3,24895,31.2708,0,0.0,13949,200,0
NW,19903,ws10,180,none,0,4,24419,30.6729,0,0.0,13607,200,0
NW,19903,ws10,180,none,0,5,24196,30.3928,0,0.0,13487,200,0
NW,19903,ws10,180,random,0,1,24551,30.8387,471,0.591627,13696,200,0
NW,19903,ws10,90,cell6_barriers,0,1,33417,41.9754,471,0.591627,19402,200,0
NW,19903,ws10,180,random,0,2,24450,30.7118,471,0.591627,13580,200,0
NW,19903,ws10,180,random,0,3,24665,30.9819,471,0.591627,13767,200,0
NW,19903,ws10,90,cell5_hilly,2,2,33610,42.2178,471,0.591627,19638,200,0
NW,19903,ws10,180,random,0,4,24382,30.6264,471,0.591627,13611,200,0
NW,19903,ws10,180,random,0,5,24073,30.2383,471,0.591627,13336,200,0
NW,19903,ws10,180,random,2,1,24568,30.8601,471,0.591627,13633,200,0
NW,19903,ws10,180,random,2,3,24671,30.9894,471,0.591627,13747,200,0
NW,19903,ws10,180,random,2,2,24443,30.703,471,0.591627,13570,200,0
NW,19903,ws10,180,random,2,4,24383,30.6277,471,0.591627,13552,200,0
NW,19903,ws10,180,random,2,5,24048,30.2069,471,0.591627,13260,200,0
NW,19903,ws10,90,cell5_hilly,2,3,34291,43.0732,471,0.591627,20117,200,0
NW,19903,ws10,180,proximity,0,3,345,0.433357,471,0.591627,253,200,0
NW,19903,ws10,90,cell5_hilly,2,5,33740,42.3811,471,0.591627,19732,200,0
NW,19903,ws10,180,proximity,0,4,3126,3.92659,471,0.591627,1895,200,0
NW,19903,ws10,90,cell5_hilly,2,4,34349,43.146,471,0.591627,20169,200,0
NW,19903,ws10,90,cell6_barriers,0,5,33650,42.268,471,0.591627,19612,200,0
NW,19903,ws10,180,proximity,0,2,4783,6.00796,471,0.591627,2842,200,0
NW,19903,ws10,180,proximity,0,5,3150,3.95674,471,0.591627,2075,200,0
NW,19903,ws10,180,proximity,2,4,3022,3.79596,471,0.591627,1617,200,0
NW,19903,ws10,180,proximity,2,2,8407,10.5601,471,0.591627,4742,200,0
NW,19903,ws10,90,cell6_barriers,0,3,34139,42.8823,471,0.591627,19906,200,0
NW,19903,ws10,180,proximity,2,1,12386,15.5582,471,0.591627,7266,200,0
NW,19903,ws10,180,proximity,2,3,4793,6.02052,471,0.591627,2796,200,0
NW,19903,ws10,180,proximity,2,5,6196,7.78284,471,0.591627,3278,200,0
NW,19903,ws10,90,cell6_barriers,0,4,34177,42.93,471,0.591627,19953,200,0
NW,19903,ws10,180,proximity,0,1,12620,15.8521,471,0.591627,7603,200,0
NW,19903,ws10,180,open_anchor,0,2,3320,4.17028,471,0.591627,2210,200,0
NW,19903,ws10,180,open_anchor,0,1,14431,18.1269,471,0.591627,8542,200,0
NW,19903,ws10,180,open_anchor,0,3,14820,18.6155,471,0.591627,8335,200,0
NW,19903,ws10,90,cell6_barriers,2,1,33378,41.9264,471,0.591627,19434,200,0
NW,19903,ws10,90,cell6_barriers,2,5,33629,42.2417,471,0.591627,19569,200,0
NW,19903,ws10,180,cell1_baseline,0,3,87,0.109281,471,0.591627,67,200,0
NW,19903,ws10,90,cell6_barriers,2,3,34197,42.9551,471,0.591627,20024,200,0
NW,19903,ws10,180,cell1_baseline,0,4,77,0.0967203,471,0.591627,66,200,0
NW,19903,ws10,180,open_anchor,0,4,16792,21.0926,471,0.591627,9561,200,0
NW,19903,ws10,90,cell6_barriers,2,2,33410,41.9666,471,0.591627,19466,200,0
NW,19903,ws10,180,cell1_baseline,2,4,47,0.0590371,471,0.591627,27,200,0
NW,19903,ws10,180,cell1_baseline,0,2,2985,3.74948,471,0.591627,1870,200,0
NW,19903,ws10,180,open_anchor,2,4,15346,19.2762,471,0.591627,8602,200,0
NW,19903,ws10,90,cell6_barriers,2,4,34272,43.0493,471,0.591627,20055,200,0
NW,19903,ws10,180,open_anchor,2,2,18414,23.13,471,0.591627,10446,200,0
NW,19903,ws10,180,open_anchor,2,1,17562,22.0598,471,0.591627,9793,200,0
NW,19903,ws10,180,cell2_ground,0,4,10,0.0125611,471,0.591627,10,200,0
NW,19903,ws10,180,open_anchor,2,3,20183,25.352,471,0.591627,11312,200,0
NW,19903,ws10,180,open_anchor,0,5,19594,24.6122,471,0.591627,11228,200,0
NW,19903,ws10,180,cell1_baseline,0,1,18664,23.444,471,0.591627,10776,200,0
NW,19903,ws10,180,cell1_baseline,0,5,15355,19.2875,471,0.591627,8672,200,0
NW,19903,ws10,180,cell1_baseline,2,2,16300,20.4746,471,0.591627,9275,200,0
NW,19903,ws10,180,cell1_baseline,2,1,14849,18.6519,471,0.591627,8530,200,0
NW,19903,ws10,180,open_anchor,2,5,21620,27.1571,471,0.591627,12026,200,0
NW,19903,ws10,180,cell1_baseline,2,3,18898,23.7379,471,0.591627,10570,200,0
NW,19903,ws10,180,cell1_baseline,2,5,17904,22.4894,471,0.591627,10011,200,0
NW,19903,ws10,180,cell2_ground,0,3,23918,30.0436,471,0.591627,13484,200,0
NW,19903,ws10,180,cell2_ground,0,1,21946,27.5665,471,0.591627,12487,200,0
NW,19903,ws10,180,cell2_ground,0,5,22226,27.9183,471,0.591627,12689,200,0
NW,19903,ws10,180,cell2_ground,0,2,23633,29.6856,471,0.591627,13402,200,0
NW,19903,ws10,180,cell3_lowonly,0,1,24496,30.7696,471,0.591627,13557,200,0
NW,19903,ws10,180,cell2_ground,2,4,20598,25.8733,471,0.591627,11527,200,0
NW,19903,ws10,180,cell2_ground,2,2,23032,28.9307,471,0.591627,12760,200,0
NW,19903,ws10,180,cell2_ground,2,1,23025,28.9219,471,0.591627,12670,200,0
NW,19903,ws10,180,cell2_ground,2,3,23917,30.0423,471,0.591627,13266,200,0
NW,19903,ws10,180,cell4_highonly,0,3,68,0.0854153,471,0.591627,49,200,0
NW,19903,ws10,180,cell4_highonly,0,4,24,0.0301466,471,0.591627,22,200,0
NW,19903,ws10,180,cell4_highonly,0,5,166,0.208514,471,0.591627,123,200,0
NW,19903,ws10,180,cell2_ground,2,5,22996,28.8855,471,0.591627,12698,200,0
NW,19903,ws10,180,cell3_lowonly,0,3,23740,29.82,471,0.591627,13246,200,0
NW,19903,ws10,180,cell3_lowonly,0,4,23354,29.3351,471,0.591627,13012,200,0
NW,19903,ws10,180,cell4_highonly,2,4,86,0.108025,471,0.591627,47,200,0
NW,19903,ws10,180,cell3_lowonly,0,2,24034,30.1893,471,0.591627,13381,200,0
NW,19903,ws10,180,cell4_highonly,2,5,474,0.595395,471,0.591627,232,200,0
NW,19903,ws10,180,cell3_lowonly,0,5,24036,30.1918,471,0.591627,13334,200,0
NW,19903,ws10,180,cell3_lowonly,2,1,24436,30.6943,471,0.591627,13537,200,0
NW,19903,ws10,180,cell4_highonly,0,2,18388,23.0973,471,0.591627,10897,200,0
NW,19903,ws10,180,cell4_highonly,0,1,23001,28.8917,471,0.591627,13427,200,0
NW,19903,ws10,180,cell3_lowonly,2,2,24433,30.6905,471,0.591627,13518,200,0
NW,19903,ws10,180,cell4_highonly,2,3,24307,30.5322,471,0.591627,13389,200,0
NW,19903,ws10,180,cell4_highonly,2,2,22848,28.6996,471,0.591627,12518,200,0
NW,19903,ws10,180,cell3_lowonly,2,5,24096,30.2672,471,0.591627,13307,200,0
NW,19903,ws10,180,cell3_lowonly,2,4,24289,30.5096,471,0.591627,13530,200,0
NW,19903,ws10,180,cell3_lowonly,2,3,24716,31.046,471,0.591627,13801,200,0
NW,19903,ws10,180,cell4_highonly,2,1,23448,29.4532,471,0.591627,12840,200,0
NW,19903,ws10,180,cell5_hilly,0,3,24815,31.1703,471,0.591627,13851,200,0
NW,19903,ws10,180,cell5_hilly,0,1,24562,30.8525,471,0.591627,13633,200,0
NW,19903,ws10,180,cell5_hilly,0,4,24323,30.5523,471,0.591627,13562,200,0
NW,19903,ws10,180,cell5_hilly,0,2,24605,30.9065,471,0.591627,13595,200,0
NW,19903,ws10,180,cell5_hilly,0,5,24121,30.2986,471,0.591627,13333,200,0
NW,19903,ws10,180,cell5_hilly,2,4,24325,30.5548,471,0.591627,13500,200,0
NW,19903,ws10,180,cell5_hilly,2,1,24554,30.8425,471,0.591627,13629,200,0
NW,19903,ws10,270,none,0,1,25912,32.5483,0,0.0,14845,200,0
NW,19903,ws10,270,none,0,2,25757,32.3536,0,0.0,14723,200,0
NW,19903,ws10,270,none,0,3,25551,32.0948,0,0.0,14601,200,0
NW,19903,ws10,270,none,0,4,24984,31.3826,0,0.0,14196,200,0
NW,19903,ws10,270,none,0,5,25501,32.032,0,0.0,14519,200,0
NW,19903,ws10,270,random,0,1,25744,32.3372,471,0.591627,14728,200,0
NW,19903,ws10,270,random,0,2,25629,32.1928,471,0.591627,14643,200,0
NW,19903,ws10,270,random,0,3,25398,31.9026,471,0.591627,14442,200,0
NW,19903,ws10,270,random,0,4,24868,31.2369,471,0.591627,14117,200,0
NW,19903,ws10,270,random,0,5,25412,31.9202,471,0.591627,14521,200,0
NW,19903,ws10,180,cell5_hilly,2,2,24590,30.8877,471,0.591627,13650,200,0
NW,19903,ws10,270,random,2,1,25798,32.4051,471,0.591627,14771,200,0
NW,19903,ws10,270,random,2,2,25646,32.2141,471,0.591627,14640,200,0
NW,19903,ws10,270,random,2,3,25381,31.8813,471,0.591627,14403,200,0
NW,19903,ws10,270,random,2,4,24872,31.2419,471,0.591627,14081,200,0
NW,19903,ws10,270,random,2,5,25417,31.9265,471,0.591627,14479,200,0
NW,19903,ws10,180,cell5_hilly,2,3,24820,31.1766,471,0.591627,13885,200,0
NW,19903,ws10,180,cell6_barriers,0,4,23355,29.3364,471,0.591627,12946,200,0
NW,19903,ws10,270,proximity,0,4,189,0.237404,471,0.591627,138,200,0
NW,19903,ws10,180,cell5_hilly,2,5,24127,30.3061,471,0.591627,13381,200,0
NW,19903,ws10,270,proximity,0,2,2240,2.81368,471,0.591627,1433,200,0
NW,19903,ws10,180,cell6_barriers,0,1,24496,30.7696,471,0.591627,13557,200,0
NW,19903,ws10,180,cell6_barriers,0,2,24034,30.1893,471,0.591627,13381,200,0
NW,19903,ws10,270,proximity,0,1,2609,3.27719,471,0.591627,1756,200,0
NW,19903,ws10,180,cell6_barriers,0,3,23740,29.82,471,0.591627,13246,200,0
NW,19903,ws10,180,cell6_barriers,0,5,24036,30.1918,471,0.591627,13334,200,0
NW,19903,ws10,270,proximity,2,2,3144,3.9492,471,0.591627,1843,200,0
NW,19903,ws10,270,proximity,2,3,4650,5.8409,471,0.591627,2812,200,0
NW,19903,ws10,270,proximity,2,4,4207,5.28445,471,0.591627,2437,200,0
NW,19903,ws10,270,open_anchor,0,3,124,0.155757,471,0.591627,84,200,0
NW,19903,ws10,270,open_anchor,0,4,220,0.276344,471,0.591627,156,200,0
NW,19903,ws10,180,cell6_barriers,2,4,24289,30.5096,471,0.591627,13530,200,0
NW,19903,ws10,180,cell6_barriers,2,5,24096,30.2672,471,0.591627,13307,200,0
NW,19903,ws10,270,proximity,0,3,14134,17.7538,471,0.591627,8789,200,0
NW,19903,ws10,180,cell6_barriers,2,3,24716,31.046,471,0.591627,13801,200,0
NW,19903,ws10,180,cell6_barriers,2,2,24433,30.6905,471,0.591627,13518,200,0
NW,19903,ws10,180,cell6_barriers,2,1,24436,30.6943,471,0.591627,13537,200,0
NW,19903,ws10,270,proximity,2,1,14494,18.206,471,0.591627,8789,200,0
NW,19903,ws10,270,open_anchor,0,2,15289,19.2046,471,0.591627,9200,200,0
NW,19903,ws10,270,open_anchor,0,1,17198,21.6025,471,0.591627,10177,200,0
NW,19903,ws10,270,open_anchor,2,5,17094,21.4719,471,0.591627,9996,200,0
NW,19903,ws10,270,cell1_baseline,0,1,11165,14.0244,471,0.591627,6984,200,0
NW,19903,ws10,270,cell1_baseline,0,4,14924,18.7462,471,0.591627,8897,200,0
NW,19903,ws10,270,cell1_baseline,0,3,17554,22.0497,471,0.591627,10615,200,0
NW,19903,ws10,270,cell1_baseline,2,1,14993,18.8328,471,0.591627,9021,200,0
NW,19903,ws10,270,open_anchor,2,1,23491,29.5072,471,0.591627,13567,200,0
NW,19903,ws10,270,open_anchor,2,3,23116,29.0362,471,0.591627,13343,200,0
NW,19903,ws10,270,proximity,0,5,23657,29.7157,471,0.591627,13961,200,0
NW,19903,ws10,270,proximity,2,5,23453,29.4595,471,0.591627,13412,200,0
NW,19903,ws10,270,open_anchor,2,4,23432,29.4331,471,0.591627,13214,200,0
NW,19903,ws10,270,open_anchor,2,2,23332,29.3075,471,0.591627,13337,200,0
NW,19903,ws10,270,open_anchor,0,5,24584,30.8802,471,0.591627,14260,200,0
NW,19903,ws10,270,cell1_baseline,2,5,9830,12.3475,471,0.591627,5298,200,0
NW,19903,ws10,270,cell1_baseline,2,3,21419,26.9046,471,0.591627,12563,200,0
NW,19903,ws10,270,cell1_baseline,0,5,21470,26.9686,471,0.591627,12755,200,0
NW,19903,ws10,270,cell1_baseline,0,2,23627,29.6781,471,0.591627,14039,200,0
NW,19903,ws10,270,cell2_ground,2,2,18106,22.7431,471,0.591627,10430,200,0
NW,19903,ws10,270,cell1_baseline,2,2,23915,30.0398,471,0.591627,13490,200,0
NW,19903,ws10,270,cell2_ground,0,2,22817,28.6606,471,0.591627,13280,200,0
NW,19903,ws10,270,cell2_ground,2,3,19214,24.1349,471,0.591627,10968,200,0
NW,19903,ws10,270,cell2_ground,0,1,24775,31.1201,471,0.591627,14436,200,0
NW,19903,ws10,270,cell2_ground,2,4,19837,24.9174,471,0.591627,11447,200,0
NW,19903,ws10,270,cell2_ground,0,4,22494,28.2549,471,0.591627,13087,200,0
NW,19903,ws10,270,cell1_baseline,2,4,23414,29.4105,471,0.591627,13438,200,0
NW,19903,ws10,270,cell2_ground,0,3,22602,28.3905,471,0.591627,13243,200,0
NW,19903,ws10,270,cell2_ground,0,5,22194,27.8781,471,0.591627,12944,200,0
NW,19903,ws10,270,cell2_ground,2,1,23778,29.8677,471,0.591627,13709,200,0
NW,19903,ws10,270,cell4_highonly,0,3,73,0.0916959,471,0.591627,47,200,0
NW,19903,ws10,270,cell4_highonly,0,4,33,0.0414516,471,0.591627,28,200,0
NW,19903,ws10,270,cell2_ground,2,5,24261,30.4744,471,0.591627,13702,200,0
NW,19903,ws10,270,cell3_lowonly,0,1,25766,32.3649,471,0.591627,14670,200,0
NW,19903,ws10,270,cell3_lowonly,2,2,25615,32.1752,471,0.591627,14649,200,0
NW,19903,ws10,270,cell4_highonly,2,3,352,0.44215,471,0.591627,182,200,0
NW,19903,ws10,270,cell4_highonly,2,4,92,0.115562,471,0.591627,44,200,0
NW,19903,ws10,270,cell4_highonly,2,5,321,0.403211,471,0.591627,175,200,0
NW,19903,ws10,270,cell3_lowonly,0,2,25635,32.2003,471,0.591627,14647,200,0
NW,19903,ws10,270,cell3_lowonly,0,3,25091,31.517,471,0.591627,14264,200,0
NW,19903,ws10,270,cell4_highonly,2,2,17270,21.693,471,0.591627,10048,200,0
NW,19903,ws10,270,cell3_lowonly,0,5,25386,31.8876,471,0.591627,14422,200,0
NW,19903,ws10,270,cell3_lowonly,2,1,25800,32.4076,471,0.591627,14751,200,0
NW,19903,ws10,270,cell3_lowonly,0,4,24874,31.2444,471,0.591627,14087,200,0
NW,19903,ws10,270,cell3_lowonly,2,4,24858,31.2243,471,0.591627,14112,200,0
NW,19903,ws10,270,cell4_highonly,0,2,25027,31.4366,471,0.591627,14301,200,0
NW,19903,ws10,270,cell4_highonly,0,1,25096,31.5233,471,0.591627,14383,200,0
NW,19903,ws10,270,cell4_highonly,0,5,24485,30.7558,471,0.591627,14295,200,0
NW,19903,ws10,270,cell3_lowonly,2,3,25446,31.9629,471,0.591627,14444,200,0
NW,19903,ws10,270,cell3_lowonly,2,5,25343,31.8335,471,0.591627,14358,200,0
NW,19903,ws10,270,cell4_highonly,2,1,24567,30.8588,471,0.591627,14005,200,0
NW,19903,ws10,270,cell5_hilly,0,3,25471,31.9943,471,0.591627,14495,200,0
NW,19903,ws10,270,cell5_hilly,0,1,25834,32.4503,471,0.591627,14640,200,0
NW,19903,ws10,270,cell6_barriers,0,1,25766,32.3649,471,0.591627,14670,200,0
NW,19903,ws10,270,cell5_hilly,0,2,25673,32.2481,471,0.591627,14652,200,0
NW,19903,ws10,270,cell5_hilly,0,5,25418,31.9277,471,0.591627,14418,200,0
NW,19903,ws10,270,cell5_hilly,2,2,25670,32.2443,471,0.591627,14620,200,0
NW,19903,ws10,270,cell5_hilly,0,4,24883,31.2557,471,0.591627,14031,200,0
NW,19903,ws25,0,none,0,1,29988,37.6682,0,0.0,15989,200,0
NW,19903,ws25,0,none,0,2,29711,37.3202,0,0.0,15954,200,0
NW,19903,ws25,0,none,0,3,29428,36.9647,0,0.0,15751,200,0
NW,19903,ws25,0,none,0,4,29043,36.4811,0,0.0,15474,200,0
NW,19903,ws25,0,none,0,5,29700,37.3064,0,0.0,15930,200,0
NW,19903,ws25,0,random,0,1,29016,36.4472,471,0.591627,15206,200,0
NW,19903,ws25,0,random,0,2,28922,36.3292,471,0.591627,15332,200,0
NW,19903,ws25,0,random,0,3,26861,33.7403,471,0.591627,14060,200,0
NW,19903,ws25,0,random,0,4,28709,36.0616,471,0.591627,15174,200,0
NW,19903,ws25,0,random,0,5,29009,36.4384,471,0.591627,15363,200,0
NW,19903,ws25,0,random,2,1,29071,36.5163,471,0.591627,15228,200,0
NW,19903,ws10,270,cell5_hilly,2,1,25838,32.4553,471,0.591627,14656,200,0
NW,19903,ws10,270,cell5_hilly,2,4,24897,31.2733,471,0.591627,14068,200,0
NW,19903,ws25,0,random,2,2,28938,36.3492,471,0.591627,15379,200,0
NW,19903,ws10,270,cell5_hilly,2,3,25473,31.9968,471,0.591627,14445,200,0
NW,19903,ws25,0,random,2,3,26867,33.7478,471,0.591627,14115,200,0
NW,19903,ws25,0,random,2,4,28727,36.0842,471,0.591627,15180,200,0
NW,19903,ws25,0,random,2,5,29060,36.5025,471,0.591627,15397,200,0
NW,19903,ws25,0,proximity,0,1,93,0.116818,471,0.591627,67,200,0
NW,19903,ws25,0,proximity,0,2,52,0.0653176,471,0.591627,37,200,0
NW,19903,ws25,0,proximity,0,5,80,0.100489,471,0.591627,55,200,0
NW,19903,ws25,0,proximity,2,2,241,0.302722,471,0.591627,115,200,0
NW,19903,ws10,270,cell6_barriers,0,3,25091,31.517,471,0.591627,14264,200,0
NW,19903,ws10,270,cell5_hilly,2,5,25428,31.9403,471,0.591627,14420,200,0
NW,19903,ws10,270,cell6_barriers,0,4,24874,31.2444,471,0.591627,14087,200,0
NW,19903,ws25,0,proximity,2,4,348,0.437126,471,0.591627,161,200,0
NW,19903,ws25,0,proximity,0,3,10699,13.4391,471,0.591627,6723,200,0
NW,19903,ws10,270,cell6_barriers,0,2,25635,32.2003,471,0.591627,14647,200,0
NW,19903,ws25,0,open_anchor,0,4,44,0.0552687,471,0.591627,33,200,0
NW,19903,ws25,0,proximity,0,4,11760,14.7718,471,0.591627,7507,200,0
NW,19903,ws25,0,open_anchor,0,5,239,0.30021,471,0.591627,144,200,0
NW,19903,ws25,0,open_anchor,0,3,10975,13.7858,471,0.591627,5978,200,0
NW,19903,ws25,0,open_anchor,0,1,13732,17.2489,471,0.591627,8095,200,0
NW,19903,ws25,0,proximity,2,5,15747,19.7799,471,0.591627,8695,200,0
NW,19903,ws10,270,cell6_barriers,0,5,25386,31.8876,471,0.591627,14422,200,0
NW,19903,ws10,270,cell6_barriers,2,2,25615,32.1752,471,0.591627,14649,200,0
NW,19903,ws25,0,cell1_baseline,0,2,37,0.046476,471,0.591627,29,200,0
NW,19903,ws10,270,cell6_barriers,2,4,24858,31.2243,471,0.591627,14112,200,0
NW,19903,ws25,0,proximity,2,1,27845,34.9763,471,0.591627,14863,200,0
NW,19903,ws10,270,cell6_barriers,2,3,25446,31.9629,471,0.591627,14444,200,0
NW,19903,ws25,0,proximity,2,3,26607,33.4213,471,0.591627,14265,200,0
NW,19903,ws10,270,cell6_barriers,2,1,25800,32.4076,471,0.591627,14751,200,0
NW,19903,ws10,270,cell6_barriers,2,5,25343,31.8335,471,0.591627,14358,200,0
NW,19903,ws25,0,cell1_baseline,0,1,13022,16.357,471,0.591627,7672,200,0
NW,19903,ws25,0,cell1_baseline,2,4,500,0.628054,471,0.591627,223,200,0
NW,19903,ws25,0,open_anchor,0,2,25654,32.2242,471,0.591627,14181,200,0
NW,19903,ws25,0,open_anchor,2,1,24016,30.1667,471,0.591627,12214,200,0
NW,19903,ws25,0,open_anchor,2,5,22575,28.3566,471,0.591627,12519,200,0
NW,19903,ws25,0,open_anchor,2,2,24289,30.5096,471,0.591627,12993,200,0
NW,19903,ws25,0,cell1_baseline,0,5,17750,22.2959,471,0.591627,10136,200,0
NW,19903,ws25,0,cell1_baseline,0,4,17509,21.9932,471,0.591627,10160,200,0
NW,19903,ws25,0,open_anchor,2,3,26423,33.1901,471,0.591627,14244,200,0
NW,19903,ws25,0,cell1_baseline,2,2,16746,21.0348,471,0.591627,9150,200,0
NW,19903,ws25,0,cell1_baseline,0,3,21961,27.5854,471,0.591627,13005,200,0
NW,19903,ws25,0,open_anchor,2,4,25739,32.331,471,0.591627,13932,200,0
NW,19903,ws25,0,cell1_baseline,2,5,19749,24.8069,471,0.591627,11260,200,0
NW,19903,ws25,0,cell1_baseline,2,3,23943,30.075,471,0.591627,12783,200,0
NW,19903,ws25,0,cell1_baseline,2,1,26847,33.7227,471,0.591627,14964,200,0
NW,19903,ws25,0,cell2_ground,0,4,25997,32.655,471,0.591627,14456,200,0
NW,19903,ws25,0,cell2_ground,2,4,25230,31.6916,471,0.591627,13558,200,0
NW,19903,ws25,0,cell2_ground,0,3,26680,33.513,471,0.591627,14613,200,0
NW,19903,ws25,0,cell2_ground,0,5,26410,33.1738,471,0.591627,14610,200,0
NW,19903,ws25,0,cell2_ground,0,1,28568,35.8845,471,0.591627,15495,200,0
NW,19903,ws25,0,cell2_ground,0,2,27800,34.9198,471,0.591627,15292,200,0
NW,19903,ws25,0,cell2_ground,2,5,25946,32.591,471,0.591627,14114,200,0
NW,19903,ws25,0,cell2_ground,2,1,24790,31.1389,471,0.591627,13530,200,0
NW,19903,ws25,0,cell4_highonly,0,1,153,0.192185,471,0.591627,82,200,0
NW,19903,ws25,0,cell4_highonly,0,2,41,0.0515004,471,0.591627,29,200,0
NW,19903,ws25,0,cell4_highonly,0,4,32,0.0401955,471,0.591627,25,200,0
NW,19903,ws25,0,cell2_ground,2,2,27836,34.965,471,0.591627,14992,200,0
NW,19903,ws25,0,cell2_ground,2,3,27688,34.7791,471,0.591627,14754,200,0
NW,19903,ws25,0,cell4_highonly,0,5,73,0.0916959,471,0.591627,53,200,0
NW,19903,ws25,0,cell4_highonly,2,1,355,0.445918,471,0.591627,109,200,0
NW,19903,ws25,0,cell4_highonly,2,4,95,0.11933,471,0.591627,46,200,0
NW,19903,ws25,0,cell3_lowonly,0,1,29716,37.3265,471,0.591627,15783,200,0
NW,19903,ws25,0,cell3_lowonly,0,3,28588,35.9096,471,0.591627,15182,200,0
NW,19903,ws25,0,cell3_lowonly,0,2,28903,36.3053,471,0.591627,15371,200,0
NW,19903,ws25,0,cell3_lowonly,0,4,28692,36.0402,471,0.591627,15256,200,0
NW,19903,ws25,0,cell4_highonly,2,3,26426,33.1939,471,0.591627,13713,200,0
NW,19903,ws25,0,cell3_lowonly,2,2,29560,37.1305,471,0.591627,15777,200,0
NW,19903,ws25,0,cell3_lowonly,0,5,29440,36.9798,471,0.591627,15722,200,0
NW,19903,ws25,0,cell4_highonly,0,3,26450,33.2241,471,0.591627,14233,200,0
NW,19903,ws25,0,cell3_lowonly,2,4,28860,36.2513,471,0.591627,15259,200,0
NW,19903,ws25,0,cell3_lowonly,2,1,29782,37.4094,471,0.591627,15827,200,0
NW,19903,ws25,0,cell3_lowonly,2,3,29237,36.7248,471,0.591627,15523,200,0
NW,19903,ws25,0,cell4_highonly,2,2,25888,32.5181,471,0.591627,13416,200,0
NW,19903,ws25,0,cell3_lowonly,2,5,29487,37.0389,471,0.591627,15752,200,0
NW,19903,ws25,0,cell4_highonly,2,5,27199,34.1649,471,0.591627,14241,200,0
NW,19903,ws25,0,cell5_hilly,0,1,29623,37.2097,471,0.591627,15709,200,0
NW,19903,ws25,0,cell5_hilly,0,2,29412,36.9446,471,0.591627,15648,200,0
NW,19903,ws25,0,cell5_hilly,0,3,28998,36.4246,471,0.591627,15419,200,0
NW,19903,ws25,0,cell5_hilly,2,1,29625,37.2122,471,0.591627,15760,200,0
NW,19903,ws25,0,cell6_barriers,0,3,28588,35.9096,471,0.591627,15182,200,0
NW,19903,ws25,0,cell5_hilly,0,4,28628,35.9599,471,0.591627,15175,200,0
NW,19903,ws25,0,cell5_hilly,0,5,29392,36.9195,471,0.591627,15724,200,0
NW,19903,ws25,90,none,0,1,25597,32.1526,0,0.0,13836,200,0
NW,19903,ws25,90,none,0,2,25665,32.238,0,0.0,13887,200,0
NW,19903,ws25,0,cell5_hilly,2,2,29370,36.8919,471,0.591627,15660,200,0
NW,19903,ws25,90,none,0,3,25988,32.6437,0,0.0,14079,200,0
NW,19903,ws25,90,none,0,5,25735,32.3259,0,0.0,13992,200,0
NW,19903,ws25,90,none,0,4,26315,33.0545,0,0.0,14331,200,0
NW,19903,ws25,90,random,0,1,25528,32.0659,471,0.591627,13760,200,0
NW,19903,ws25,90,random,0,2,25515,32.0496,471,0.591627,13671,200,0
NW,19903,ws25,90,random,0,3,25829,32.444,471,0.591627,13966,200,0
NW,19903,ws25,90,random,0,5,25618,32.179,471,0.591627,13831,200,0
NW,19903,ws25,90,random,0,4,26203,32.9138,471,0.591627,14216,200,0
NW,19903,ws25,90,random,2,1,25524,32.0609,471,0.591627,13728,200,0
NW,19903,ws25,90,random,2,3,25832,32.4478,471,0.591627,13951,200,0
NW,19903,ws25,90,random,2,2,25521,32.0571,471,0.591627,13639,200,0
NW,19903,ws25,0,cell5_hilly,2,4,28780,36.1508,471,0.591627,15277,200,0
NW,19903,ws25,90,random,2,5,25623,32.1853,471,0.591627,13869,200,0
NW,19903,ws25,90,random,2,4,26212,32.9251,471,0.591627,14225,200,0
NW,19903,ws25,0,cell5_hilly,2,3,29020,36.4522,471,0.591627,15434,200,0
NW,19903,ws25,90,proximity,0,2,93,0.116818,471,0.591627,77,200,0
NW,19903,ws25,90,proximity,0,1,144,0.18088,471,0.591627,104,200,0
NW,19903,ws25,90,proximity,0,3,57,0.0715981,471,0.591627,42,200,0
NW,19903,ws25,0,cell6_barriers,0,2,28903,36.3053,471,0.591627,15371,200,0
NW,19903,ws25,0,cell6_barriers,0,1,29716,37.3265,471,0.591627,15783,200,0
NW,19903,ws25,0,cell5_hilly,2,5,29364,36.8843,471,0.591627,15676,200,0
NW,19903,ws25,90,proximity,2,4,151,0.189672,471,0.591627,64,200,0
NW,19903,ws25,90,open_anchor,0,1,127,0.159526,471,0.591627,79,200,0
NW,19903,ws25,0,cell6_barriers,2,2,29560,37.1305,471,0.591627,15777,200,0
NW,19903,ws25,90,open_anchor,0,3,153,0.192185,471,0.591627,86,200,0
NW,19903,ws25,0,cell6_barriers,2,1,29782,37.4094,471,0.591627,15827,200,0
NW,19903,ws25,0,cell6_barriers,0,4,28692,36.0402,471,0.591627,15256,200,0
NW,19903,ws25,90,open_anchor,2,1,213,0.267551,471,0.591627,85,200,0
NW,19903,ws25,0,cell6_barriers,0,5,29440,36.9798,471,0.591627,15722,200,0
NW,19903,ws25,0,cell6_barriers,2,4,28860,36.2513,471,0.591627,15259,200,0
NW,19903,ws25,90,proximity,2,1,18384,23.0923,471,0.591627,10421,200,0
NW,19903,ws25,90,proximity,2,3,13704,17.2137,471,0.591627,8745,200,0
NW,19903,ws25,90,proximity,0,5,14593,18.3304,471,0.591627,9475,200,0
NW,19903,ws25,90,proximity,2,5,12937,16.2503,471,0.591627,8378,200,0
NW,19903,ws25,90,proximity,0,4,17302,21.7332,471,0.591627,10238,200,0
NW,19903,ws25,90,proximity,2,2,15331,19.2574,471,0.591627,9556,200,0
NW,19903,ws25,90,open_anchor,0,2,17392,21.8462,471,0.591627,10486,200,0
NW,19903,ws25,0,cell6_barriers,2,3,29237,36.7248,471,0.591627,15523,200,0
NW,19903,ws25,90,cell1_baseline,2,2,284,0.356735,471,0.591627,107,200,0
NW,19903,ws25,0,cell6_barriers,2,5,29487,37.0389,471,0.591627,15752,200,0
NW,19903,ws25,90,open_anchor,0,4,19167,24.0758,471,0.591627,11377,200,0
NW,19903,ws25,90,open_anchor,0,5,15239,19.1418,471,0.591627,9825,200,0
NW,19903,ws25,90,open_anchor,2,2,20277,25.4701,471,0.591627,11480,200,0
NW,19903,ws25,90,cell1_baseline,0,4,11810,14.8346,471,0.591627,7528,200,0
NW,19903,ws25,90,open_anchor,2,4,22961,28.8415,471,0.591627,13259,200,0
NW,19903,ws25,90,cell1_baseline,0,1,15394,19.3365,471,0.591627,9416,200,0
NW,19903,ws25,90,open_anchor,2,5,20115,25.2666,471,0.591627,11449,200,0
NW,19903,ws25,90,cell1_baseline,2,4,15083,18.9459,471,0.591627,8532,200,0
NW,19903,ws25,90,cell1_baseline,0,5,15297,19.2147,471,0.591627,9702,200,0
NW,19903,ws25,90,open_anchor,2,3,22773,28.6053,471,0.591627,13026,200,0
NW,19903,ws25,90,cell1_baseline,2,3,18558,23.3108,471,0.591627,10548,200,0
NW,19903,ws25,90,cell1_baseline,2,5,18544,23.2933,471,0.591627,10888,200,0
NW,19903,ws25,90,cell1_baseline,0,3,20482,25.7276,471,0.591627,11740,200,0
NW,19903,ws25,90,cell1_baseline,0,2,21913,27.5251,471,0.591627,12727,200,0
NW,19903,ws25,90,cell1_baseline,2,1,23298,29.2648,471,0.591627,12775,200,0
NW,19903,ws25,90,cell2_ground,0,3,20592,25.8658,471,0.591627,11760,200,0
NW,19903,ws25,90,cell2_ground,0,4,20683,25.9801,471,0.591627,11771,200,0
NW,19903,ws25,90,cell2_ground,0,2,21498,27.0038,471,0.591627,12334,200,0
NW,19903,ws25,90,cell2_ground,2,3,17812,22.3738,471,0.591627,9873,200,0
NW,19903,ws25,90,cell2_ground,0,1,24048,30.2069,471,0.591627,13547,200,0
NW,19903,ws25,90,cell2_ground,0,5,21531,27.0453,471,0.591627,12116,200,0
NW,19903,ws25,90,cell2_ground,2,1,20991,26.367,471,0.591627,11893,200,0
NW,19903,ws25,90,cell4_highonly,0,1,56,0.070342,471,0.591627,44,200,0
NW,19903,ws25,90,cell4_highonly,0,2,46,0.057781,471,0.591627,34,200,0
NW,19903,ws25,90,cell2_ground,2,2,21159,26.578,471,0.591627,12216,200,0
NW,19903,ws25,90,cell4_highonly,0,3,66,0.0829031,471,0.591627,47,200,0
NW,19903,ws25,90,cell2_ground,2,4,21342,26.8079,471,0.591627,11945,200,0
NW,19903,ws25,90,cell4_highonly,0,4,27,0.0339149,471,0.591627,21,200,0
NW,19903,ws25,90,cell4_highonly,0,5,57,0.0715981,471,0.591627,39,200,0
NW,19903,ws25,90,cell2_ground,2,5,22098,27.7575,471,0.591627,12575,200,0
NW,19903,ws25,90,cell4_highonly,2,4,106,0.133147,471,0.591627,40,200,0
NW,19903,ws25,90,cell4_highonly,2,5,164,0.206002,471,0.591627,66,200,0
NW,19903,ws25,90,cell3_lowonly,0,2,24386,30.6314,471,0.591627,13194,200,0
NW,19903,ws25,90,cell3_lowonly,0,1,25184,31.6338,471,0.591627,13598,200,0
NW,19903,ws25,90,cell3_lowonly,2,1,25469,31.9918,471,0.591627,13677,200,0
NW,19903,ws25,90,cell3_lowonly,0,3,25832,32.4478,471,0.591627,13948,200,0
NW,19903,ws25,90,cell3_lowonly,2,2,25544,32.086,471,0.591627,13709,200,0
NW,19903,ws25,90,cell3_lowonly,2,4,26187,32.8937,471,0.591627,14203,200,0
NW,19903,ws25,90,cell3_lowonly,0,5,25534,32.0735,471,0.591627,13840,200,0
NW,19903,ws25,90,cell4_highonly,2,1,25011,31.4165,471,0.591627,13174,200,0
NW,19903,ws25,90,cell3_lowonly,0,4,26178,32.8824,471,0.591627,14119,200,0
NW,19903,ws25,90,cell3_lowonly,2,5,25506,32.0383,471,0.591627,13794,200,0
NW,19903,ws25,90,cell3_lowonly,2,3,25861,32.4842,471,0.591627,13924,200,0
NW,19903,ws25,90,cell4_highonly,2,2,24427,30.6829,471,0.591627,12769,200,0
NW,19903,ws25,90,cell4_highonly,2,3,24951,31.3411,471,0.591627,13093,200,0
NW,19903,ws25,90,cell5_hilly,0,5,25686,32.2644,471,0.591627,13954,200,0
NW,19903,ws25,90,cell5_hilly,0,2,25625,32.1878,471,0.591627,13716,200,0
NW,19903,ws25,90,cell5_hilly,0,1,25543,32.0848,471,0.591627,13715,200,0
NW,19903,ws25,90,cell5_hilly,2,4,26252,32.9753,471,0.591627,14291,200,0
NW,19903,ws25,90,cell5_hilly,2,2,25612,32.1714,471,0.591627,13768,200,0
NW,19903,ws25,90,cell5_hilly,0,3,25941,32.5847,471,0.591627,14024,200,0
NW,19903,ws25,90,cell5_hilly,0,4,26246,32.9678,471,0.591627,14223,200,0
NW,19903,ws25,180,none,0,1,12843,16.1322,0,0.0,5479,200,0
NW,19903,ws25,180,none,0,2,12960,16.2792,0,0.0,5545,200,0
NW,19903,ws25,180,none,0,3,13062,16.4073,0,0.0,5592,200,0
NW,19903,ws25,180,none,0,4,12920,16.2289,0,0.0,5509,200,0
NW,19903,ws25,180,none,0,5,12553,15.7679,0,0.0,5249,200,0
NW,19903,ws25,180,random,0,1,12755,16.0217,471,0.591627,5422,200,0
NW,19903,ws25,180,random,0,2,12923,16.2327,471,0.591627,5527,200,0
NW,19903,ws25,180,random,0,3,13062,16.4073,471,0.591627,5592,200,0
NW,19903,ws25,180,random,0,4,12889,16.19,471,0.591627,5454,200,0
NW,19903,ws25,180,random,0,5,12391,15.5644,471,0.591627,5157,200,0
NW,19903,ws25,180,random,2,1,12739,16.0016,471,0.591627,5429,200,0
NW,19903,ws25,180,random,2,2,12915,16.2226,471,0.591627,5513,200,0
NW,19903,ws25,180,random,2,3,13062,16.4073,471,0.591627,5592,200,0
NW,19903,ws25,180,random,2,4,12889,16.19,471,0.591627,5451,200,0
NW,19903,ws25,180,random,2,5,12440,15.626,471,0.591627,5187,200,0
NW,19903,ws25,90,cell6_barriers,0,1,25184,31.6338,471,0.591627,13598,200,0
NW,19903,ws25,180,proximity,0,1,75,0.0942081,471,0.591627,62,200,0
NW,19903,ws25,90,cell5_hilly,2,1,25553,32.0973,471,0.591627,13777,200,0
NW,19903,ws25,90,cell6_barriers,0,3,25832,32.4478,471,0.591627,13948,200,0
NW,19903,ws25,180,proximity,0,3,96,0.120586,471,0.591627,73,200,0
NW,19903,ws25,90,cell6_barriers,0,2,24386,30.6314,471,0.591627,13194,200,0
NW,19903,ws25,180,proximity,0,5,67,0.0841592,471,0.591627,51,200,0
NW,19903,ws25,90,cell5_hilly,2,5,25690,32.2694,471,0.591627,13977,200,0
NW,19903,ws25,90,cell5_hilly,2,3,25942,32.5859,471,0.591627,14000,200,0
NW,19903,ws25,180,proximity,0,2,2863,3.59624,471,0.591627,1694,200,0
NW,19903,ws25,180,proximity,2,4,1412,1.77362,471,0.591627,818,200,0
NW,19903,ws25,180,proximity,0,4,3376,4.24062,471,0.591627,1947,200,0
NW,19903,ws25,180,proximity,2,1,5344,6.71264,471,0.591627,2708,200,0
NW,19903,ws25,180,proximity,2,3,3645,4.57851,471,0.591627,1980,200,0
NW,19903,ws25,90,cell6_barriers,0,4,26178,32.8824,471,0.591627,14119,200,0
NW,19903,ws25,180,proximity,2,5,2604,3.2709,471,0.591627,1530,200,0
NW,19903,ws25,180,open_anchor,0,1,6593,8.28152,471,0.591627,3156,200,0
NW,19903,ws25,180,proximity,2,2,5607,7.043,471,0.591627,2616,200,0
NW,19903,ws25,180,open_anchor,0,2,3303,4.14892,471,0.591627,1790,200,0
NW,19903,ws25,90,cell6_barriers,0,5,25534,32.0735,471,0.591627,13840,200,0
NW,19903,ws25,180,open_anchor,0,4,5734,7.20252,471,0.591627,2877,200,0
NW,19903,ws25,180,cell1_baseline,0,2,54,0.0678298,471,0.591627,41,200,0
NW,19903,ws25,180,open_anchor,0,3,7812,9.81271,471,0.591627,3446,200,0
NW,19903,ws25,90,cell6_barriers,2,2,25544,32.086,471,0.591627,13709,200,0
NW,19903,ws25,180,open_anchor,0,5,5922,7.43867,471,0.591627,2809,200,0
NW,19903,ws25,180,cell1_baseline,0,3,50,0.0628054,471,0.591627,40,200,0
NW,19903,ws25,180,cell1_baseline,0,1,1771,2.22457,471,0.591627,1091,200,0
NW,19903,ws25,180,open_anchor,2,3,5037,6.32702,471,0.591627,2476,200,0
NW,19903,ws25,180,open_anchor,2,2,7754,9.73986,471,0.591627,3667,200,0
NW,19903,ws25,180,open_anchor,2,1,8252,10.3654,471,0.591627,3709,200,0
NW,19903,ws25,180,open_anchor,2,4,8598,10.8,471,0.591627,3813,200,0
NW,19903,ws25,180,open_anchor,2,5,7723,9.70092,471,0.591627,3326,200,0
NW,19903,ws25,180,cell1_baseline,2,2,2550,3.20308,471,0.591627,1470,200,0
NW,19903,ws25,180,cell1_baseline,0,4,2730,3.42917,471,0.591627,1454,200,0
NW,19903,ws25,180,cell1_baseline,0,5,2900,3.64271,471,0.591627,1652,200,0
NW,19903,ws25,180,cell1_baseline,2,5,2468,3.10007,471,0.591627,1332,200,0
NW,19903,ws25,90,cell6_barriers,2,1,25469,31.9918,471,0.591627,13677,200,0
NW,19903,ws25,180,cell2_ground,0,5,556,0.698396,471,0.591627,349,200,0
NW,19903,ws25,90,cell6_barriers,2,3,25861,32.4842,471,0.591627,13924,200,0
NW,19903,ws25,180,cell1_baseline,2,1,4697,5.89994,471,0.591627,2257,200,0
NW,19903,ws25,180,cell2_ground,2,4,114,0.143196,471,0.591627,54,200,0
NW,19903,ws25,180,cell1_baseline,2,3,4993,6.27175,471,0.591627,2412,200,0
NW,19903,ws25,180,cell1_baseline,2,4,5377,6.75409,471,0.591627,2411,200,0
NW,19903,ws25,180,cell2_ground,0,4,9176,11.526,471,0.591627,4239,200,0
NW,19903,ws25,180,cell2_ground,2,3,4708,5.91376,471,0.591627,2104,200,0
NW,19903,ws25,90,cell6_barriers,2,5,25506,32.0383,471,0.591627,13794,200,0
NW,19903,ws25,180,cell2_ground,0,1,11271,14.1576,471,0.591627,5005,200,0
NW,19903,ws25,180,cell2_ground,0,3,10698,13.4378,471,0.591627,4688,200,0
NW,19903,ws25,180,cell2_ground,0,2,11509,14.4565,471,0.591627,5178,200,0
NW,19903,ws25,90,cell6_barriers,2,4,26187,32.8937,471,0.591627,14203,200,0
NW,19903,ws25,180,cell2_ground,2,5,8441,10.6028,471,0.591627,3418,200,0
NW,19903,ws25,180,cell2_ground,2,2,10977,13.7883,471,0.591627,4640,200,0
NW,19903,ws25,180,cell4_highonly,0,1,61,0.0766226,471,0.591627,44,200,0
NW,19903,ws25,180,cell4_highonly,0,4,36,0.0452199,471,0.591627,29,200,0
NW,19903,ws25,180,cell4_highonly,0,3,18,0.0226099,471,0.591627,14,200,0
NW,19903,ws25,180,cell4_highonly,0,2,37,0.046476,471,0.591627,29,200,0
NW,19903,ws25,180,cell4_highonly,0,5,34,0.0427077,471,0.591627,25,200,0
NW,19903,ws25,180,cell4_highonly,2,2,118,0.148221,471,0.591627,53,200,0
NW,19903,ws25,180,cell2_ground,2,1,11862,14.9,471,0.591627,5001,200,0
NW,19903,ws25,180,cell4_highonly,2,3,309,0.388137,471,0.591627,99,200,0
NW,19903,ws25,180,cell4_highonly,2,5,97,0.121842,471,0.591627,49,200,0
NW,19903,ws25,180,cell3_lowonly,0,1,12739,16.0016,471,0.591627,5457,200,0
NW,19903,ws25,180,cell3_lowonly,0,2,12745,16.0091,471,0.591627,5425,200,0
NW,19903,ws25,180,cell3_lowonly,0,3,12678,15.9249,471,0.591627,5365,200,0
NW,19903,ws25,180,cell3_lowonly,2,1,12772,16.043,471,0.591627,5443,200,0
NW,19903,ws25,180,cell3_lowonly,0,4,12337,15.4966,471,0.591627,5264,200,0
NW,19903,ws25,180,cell3_lowonly,0,5,11588,14.5558,471,0.591627,4840,200,0
NW,19903,ws25,180,cell4_highonly,2,4,10165,12.7683,471,0.591627,3996,200,0
NW,19903,ws25,180,cell4_highonly,2,1,9280,11.6567,471,0.591627,3619,200,0
NW,19903,ws25,180,cell3_lowonly,2,3,12999,16.3281,471,0.591627,5539,200,0
NW,19903,ws25,180,cell3_lowonly,2,2,12920,16.2289,471,0.591627,5536,200,0
NW,19903,ws25,180,cell3_lowonly,2,5,12516,15.7214,471,0.591627,5263,200,0
NW,19903,ws25,180,cell3_lowonly,2,4,12851,16.1422,471,0.591627,5419,200,0
NW,19903,ws25,180,cell5_hilly,0,1,12789,16.0644,471,0.591627,5435,200,0
NW,19903,ws25,180,cell5_hilly,0,2,12887,16.1875,471,0.591627,5485,200,0
NW,19903,ws25,180,cell5_hilly,2,1,12784,16.0581,471,0.591627,5426,200,0
NW,19903,ws25,180,cell5_hilly,0,3,13014,16.347,471,0.591627,5533,200,0
NW,19903,ws25,180,cell5_hilly,0,4,12842,16.1309,471,0.591627,5426,200,0
NW,19903,ws25,180,cell5_hilly,0,5,12477,15.6725,471,0.591627,5203,200,0
NW,19903,ws25,180,cell5_hilly,2,3,13011,16.3432,471,0.591627,5553,200,0
NW,19903,ws25,270,none,0,1,16938,21.276,0,0.0,8101,200,0
NW,19903,ws25,270,none,0,2,16970,21.3161,0,0.0,8106,200,0
NW,19903,ws25,270,none,0,3,16870,21.1905,0,0.0,8003,200,0
NW,19903,ws25,180,cell5_hilly,2,4,12852,16.1435,471,0.591627,5431,200,0
NW,19903,ws25,270,none,0,4,16535,20.7697,0,0.0,7804,200,0
NW,19903,ws25,180,cell5_hilly,2,2,12913,16.2201,471,0.591627,5519,200,0
NW,19903,ws25,270,none,0,5,16460,20.6755,0,0.0,7805,200,0
NW,19903,ws25,270,random,0,1,16906,21.2358,471,0.591627,8068,200,0
NW,19903,ws25,270,random,0,2,16876,21.1981,471,0.591627,8044,200,0
NW,19903,ws25,270,random,0,4,16466,20.6831,471,0.591627,7753,200,0
NW,19903,ws25,270,random,0,3,16716,20.9971,471,0.591627,7912,200,0
NW,19903,ws25,270,random,0,5,16388,20.5851,471,0.591627,7698,200,0
NW,19903,ws25,270,random,2,1,16905,21.2345,471,0.591627,8084,200,0
NW,19903,ws25,270,random,2,3,16718,20.9996,471,0.591627,7918,200,0
NW,19903,ws25,270,random,2,2,16876,21.1981,471,0.591627,8028,200,0
NW,19903,ws25,270,random,2,4,16470,20.6881,471,0.591627,7730,200,0
NW,19903,ws25,270,random,2,5,16394,20.5926,471,0.591627,7723,200,0
NW,19903,ws25,180,cell6_barriers,0,1,12739,16.0016,471,0.591627,5457,200,0
NW,19903,ws25,270,proximity,0,2,182,0.228612,471,0.591627,120,200,0
NW,19903,ws25,270,proximity,0,1,64,0.0803909,471,0.591627,49,200,0
NW,19903,ws25,180,cell5_hilly,2,5,12498,15.6988,471,0.591627,5220,200,0
NW,19903,ws25,180,cell6_barriers,0,2,12745,16.0091,471,0.591627,5425,200,0
NW,19903,ws25,180,cell6_barriers,0,3,12678,15.9249,471,0.591627,5365,200,0
NW,19903,ws25,270,proximity,0,5,319,0.400698,471,0.591627,210,200,0
NW,19903,ws25,180,cell6_barriers,0,4,12337,15.4966,471,0.591627,5264,200,0
NW,19903,ws25,270,proximity,2,3,365,0.458479,471,0.591627,176,200,0
NW,19903,ws25,270,proximity,2,4,279,0.350454,471,0.591627,134,200,0
NW,19903,ws25,270,open_anchor,0,3,93,0.116818,471,0.591627,66,200,0
NW,19903,ws25,270,open_anchor,0,2,146,0.183392,471,0.591627,96,200,0
NW,19903,ws25,180,cell6_barriers,0,5,11588,14.5558,471,0.591627,4840,200,0
NW,19903,ws25,270,proximity,0,3,2707,3.40028,471,0.591627,1901,200,0
NW,19903,ws25,270,open_anchor,0,4,71,0.0891837,471,0.591627,51,200,0
NW,19903,ws25,180,cell6_barriers,2,1,12772,16.043,471,0.591627,5443,200,0
NW,19903,ws25,270,open_anchor,2,4,675,0.847873,471,0.591627,296,200,0
NW,19903,ws25,180,cell6_barriers,2,2,12920,16.2289,471,0.591627,5536,200,0
NW,19903,ws25,180,cell6_barriers,2,4,12851,16.1422,471,0.591627,5419,200,0
NW,19903,ws25,270,open_anchor,2,1,4215,5.29449,471,0.591627,1863,200,0
NW,19903,ws25,180,cell6_barriers,2,5,12516,15.7214,471,0.591627,5263,200,0
NW,19903,ws25,180,cell6_barriers,2,3,12999,16.3281,471,0.591627,5539,200,0
NW,19903,ws25,270,cell1_baseline,0,1,108,0.13566,471,0.591627,75,200,0
NW,19903,ws25,270,proximity,2,5,4837,6.07579,471,0.591627,2776,200,0
NW,19903,ws25,270,cell1_baseline,0,2,100,0.125611,471,0.591627,71,200,0
NW,19903,ws25,270,cell1_baseline,0,4,66,0.0829031,471,0.591627,49,200,0
NW,19903,ws25,270,cell1_baseline,2,1,167,0.20977,471,0.591627,85,200,0
NW,19903,ws25,270,proximity,2,2,6682,8.39331,471,0.591627,4082,200,0
NW,19903,ws25,270,cell1_baseline,0,5,419,0.526309,471,0.591627,276,200,0
NW,19903,ws25,270,cell1_baseline,2,3,649,0.815214,471,0.591627,216,200,0
NW,19903,ws25,270,open_anchor,2,2,9907,12.4443,471,0.591627,5117,200,0
NW,19903,ws25,270,proximity,0,4,7777,9.76875,471,0.591627,4769,200,0
NW,19903,ws25,270,open_anchor,2,3,12088,15.1838,471,0.591627,6065,200,0
NW,19903,ws25,270,proximity,2,1,11885,14.9288,471,0.591627,6069,200,0
NW,19903,ws25,270,open_anchor,0,1,12313,15.4665,471,0.591627,6315,200,0
NW,19903,ws25,270,open_anchor,0,5,7207,9.05277,471,0.591627,4303,200,0
NW,19903,ws25,270,cell2_ground,2,3,164,0.206002,471,0.591627,65,200,0
NW,19903,ws25,270,cell1_baseline,0,3,6649,8.35186,471,0.591627,3843,200,0
NW,19903,ws25,270,open_anchor,2,5,13321,16.7326,471,0.591627,6761,200,0
NW,19903,ws25,270,cell2_ground,0,3,10591,13.3034,471,0.591627,5356,200,0
NW,19903,ws25,270,cell1_baseline,2,5,11472,14.4101,471,0.591627,5393,200,0
NW,19903,ws25,270,cell1_baseline,2,4,10784,13.5459,471,0.591627,5500,200,0
NW,19903,ws25,270,cell2_ground,0,4,11570,14.5332,471,0.591627,5486,200,0
NW,19903,ws25,270,cell1_baseline,2,2,14639,18.3882,471,0.591627,7205,200,0
NW,19903,ws25,270,cell2_ground,0,1,14943,18.77,471,0.591627,7228,200,0
NW,19903,ws25,270,cell2_ground,0,2,15055,18.9107,471,0.591627,7040,200,0
NW,19903,ws25,270,cell2_ground,2,1,10969,13.7782,471,0.591627,5265,200,0
NW,19903,ws25,270,cell2_ground,2,2,12089,15.1851,471,0.591627,5944,200,0
NW,19903,ws25,270,cell2_ground,0,5,13872,17.4247,471,0.591627,6650,200,0
NW,19903,ws25,270,cell2_ground,2,4,9421,11.8338,471,0.591627,4670,200,0
NW,19903,ws25,270,cell4_highonly,0,1,66,0.0829031,471,0.591627,50,200,0
NW,19903,ws25,270,cell4_highonly,0,3,46,0.057781,471,0.591627,38,200,0
NW,19903,ws25,270,cell4_highonly,0,2,135,0.169575,471,0.591627,83,200,0
NW,19903,ws25,270,cell4_highonly,0,5,59,0.0741104,471,0.591627,41,200,0
NW,19903,ws25,270,cell4_highonly,0,4,53,0.0665737,471,0.591627,40,200,0
NW,19903,ws25,270,cell2_ground,2,5,12878,16.1762,471,0.591627,6271,200,0
NW,19903,ws25,270,cell4_highonly,2,1,154,0.193441,471,0.591627,74,200,0
NW,19903,ws25,270,cell4_highonly,2,3,175,0.219819,471,0.591627,74,200,0
NW,19903,ws25,270,cell4_highonly,2,4,131,0.16455,471,0.591627,55,200,0
NW,19903,ws25,270,cell3_lowonly,0,1,16447,20.6592,471,0.591627,7916,200,0
NW,19903,ws25,270,cell4_highonly,2,2,1247,1.56637,471,0.591627,359,200,0
NW,19903,ws25,270,cell4_highonly,2,5,115,0.144452,471,0.591627,58,200,0
NW,19903,ws25,270,cell3_lowonly,0,3,16615,20.8702,471,0.591627,7862,200,0
NW,19903,ws25,270,cell3_lowonly,0,2,16843,21.1566,471,0.591627,8033,200,0
NW,19903,ws25,270,cell3_lowonly,2,3,16778,21.075,471,0.591627,7951,200,0
NW,19903,ws25,270,cell3_lowonly,0,4,16444,20.6554,471,0.591627,7731,200,0
NW,19903,ws25,270,cell3_lowonly,0,5,16142,20.2761,471,0.591627,7670,200,0
NW,19903,ws25,270,cell3_lowonly,2,1,16864,21.183,471,0.591627,8008,200,0
NW,19903,ws25,270,cell3_lowonly,2,2,16886,21.2106,471,0.591627,8004,200,0
NW,19903,ws25,270,cell3_lowonly,2,5,16375,20.5688,471,0.591627,7765,200,0
NW,19903,ws25,270,cell3_lowonly,2,4,16456,20.6705,471,0.591627,7730,200,0
NW,19903,ws25,270,cell5_hilly,0,3,16797,21.0988,471,0.591627,7918,200,0
NW,19903,ws25,270,cell5_hilly,0,2,16898,21.2257,471,0.591627,8006,200,0
NW,19903,ws25,270,cell5_hilly,0,1,16855,21.1717,471,0.591627,8028,200,0
NW,19903,ws25,270,cell5_hilly,0,4,16425,20.6316,471,0.591627,7728,200,0
NW,19903,ws25,270,cell5_hilly,0,5,16389,20.5864,471,0.591627,7702,200,0
NW,19903,ws25,270,cell5_hilly,2,3,16803,21.1064,471,0.591627,7910,200,0
NW,19903,ws25,270,cell6_barriers,0,1,16447,20.6592,471,0.591627,7916,200,0
NW,19903,ws43,0,none,0,1,26191,32.8987,0,0.0,13909,200,0
NW,19903,ws43,0,none,0,2,26204,32.915,0,0.0,13847,200,0
NW,19903,ws43,0,none,0,3,26106,32.792,0,0.0,13827,200,0
NW,19903,ws43,0,none,0,4,25656,32.2267,0,0.0,13440,200,0
NW,19903,ws25,270,cell5_hilly,2,1,16861,21.1792,471,0.591627,8019,200,0
NW,19903,ws43,0,none,0,5,26080,32.7593,0,0.0,13883,200,0
NW,19903,ws43,0,random,0,1,25168,31.6137,471,0.591627,13114,200,0
NW,19903,ws43,0,random,0,2,25321,31.8059,471,0.591627,13243,200,0
NW,19903,ws25,270,cell5_hilly,2,4,16462,20.678,471,0.591627,7737,200,0
NW,19903,ws25,270,cell5_hilly,2,2,16851,21.1667,471,0.591627,8035,200,0
NW,19903,ws43,0,random,0,3,23692,29.7597,471,0.591627,12242,200,0
NW,19903,ws43,0,random,0,4,25209,31.6652,471,0.591627,13053,200,0
NW,19903,ws43,0,random,0,5,25351,31.8436,471,0.591627,13335,200,0
NW,19903,ws43,0,random,2,1,25225,31.6853,471,0.591627,13136,200,0
NW,19903,ws43,0,random,2,2,25374,31.8725,471,0.591627,13309,200,0
NW,19903,ws43,0,random,2,3,23703,29.7735,471,0.591627,12272,200,0
NW,19903,ws43,0,random,2,5,25354,31.8474,471,0.591627,13354,200,0
NW,19903,ws43,0,random,2,4,25241,31.7054,471,0.591627,13040,200,0
NW,19903,ws25,270,cell6_barriers,0,3,16615,20.8702,471,0.591627,7862,200,0
NW,19903,ws25,270,cell5_hilly,2,5,16397,20.5964,471,0.591627,7710,200,0
NW,19903,ws25,270,cell6_barriers,0,4,16444,20.6554,471,0.591627,7731,200,0
NW,19903,ws25,270,cell6_barriers,0,2,16843,21.1566,471,0.591627,8033,200,0
NW,19903,ws43,0,proximity,0,5,102,0.128123,471,0.591627,76,200,0
NW,19903,ws43,0,proximity,2,2,256,0.321564,471,0.591627,123,200,0
NW,19903,ws43,0,proximity,2,1,405,0.508724,471,0.591627,167,200,0
NW,19903,ws43,0,proximity,2,4,106,0.133147,471,0.591627,53,200,0
NW,19903,ws25,270,cell6_barriers,0,5,16142,20.2761,471,0.591627,7670,200,0
NW,19903,ws43,0,open_anchor,0,1,133,0.167062,471,0.591627,88,200,0
NW,19903,ws43,0,open_anchor,0,2,156,0.195953,471,0.591627,104,200,0
NW,19903,ws25,270,cell6_barriers,2,4,16456,20.6705,471,0.591627,7730,200,0
NW,19903,ws25,270,cell6_barriers,2,2,16886,21.2106,471,0.591627,8004,200,0
NW,19903,ws43,0,open_anchor,0,3,151,0.189672,471,0.591627,109,200,0
NW,19903,ws25,270,cell6_barriers,2,1,16864,21.183,471,0.591627,8008,200,0
NW,19903,ws43,0,open_anchor,0,4,36,0.0452199,471,0.591627,27,200,0
NW,19903,ws25,270,cell6_barriers,2,3,16778,21.075,471,0.591627,7951,200,0
NW,19903,ws43,0,open_anchor,2,5,670,0.841592,471,0.591627,251,200,0
NW,19903,ws43,0,cell1_baseline,0,1,64,0.0803909,471,0.591627,49,200,0
NW,19903,ws43,0,cell1_baseline,0,2,168,0.211026,471,0.591627,114,200,0
NW,19903,ws43,0,proximity,2,5,10128,12.7219,471,0.591627,5846,200,0
NW,19903,ws43,0,cell1_baseline,0,5,136,0.170831,471,0.591627,92,200,0
NW,19903,ws43,0,proximity,0,4,10662,13.3926,471,0.591627,7086,200,0
NW,19903,ws43,0,proximity,0,2,10841,13.6175,471,0.591627,6887,200,0
NW,19903,ws25,270,cell6_barriers,2,5,16375,20.5688,471,0.591627,7765,200,0
NW,19903,ws43,0,cell1_baseline,2,3,575,0.722262,471,0.591627,264,200,0
NW,19903,ws43,0,open_anchor,0,5,10872,13.6564,471,0.591627,6438,200,0
NW,19903,ws43,0,proximity,2,3,14310,17.9749,471,0.591627,8504,200,0
NW,19903,ws43,0,proximity,0,1,19104,23.9967,471,0.591627,10458,200,0
NW,19903,ws43,0,proximity,0,3,17606,22.115,471,0.591627,10213,200,0
NW,19903,ws43,0,open_anchor,2,3,17922,22.512,471,0.591627,9808,200,0
NW,19903,ws43,0,cell2_ground,0,4,183,0.229868,471,0.591627,127,200,0
NW,19903,ws43,0,open_anchor,2,2,17815,22.3776,471,0.591627,8973,200,0
NW,19903,ws43,0,open_anchor,2,4,19552,24.5594,471,0.591627,10615,200,0
NW,19903,ws43,0,cell1_baseline,0,3,20057,25.1938,471,0.591627,11664,200,0
NW,19903,ws43,0,open_anchor,2,1,23422,29.4206,471,0.591627,12402,200,0
NW,19903,ws43,0,cell1_baseline,2,4,20381,25.6007,471,0.591627,10827,200,0
NW,19903,ws43,0,cell1_baseline,0,4,20595,25.8695,471,0.591627,11763,200,0
NW,19903,ws43,0,cell1_baseline,2,1,22971,28.8541,471,0.591627,12431,200,0
NW,19903,ws43,0,cell2_ground,2,4,16795,21.0963,471,0.591627,8713,200,0
NW,19903,ws43,0,cell1_baseline,2,2,23526,29.5512,471,0.591627,12820,200,0
NW,19903,ws43,0,cell1_baseline,2,5,22371,28.1004,471,0.591627,12229,200,0
NW,19903,ws43,0,cell2_ground,0,3,23086,28.9985,471,0.591627,12783,200,0
NW,19903,ws43,0,cell2_ground,0,1,23659,29.7183,471,0.591627,13067,200,0
NW,19903,ws43,0,cell2_ground,2,3,21275,26.7237,471,0.591627,11510,200,0
NW,19903,ws43,0,cell2_ground,2,1,22805,28.6455,471,0.591627,12303,200,0
NW,19903,ws43,0,cell2_ground,0,2,23992,30.1365,471,0.591627,13094,200,0
NW,19903,ws43,0,cell4_highonly,0,1,62,0.0778787,471,0.591627,47,200,0
NW,19903,ws43,0,cell2_ground,2,2,21757,27.3291,471,0.591627,11791,200,0
NW,19903,ws43,0,cell2_ground,2,5,22263,27.9647,471,0.591627,11926,200,0
NW,19903,ws43,0,cell4_highonly,0,2,58,0.0728543,471,0.591627,42,200,0
NW,19903,ws43,0,cell4_highonly,0,3,54,0.0678298,471,0.591627,45,200,0
NW,19903,ws43,0,cell2_ground,0,5,23207,29.1505,471,0.591627,13003,200,0
NW,19903,ws43,0,cell4_highonly,0,4,30,0.0376832,471,0.591627,25,200,0
NW,19903,ws43,0,cell4_highonly,2,1,135,0.169575,471,0.591627,61,200,0
NW,19903,ws43,0,cell4_highonly,2,3,164,0.206002,471,0.591627,71,200,0
NW,19903,ws43,0,cell4_highonly,0,5,116,0.145709,471,0.591627,76,200,0
NW,19903,ws43,0,cell4_highonly,2,2,169,0.212282,471,0.591627,73,200,0
NW,19903,ws43,0,cell4_highonly,2,4,79,0.0992325,471,0.591627,38,200,0
NW,19903,ws43,0,cell4_highonly,2,5,125,0.157013,471,0.591627,60,200,0
NW,19903,ws43,0,cell3_lowonly,2,2,26056,32.7291,471,0.591627,13758,200,0
NW,19903,ws43,0,cell3_lowonly,2,1,26029,32.6952,471,0.591627,13794,200,0
NW,19903,ws43,0,cell3_lowonly,0,4,25422,31.9328,471,0.591627,13266,200,0
NW,19903,ws43,0,cell3_lowonly,0,5,25883,32.5118,471,0.591627,13799,200,0
NW,19903,ws43,0,cell3_lowonly,0,2,25709,32.2933,471,0.591627,13534,200,0
NW,19903,ws43,0,cell3_lowonly,0,1,26020,32.6839,471,0.591627,13778,200,0
NW,19903,ws43,0,cell3_lowonly,0,3,25569,32.1174,471,0.591627,13520,200,0
NW,19903,ws43,0,cell3_lowonly,2,4,25513,32.0471,471,0.591627,13345,200,0
NW,19903,ws43,0,cell3_lowonly,2,3,25945,32.5897,471,0.591627,13693,200,0
NW,19903,ws43,0,cell3_lowonly,2,5,25920,32.5583,471,0.591627,13788,200,0
NW,19903,ws43,0,cell5_hilly,0,4,25390,31.8926,471,0.591627,13233,200,0
NW,19903,ws43,0,cell5_hilly,0,1,25940,32.5834,471,0.591627,13713,200,0
NW,19903,ws43,0,cell5_hilly,0,3,25828,32.4428,471,0.591627,13612,200,0
NW,19903,ws43,0,cell5_hilly,0,2,25987,32.6425,471,0.591627,13677,200,0
NW,19903,ws43,0,cell5_hilly,0,5,25758,32.3548,471,0.591627,13675,200,0
NW,19903,ws43,0,cell5_hilly,2,3,25841,32.4591,471,0.591627,13628,200,0
NW,19903,ws43,0,cell5_hilly,2,2,25951,32.5973,471,0.591627,13623,200,0
NW,19903,ws43,0,cell5_hilly,2,1,25943,32.5872,471,0.591627,13739,200,0
NW,19903,ws43,90,none,0,1,22152,27.8253,0,0.0,11812,200,0
NW,19903,ws43,90,none,0,2,22241,27.9371,0,0.0,11890,200,0
NW,19903,ws43,90,none,0,3,22381,28.1129,0,0.0,11943,200,0
NW,19903,ws43,90,none,0,4,22657,28.4596,0,0.0,12117,200,0
NW,19903,ws43,90,none,0,5,22221,27.912,0,0.0,12005,200,0
NW,19903,ws43,90,random,0,1,22070,27.7223,471,0.591627,11711,200,0
NW,19903,ws43,90,random,0,2,22106,27.7675,471,0.591627,11729,200,0
NW,19903,ws43,0,cell5_hilly,2,5,25851,32.4716,471,0.591627,13763,200,0
NW,19903,ws43,90,random,0,3,22231,27.9245,471,0.591627,11847,200,0
NW,19903,ws43,0,cell6_barriers,0,1,26020,32.6839,471,0.591627,13778,200,0
NW,19903,ws43,0,cell5_hilly,2,4,25459,31.9792,471,0.591627,13269,200,0
NW,19903,ws43,90,random,0,4,22592,28.378,471,0.591627,12039,200,0
NW,19903,ws43,90,random,0,5,22116,27.7801,471,0.591627,11893,200,0
NW,19903,ws43,90,random,2,1,22096,27.755,471,0.591627,11728,200,0
NW,19903,ws43,90,random,2,2,22105,27.7663,471,0.591627,11726,200,0
NW,19903,ws43,90,random,2,3,22244,27.9409,471,0.591627,11806,200,0
NW,19903,ws43,90,random,2,5,22113,27.7763,471,0.591627,11841,200,0
NW,19903,ws43,90,random,2,4,22587,28.3717,471,0.591627,12047,200,0
NW,19903,ws43,90,proximity,0,4,59,0.0741104,471,0.591627,40,200,0
NW,19903,ws43,90,proximity,0,2,80,0.100489,471,0.591627,59,200,0
NW,19903,ws43,90,proximity,0,5,120,0.150733,471,0.591627,92,200,0
NW,19903,ws43,0,cell6_barriers,0,2,25709,32.2933,471,0.591627,13534,200,0
NW,19903,ws43,90,proximity,2,3,133,0.167062,471,0.591627,60,200,0
NW,19903,ws43,0,cell6_barriers,2,3,25945,32.5897,471,0.591627,13693,200,0
NW,19903,ws43,0,cell6_barriers,0,3,25569,32.1174,471,0.591627,13520,200,0
NW,19903,ws43,90,open_anchor,0,1,67,0.0841592,471,0.591627,47,200,0
NW,19903,ws43,0,cell6_barriers,0,4,25422,31.9328,471,0.591627,13266,200,0
NW,19903,ws43,90,open_anchor,0,3,56,0.070342,471,0.591627,42,200,0
NW,19903,ws43,90,open_anchor,0,2,100,0.125611,471,0.591627,70,200,0
NW,19903,ws43,90,open_anchor,0,4,157,0.197209,471,0.591627,115,200,0
NW,19903,ws43,0,cell6_barriers,2,2,26056,32.7291,471,0.591627,13758,200,0
NW,19903,ws43,90,open_anchor,2,2,215,0.270063,471,0.591627,84,200,0
NW,19903,ws43,0,cell6_barriers,0,5,25883,32.5118,471,0.591627,13799,200,0
NW,19903,ws43,90,proximity,2,4,13974,17.5529,471,0.591627,8400,200,0
NW,19903,ws43,90,proximity,2,1,12890,16.1912,471,0.591627,7952,200,0
NW,19903,ws43,90,proximity,0,3,18814,23.6324,471,0.591627,11142,200,0
NW,19903,ws43,90,cell1_baseline,0,1,139,0.174599,471,0.591627,105,200,0
NW,19903,ws43,0,cell6_barriers,2,1,26029,32.6952,471,0.591627,13794,200,0
NW,19903,ws43,90,proximity,0,1,15631,19.6342,471,0.591627,9877,200,0
NW,19903,ws43,0,cell6_barriers,2,4,25513,32.0471,471,0.591627,13345,200,0
NW,19903,ws43,90,proximity,2,5,18242,22.9139,471,0.591627,10320,200,0
NW,19903,ws43,90,cell1_baseline,2,2,171,0.214794,471,0.591627,68,200,0
NW,19903,ws43,90,proximity,2,2,20973,26.3443,471,0.591627,11646,200,0
NW,19903,ws43,0,cell6_barriers,2,5,25920,32.5583,471,0.591627,13788,200,0
NW,19903,ws43,90,open_anchor,2,1,16348,20.5349,471,0.591627,8900,200,0
NW,19903,ws43,90,cell2_ground,0,1,79,0.0992325,471,0.591627,63,200,0
NW,19903,ws43,90,cell2_ground,0,2,85,0.106769,471,0.591627,65,200,0
NW,19903,ws43,90,open_anchor,0,5,12231,15.3635,471,0.591627,7975,200,0
NW,19903,ws43,90,cell2_ground,0,5,59,0.0741104,471,0.591627,46,200,0
NW,19903,ws43,90,open_anchor,2,5,19120,24.0168,471,0.591627,10573,200,0
NW,19903,ws43,90,cell1_baseline,0,2,16473,20.6919,471,0.591627,9272,200,0
NW,19903,ws43,90,open_anchor,2,3,16877,21.1993,471,0.591627,9685,200,0
NW,19903,ws43,90,cell1_baseline,0,3,12953,16.2704,471,0.591627,8099,200,0
NW,19903,ws43,90,open_anchor,2,4,17294,21.7231,471,0.591627,9861,200,0
NW,19903,ws43,90,cell1_baseline,2,1,14044,17.6408,471,0.591627,8397,200,0
NW,19903,ws43,90,cell1_baseline,2,3,17145,21.536,471,0.591627,9588,200,0
NW,19903,ws43,90,cell1_baseline,0,5,14291,17.951,471,0.591627,9312,200,0
NW,19903,ws43,90,cell1_baseline,2,4,16927,21.2621,471,0.591627,9542,200,0
NW,19903,ws43,90,cell1_baseline,2,5,15982,20.0751,471,0.591627,9708,200,0
NW,19903,ws43,90,cell1_baseline,0,4,17713,22.2494,471,0.591627,10615,200,0
NW,19903,ws43,90,cell2_ground,0,4,18703,23.493,471,0.591627,10828,200,0
NW,19903,ws43,90,cell2_ground,0,3,18452,23.1777,471,0.591627,10575,200,0
NW,19903,ws43,90,cell2_ground,2,4,18336,23.032,471,0.591627,9961,200,0
NW,19903,ws43,90,cell2_ground,2,2,18575,23.3322,471,0.591627,10516,200,0
NW,19903,ws43,90,cell2_ground,2,1,18227,22.8951,471,0.591627,10301,200,0
NW,19903,ws43,90,cell4_highonly,0,1,34,0.0427077,471,0.591627,26,200,0
NW,19903,ws43,90,cell4_highonly,0,2,36,0.0452199,471,0.591627,31,200,0
NW,19903,ws43,90,cell4_highonly,0,4,40,0.0502443,471,0.591627,30,200,0
NW,19903,ws43,90,cell4_highonly,0,3,50,0.0628054,471,0.591627,39,200,0
NW,19903,ws43,90,cell4_highonly,0,5,22,0.0276344,471,0.591627,18,200,0
NW,19903,ws43,90,cell4_highonly,2,1,101,0.126867,471,0.591627,44,200,0
NW,19903,ws43,90,cell2_ground,2,3,19514,24.5117,471,0.591627,10783,200,0
NW,19903,ws43,90,cell2_ground,2,5,19539,24.5431,471,0.591627,10720,200,0
NW,19903,ws43,90,cell4_highonly,2,5,123,0.154501,471,0.591627,48,200,0
NW,19903,ws43,90,cell4_highonly,2,4,169,0.212282,471,0.591627,66,200,0
NW,19903,ws43,90,cell3_lowonly,0,1,21961,27.5854,471,0.591627,11694,200,0
NW,19903,ws43,90,cell3_lowonly,0,2,21431,26.9196,471,0.591627,11452,200,0
NW,19903,ws43,90,cell3_lowonly,2,5,22099,27.7587,471,0.591627,11854,200,0
NW,19903,ws43,90,cell3_lowonly,2,1,22051,27.6984,471,0.591627,11656,200,0
NW,19903,ws43,90,cell3_lowonly,0,5,22095,27.7537,471,0.591627,11868,200,0
NW,19903,ws43,90,cell3_lowonly,0,3,22176,27.8554,471,0.591627,11791,200,0
NW,19903,ws43,90,cell3_lowonly,0,4,22523,28.2913,471,0.591627,12024,200,0
NW,19903,ws43,90,cell3_lowonly,2,3,22280,27.9861,471,0.591627,11807,200,0
NW,19903,ws43,90,cell4_highonly,2,3,19545,24.5506,471,0.591627,10035,200,0
NW,19903,ws43,90,cell4_highonly,2,2,20831,26.166,471,0.591627,10510,200,0
NW,19903,ws43,90,cell3_lowonly,2,2,22138,27.8077,471,0.591627,11777,200,0
NW,19903,ws43,90,cell3_lowonly,2,4,22545,28.319,471,0.591627,12026,200,0
NW,19903,ws43,90,cell5_hilly,0,1,22108,27.77,471,0.591627,11731,200,0
NW,19903,ws43,90,cell5_hilly,0,5,22180,27.8605,471,0.591627,11917,200,0
NW,19903,ws43,90,cell5_hilly,0,2,22201,27.8868,471,0.591627,11840,200,0
NW,19903,ws43,90,cell5_hilly,0,3,22334,28.0539,471,0.591627,11889,200,0
NW,19903,ws43,90,cell5_hilly,2,3,22331,28.0501,471,0.591627,11882,200,0
NW,19903,ws43,90,cell5_hilly,2,1,22102,27.7625,471,0.591627,11762,200,0
NW,19903,ws43,90,cell6_barriers,0,2,21431,26.9196,471,0.591627,11452,200,0
NW,19903,ws43,90,cell5_hilly,0,4,22604,28.3931,471,0.591627,12076,200,0
NW,19903,ws43,180,none,0,1,9692,12.1742,0,0.0,3733,200,0
NW,19903,ws43,180,none,0,2,9880,12.4103,0,0.0,3812,200,0
NW,19903,ws43,180,none,0,3,9980,12.536,0,0.0,3891,200,0
NW,19903,ws43,180,none,0,4,9893,12.4267,0,0.0,3851,200,0
NW,19903,ws43,180,none,0,5,9440,11.8577,0,0.0,3634,200,0
NW,19903,ws43,180,random,0,1,9652,12.124,471,0.591627,3702,200,0
NW,19903,ws43,180,random,0,2,9880,12.4103,471,0.591627,3812,200,0
NW,19903,ws43,180,random,0,3,9980,12.536,471,0.591627,3891,200,0
NW,19903,ws43,180,random,0,4,9865,12.3915,471,0.591627,3830,200,0
NW,19903,ws43,180,random,0,5,9355,11.7509,471,0.591627,3600,200,0
NW,19903,ws43,180,random,2,1,9647,12.1177,471,0.591627,3712,200,0
NW,19903,ws43,180,random,2,2,9880,12.4103,471,0.591627,3812,200,0
NW,19903,ws43,180,random,2,3,9980,12.536,471,0.591627,3891,200,0
NW,19903,ws43,180,random,2,4,9864,12.3902,471,0.591627,3823,200,0
NW,19903,ws43,180,random,2,5,9320,11.7069,471,0.591627,3561,200,0
NW,19903,ws43,90,cell5_hilly,2,2,22198,27.8831,471,0.591627,11832,200,0
NW,19903,ws43,90,cell6_barriers,0,3,22176,27.8554,471,0.591627,11791,200,0
NW,19903,ws43,90,cell5_hilly,2,4,22605,28.3943,471,0.591627,12184,200,0
NW,19903,ws43,180,proximity,0,5,26,0.0326588,471,0.591627,21,200,0
NW,19903,ws43,180,proximity,0,1,1200,1.50733,471,0.591627,710,200,0
NW,19903,ws43,90,cell6_barriers,0,1,21961,27.5854,471,0.591627,11694,200,0
NW,19903,ws43,90,cell5_hilly,2,5,22180,27.8605,471,0.591627,11908,200,0
NW,19903,ws43,90,cell6_barriers,0,4,22523,28.2913,471,0.591627,12024,200,0
NW,19903,ws43,180,proximity,0,4,2422,3.04229,471,0.591627,1638,200,0
NW,19903,ws43,180,proximity,0,3,2096,2.6328,471,0.591627,1346,200,0
NW,19903,ws43,180,proximity,2,4,107,0.134404,471,0.591627,46,200,0
NW,19903,ws43,180,proximity,0,2,2555,3.20936,471,0.591627,1699,200,0
NW,19903,ws43,180,proximity,2,1,2071,2.6014,471,0.591627,1075,200,0
NW,19903,ws43,180,open_anchor,0,1,1123,1.41061,471,0.591627,776,200,0
NW,19903,ws43,180,open_anchor,0,5,72,0.0904398,471,0.591627,56,200,0
NW,19903,ws43,90,cell6_barriers,2,1,22051,27.6984,471,0.591627,11656,200,0
NW,19903,ws43,90,cell6_barriers,2,2,22138,27.8077,471,0.591627,11777,200,0
NW,19903,ws43,90,cell6_barriers,0,5,22095,27.7537,471,0.591627,11868,200,0
NW,19903,ws43,180,proximity,2,2,4493,5.64369,471,0.591627,1978,200,0
NW,19903,ws43,180,proximity,2,3,6013,7.55298,471,0.591627,2485,200,0
NW,19903,ws43,180,cell1_baseline,0,1,50,0.0628054,471,0.591627,42,200,0
NW,19903,ws43,180,open_anchor,0,2,3787,4.75688,471,0.591627,2055,200,0
NW,19903,ws43,180,open_anchor,0,4,3364,4.22555,471,0.591627,1950,200,0
NW,19903,ws43,180,proximity,2,5,8307,10.4345,471,0.591627,3202,200,0
NW,19903,ws43,180,open_anchor,0,3,4173,5.24174,471,0.591627,2262,200,0
NW,19903,ws43,90,cell6_barriers,2,3,22280,27.9861,471,0.591627,11807,200,0
NW,19903,ws43,180,cell1_baseline,0,5,38,0.0477321,471,0.591627,33,200,0
NW,19903,ws43,180,cell1_baseline,2,3,404,0.507468,471,0.591627,202,200,0
NW,19903,ws43,180,open_anchor,2,4,3562,4.47426,471,0.591627,1748,200,0
NW,19903,ws43,180,open_anchor,2,2,4028,5.0596,471,0.591627,1989,200,0
NW,19903,ws43,90,cell6_barriers,2,4,22545,28.319,471,0.591627,12026,200,0
NW,19903,ws43,180,open_anchor,2,3,5362,6.73525,471,0.591627,2461,200,0
NW,19903,ws43,180,cell2_ground,0,3,126,0.15827,471,0.591627,85,200,0
NW,19903,ws43,180,open_anchor,2,1,6114,7.67984,471,0.591627,2443,200,0
NW,19903,ws43,180,cell2_ground,0,1,29,0.0364271,471,0.591627,25,200,0
NW,19903,ws43,180,cell1_baseline,2,1,1680,2.11026,471,0.591627,940,200,0
NW,19903,ws43,180,open_anchor,2,5,7221,9.07035,471,0.591627,2857,200,0
NW,19903,ws43,180,cell1_baseline,0,2,1914,2.40419,471,0.591627,1197,200,0
NW,19903,ws43,180,cell1_baseline,0,4,2242,2.81619,471,0.591627,1279,200,0
NW,19903,ws43,180,cell2_ground,2,3,113,0.14194,471,0.591627,49,200,0
NW,19903,ws43,180,cell2_ground,2,2,139,0.174599,471,0.591627,50,200,0
NW,19903,ws43,180,cell2_ground,0,5,182,0.228612,471,0.591627,146,200,0
NW,19903,ws43,180,cell2_ground,2,4,155,0.194697,471,0.591627,64,200,0
NW,19903,ws43,180,cell2_ground,2,5,83,0.104257,471,0.591627,39,200,0
NW,19903,ws43,90,cell6_barriers,2,5,22099,27.7587,471,0.591627,11854,200,0
NW,19903,ws43,180,cell1_baseline,2,5,2381,2.99079,471,0.591627,1029,200,0
NW,19903,ws43,180,cell1_baseline,0,3,6104,7.66728,471,0.591627,2724,200,0
NW,19903,ws43,180,cell1_baseline,2,2,4298,5.39875,471,0.591627,1963,200,0
NW,19903,ws43,180,cell1_baseline,2,4,4043,5.07844,471,0.591627,1997,200,0
NW,19903,ws43,180,cell4_highonly,0,1,28,0.035171,471,0.591627,23,200,0
NW,19903,ws43,180,cell2_ground,0,2,6608,8.30036,471,0.591627,2791,200,0
NW,19903,ws43,180,cell2_ground,0,4,5967,7.4952,471,0.591627,2687,200,0
NW,19903,ws43,180,cell4_highonly,0,4,32,0.0401955,471,0.591627,26,200,0
NW,19903,ws43,180,cell4_highonly,0,2,57,0.0715981,471,0.591627,43,200,0
NW,19903,ws43,180,cell4_highonly,0,3,42,0.0527565,471,0.591627,36,200,0
NW,19903,ws43,180,cell2_ground,2,1,6156,7.7326,471,0.591627,2358,200,0
NW,19903,ws43,180,cell4_highonly,0,5,23,0.0288905,471,0.591627,20,200,0
NW,19903,ws43,180,cell4_highonly,2,1,83,0.104257,471,0.591627,38,200,0
NW,19903,ws43,180,cell4_highonly,2,2,162,0.203489,471,0.591627,62,200,0
NW,19903,ws43,180,cell4_highonly,2,3,239,0.30021,471,0.591627,88,200,0
NW,19903,ws43,180,cell4_highonly,2,5,125,0.157013,471,0.591627,55,200,0
NW,19903,ws43,180,cell3_lowonly,2,3,9943,12.4895,471,0.591627,3866,200,0
NW,19903,ws43,180,cell3_lowonly,0,4,9512,11.9481,471,0.591627,3755,200,0
NW,19903,ws43,180,cell3_lowonly,0,1,9564,12.0134,471,0.591627,3708,200,0
NW,19903,ws43,180,cell3_lowonly,0,3,9760,12.2596,471,0.591627,3838,200,0
NW,19903,ws43,180,cell3_lowonly,0,5,9022,11.3326,471,0.591627,3493,200,0
NW,19903,ws43,180,cell3_lowonly,0,2,9697,12.1805,471,0.591627,3779,200,0
NW,19903,ws43,180,cell3_lowonly,2,1,9619,12.0825,471,0.591627,3697,200,0
NW,19903,ws43,180,cell3_lowonly,2,5,9388,11.7923,471,0.591627,3620,200,0
NW,19903,ws43,180,cell3_lowonly,2,2,9841,12.3614,471,0.591627,3792,200,0
NW,19903,ws43,180,cell3_lowonly,2,4,9849,12.3714,471,0.591627,3828,200,0
NW,19903,ws43,180,cell4_highonly,2,4,7991,10.0376,471,0.591627,2873,200,0
NW,19903,ws43,180,cell5_hilly,0,2,9825,12.3413,471,0.591627,3782,200,0
NW,19903,ws43,180,cell5_hilly,0,1,9639,12.1076,471,0.591627,3705,200,0
NW,19903,ws43,180,cell5_hilly,0,4,9829,12.3463,471,0.591627,3799,200,0
NW,19903,ws43,180,cell5_hilly,0,3,9944,12.4907,471,0.591627,3867,200,0
NW,19903,ws43,180,cell5_hilly,0,5,9397,11.8036,471,0.591627,3621,200,0
NW,19903,ws43,180,cell5_hilly,2,1,9649,12.1202,471,0.591627,3708,200,0
NW,19903,ws43,180,cell5_hilly,2,2,9839,12.3588,471,0.591627,3788,200,0
NW,19903,ws43,180,cell5_hilly,2,4,9835,12.3538,471,0.591627,3831,200,0
NW,19903,ws43,180,cell5_hilly,2,5,9403,11.8112,471,0.591627,3608,200,0
NW,19903,ws43,180,cell6_barriers,0,2,9697,12.1805,471,0.591627,3779,200,0
NW,19903,ws43,270,none,0,1,14307,17.9711,0,0.0,6625,200,0
NW,19903,ws43,270,none,0,3,14316,17.9824,0,0.0,6643,200,0
NW,19903,ws43,270,none,0,2,14410,18.1005,0,0.0,6740,200,0
NW,19903,ws43,270,none,0,4,13918,17.4825,0,0.0,6338,200,0
NW,19903,ws43,180,cell6_barriers,0,3,9760,12.2596,471,0.591627,3838,200,0
NW,19903,ws43,180,cell5_hilly,2,3,9917,12.4568,471,0.591627,3867,200,0
NW,19903,ws43,270,none,0,5,13838,17.382,0,0.0,6452,200,0
NW,19903,ws43,180,cell6_barriers,0,1,9564,12.0134,471,0.591627,3708,200,0
NW,19903,ws43,270,random,0,1,14272,17.9272,471,0.591627,6590,200,0
NW,19903,ws43,270,random,0,2,14353,18.0289,471,0.591627,6672,200,0
NW,19903,ws43,270,random,0,3,14152,17.7764,471,0.591627,6545,200,0
NW,19903,ws43,270,random,0,4,13889,17.4461,471,0.591627,6320,200,0
NW,19903,ws43,270,random,0,5,13771,17.2979,471,0.591627,6352,200,0
NW,19903,ws43,270,random,2,1,14263,17.9159,471,0.591627,6552,200,0
NW,19903,ws43,270,random,2,3,14152,17.7764,471,0.591627,6543,200,0
NW,19903,ws43,270,random,2,2,14350,18.0251,471,0.591627,6668,200,0
NW,19903,ws43,270,random,2,4,13883,17.4385,471,0.591627,6307,200,0
NW,19903,ws43,270,random,2,5,13769,17.2953,471,0.591627,6328,200,0
NW,19903,ws43,270,proximity,0,1,138,0.173343,471,0.591627,95,200,0
NW,19903,ws43,270,proximity,0,2,184,0.231124,471,0.591627,125,200,0
NW,19903,ws43,180,cell6_barriers,0,5,9022,11.3326,471,0.591627,3493,200,0
NW,19903,ws43,270,proximity,2,3,94,0.118074,471,0.591627,51,200,0
NW,19903,ws43,270,proximity,2,4,326,0.409491,471,0.591627,171,200,0
NW,19903,ws43,180,cell6_barriers,0,4,9512,11.9481,471,0.591627,3755,200,0
NW,19903,ws43,270,open_anchor,0,3,48,0.0602932,471,0.591627,39,200,0
NW,19903,ws43,270,open_anchor,0,2,64,0.0803909,471,0.591627,50,200,0
NW,19903,ws43,180,cell6_barriers,2,1,9619,12.0825,471,0.591627,3697,200,0
NW,19903,ws43,180,cell6_barriers,2,2,9841,12.3614,471,0.591627,3792,200,0
NW,19903,ws43,270,open_anchor,0,4,49,0.0615493,471,0.591627,38,200,0
NW,19903,ws43,180,cell6_barriers,2,3,9943,12.4895,471,0.591627,3866,200,0
NW,19903,ws43,270,open_anchor,0,5,78,0.0979764,471,0.591627,55,200,0
NW,19903,ws43,270,proximity,0,3,3369,4.23183,471,0.591627,2218,200,0
NW,19903,ws43,270,proximity,2,1,6201,7.78912,471,0.591627,3053,200,0
NW,19903,ws43,270,proximity,0,4,3943,4.95283,471,0.591627,2538,200,0
NW,19903,ws43,270,proximity,2,2,4501,5.65374,471,0.591627,2707,200,0
NW,19903,ws43,180,cell6_barriers,2,4,9849,12.3714,471,0.591627,3828,200,0
NW,19903,ws43,180,cell6_barriers,2,5,9388,11.7923,471,0.591627,3620,200,0
NW,19903,ws43,270,cell1_baseline,0,1,25,0.0314027,471,0.591627,21,200,0
NW,19903,ws43,270,open_anchor,2,4,1046,1.31389,471,0.591627,358,200,0
NW,19903,ws43,270,cell1_baseline,0,2,51,0.0640615,471,0.591627,40,200,0
NW,19903,ws43,270,proximity,0,5,4755,5.97279,471,0.591627,3119,200,0
NW,19903,ws43,270,cell1_baseline,2,1,160,0.200977,471,0.591627,67,200,0
NW,19903,ws43,270,cell1_baseline,2,2,171,0.214794,471,0.591627,76,200,0
NW,19903,ws43,270,cell1_baseline,2,3,111,0.139428,471,0.591627,58,200,0
NW,19903,ws43,270,open_anchor,2,3,4586,5.76051,471,0.591627,2450,200,0
NW,19903,ws43,270,cell1_baseline,0,5,495,0.621773,471,0.591627,313,200,0
NW,19903,ws43,270,cell2_ground,0,3,90,0.11305,471,0.591627,68,200,0
NW,19903,ws43,270,open_anchor,0,1,5860,7.36079,471,0.591627,3441,200,0
NW,19903,ws43,270,cell2_ground,2,1,172,0.216051,471,0.591627,65,200,0
NW,19903,ws43,270,open_anchor,2,2,6729,8.45235,471,0.591627,3423,200,0
NW,19903,ws43,270,cell2_ground,0,2,4376,5.49673,471,0.591627,2347,200,0
NW,19903,ws43,270,cell1_baseline,0,3,4150,5.21285,471,0.591627,2186,200,0
NW,19903,ws43,270,proximity,2,5,7514,9.43839,471,0.591627,4377,200,0
NW,19903,ws43,270,cell1_baseline,0,4,3578,4.49435,471,0.591627,2319,200,0
NW,19903,ws43,270,open_anchor,2,1,7774,9.76498,471,0.591627,4284,200,0
NW,19903,ws43,270,cell1_baseline,2,4,4498,5.64997,471,0.591627,2516,200,0
NW,19903,ws43,270,open_anchor,2,5,7841,9.84914,471,0.591627,3840,200,0
NW,19903,ws43,270,cell2_ground,2,2,4516,5.67258,471,0.591627,2025,200,0
NW,19903,ws43,270,cell1_baseline,2,5,5260,6.60713,471,0.591627,3096,200,0
NW,19903,ws43,270,cell2_ground,0,4,9585,12.0398,471,0.591627,4758,200,0
NW,19903,ws43,270,cell2_ground,0,5,10173,12.7784,471,0.591627,4767,200,0
NW,19903,ws43,270,cell2_ground,2,4,7007,8.80155,471,0.591627,3310,200,0
NW,19903,ws43,270,cell2_ground,0,1,12278,15.4225,471,0.591627,6011,200,0
NW,19903,ws43,270,cell4_highonly,0,1,33,0.0414516,471,0.591627,29,200,0
NW,19903,ws43,270,cell2_ground,2,5,7936,9.96847,471,0.591627,3772,200,0
NW,19903,ws43,270,cell4_highonly,0,2,48,0.0602932,471,0.591627,41,200,0
NW,19903,ws43,270,cell4_highonly,0,3,44,0.0552687,471,0.591627,34,200,0
NW,19903,ws43,270,cell4_highonly,0,4,64,0.0803909,471,0.591627,47,200,0
NW,19903,ws43,270,cell4_highonly,0,5,63,0.0791348,471,0.591627,46,200,0
NW,19903,ws43,270,cell4_highonly,2,1,139,0.174599,471,0.591627,57,200,0
NW,19903,ws43,270,cell4_highonly,2,4,92,0.115562,471,0.591627,45,200,0
NW,19903,ws43,270,cell2_ground,2,3,12552,15.7667,471,0.591627,5892,200,0
NW,19903,ws43,270,cell4_highonly,2,2,153,0.192185,471,0.591627,67,200,0
NW,19903,ws43,270,cell4_highonly,2,3,315,0.395674,471,0.591627,112,200,0
NW,19903,ws43,270,cell4_highonly,2,5,84,0.105513,471,0.591627,42,200,0
NW,19903,ws43,270,cell3_lowonly,0,1,13954,17.5277,471,0.591627,6511,200,0
NW,19903,ws43,270,cell3_lowonly,0,2,14246,17.8945,471,0.591627,6613,200,0
NW,19903,ws43,270,cell3_lowonly,0,4,13845,17.3908,471,0.591627,6331,200,0
NW,19903,ws43,270,cell3_lowonly,0,3,14058,17.6584,471,0.591627,6516,200,0
NW,19903,ws43,270,cell3_lowonly,2,4,13871,17.4235,471,0.591627,6347,200,0
NW,19903,ws43,270,cell3_lowonly,0,5,13671,17.1723,471,0.591627,6318,200,0
NW,19903,ws43,270,cell3_lowonly,2,3,14255,17.9058,471,0.591627,6575,200,0
NW,19903,ws43,270,cell3_lowonly,2,2,14345,18.0189,471,0.591627,6672,200,0
NW,19903,ws43,270,cell3_lowonly,2,1,14265,17.9184,471,0.591627,6578,200,0
NW,19903,ws43,270,cell3_lowonly,2,5,13787,17.318,471,0.591627,6458,200,0
NW,19903,ws43,270,cell5_hilly,0,1,14229,17.8732,471,0.591627,6506,200,0
NW,19903,ws43,270,cell5_hilly,0,4,13839,17.3833,471,0.591627,6237,200,0
NW,19903,ws43,270,cell5_hilly,0,2,14345,18.0189,471,0.591627,6608,200,0
NW,19903,ws43,270,cell5_hilly,0,3,14241,17.8882,471,0.591627,6545,200,0
NW,19903,ws43,270,cell5_hilly,2,1,14233,17.8782,471,0.591627,6536,200,0
NW,19903,ws43,270,cell5_hilly,0,5,13769,17.2953,471,0.591627,6328,200,0
NW,19903,ws43,270,cell6_barriers,0,1,13954,17.5277,471,0.591627,6511,200,0
NW,19903,ws43,270,cell5_hilly,2,4,13840,17.3845,471,0.591627,6309,200,0
NE,20015,ws10,0,none,0,1,13153,16.5216,0,0.0,7159,200,0
NE,20015,ws10,0,none,0,2,13026,16.3621,0,0.0,7038,200,0
NE,20015,ws10,0,none,0,3,13316,16.7263,0,0.0,7167,200,0
NE,20015,ws10,0,none,0,4,13509,16.9688,0,0.0,7278,200,0
NE,20015,ws10,0,none,0,5,13419,16.8557,0,0.0,7253,200,0
NE,20015,ws10,0,random,0,1,13129,16.4914,471,0.591627,7152,200,0
NE,20015,ws10,0,random,0,2,13004,16.3344,471,0.591627,7039,200,0
NW,19903,ws43,270,cell5_hilly,2,2,14341,18.0138,471,0.591627,6633,200,0
NE,20015,ws10,0,random,0,3,13215,16.5995,471,0.591627,7081,200,0
NE,20015,ws10,0,random,0,4,13445,16.8884,471,0.591627,7234,200,0
NE,20015,ws10,0,random,0,5,13378,16.8042,471,0.591627,7247,200,0
NW,19903,ws43,270,cell5_hilly,2,3,14245,17.8933,471,0.591627,6530,200,0
NE,20015,ws10,0,random,2,1,13133,16.4965,471,0.591627,7147,200,0
NE,20015,ws10,0,random,2,2,12999,16.3281,471,0.591627,7019,200,0
NW,19903,ws43,270,cell6_barriers,0,3,14058,17.6584,471,0.591627,6516,200,0
NE,20015,ws10,0,random,2,3,13162,16.5329,471,0.591627,7028,200,0
NE,20015,ws10,0,random,2,4,13434,16.8746,471,0.591627,7220,200,0
NE,20015,ws10,0,random,2,5,13377,16.803,471,0.591627,7213,200,0
NW,19903,ws43,270,cell5_hilly,2,5,13765,17.2903,471,0.591627,6347,200,0
NW,19903,ws43,270,cell6_barriers,0,4,13845,17.3908,471,0.591627,6331,200,0
NE,20015,ws10,0,proximity,0,3,31,0.0389393,471,0.591627,27,200,0
NE,20015,ws10,0,proximity,0,2,34,0.0427077,471,0.591627,29,200,0
NE,20015,ws10,0,proximity,0,1,46,0.057781,471,0.591627,39,200,0
NW,19903,ws43,270,cell6_barriers,0,2,14246,17.8945,471,0.591627,6613,200,0
NE,20015,ws10,0,proximity,2,1,256,0.321564,471,0.591627,138,200,0
NE,20015,ws10,0,proximity,0,5,594,0.746128,471,0.591627,406,200,0
NE,20015,ws10,0,proximity,2,3,750,0.942081,471,0.591627,411,200,0
NE,20015,ws10,0,proximity,2,5,305,0.383113,471,0.591627,164,200,0
NE,20015,ws10,0,proximity,2,4,251,0.315283,471,0.591627,139,200,0
NE,20015,ws10,0,open_anchor,0,2,7,0.00879275,471,0.591627,7,200,0
NE,20015,ws10,0,proximity,0,4,756,0.949617,471,0.591627,494,200,0
NE,20015,ws10,0,open_anchor,0,1,556,0.698396,471,0.591627,386,200,0
NE,20015,ws10,0,open_anchor,0,3,73,0.0916959,471,0.591627,54,200,0
NE,20015,ws10,0,open_anchor,0,4,190,0.23866,471,0.591627,139,200,0
NE,20015,ws10,0,open_anchor,2,1,403,0.506211,471,0.591627,192,200,0
NE,20015,ws10,0,open_anchor,0,5,259,0.325332,471,0.591627,186,200,0
NE,20015,ws10,0,open_anchor,2,3,212,0.266295,471,0.591627,116,200,0
NE,20015,ws10,0,open_anchor,2,2,211,0.265039,471,0.591627,120,200,0
NE,20015,ws10,0,cell1_baseline,0,1,206,0.258758,471,0.591627,150,200,0
NE,20015,ws10,0,open_anchor,2,5,567,0.712213,471,0.591627,284,200,0
NE,20015,ws10,0,cell1_baseline,0,2,91,0.114306,471,0.591627,71,200,0
NE,20015,ws10,0,open_anchor,2,4,490,0.615493,471,0.591627,241,200,0
NE,20015,ws10,0,cell1_baseline,2,1,170,0.213538,471,0.591627,92,200,0
NE,20015,ws10,0,cell1_baseline,0,3,69,0.0866714,471,0.591627,55,200,0
NE,20015,ws10,0,cell1_baseline,0,4,233,0.292673,471,0.591627,168,200,0
NE,20015,ws10,0,cell1_baseline,0,5,220,0.276344,471,0.591627,163,200,0
NE,20015,ws10,0,cell1_baseline,2,3,206,0.258758,471,0.591627,117,200,0
NE,20015,ws10,0,cell1_baseline,2,5,319,0.400698,471,0.591627,163,200,0
NE,20015,ws10,0,cell1_baseline,2,2,190,0.23866,471,0.591627,115,200,0
NE,20015,ws10,0,cell1_baseline,2,4,310,0.389393,471,0.591627,164,200,0
NE,20015,ws10,0,proximity,2,2,3346,4.20294,471,0.591627,1738,200,0
NE,20015,ws10,0,cell2_ground,0,1,104,0.130635,471,0.591627,84,200,0
NE,20015,ws10,0,cell2_ground,0,2,82,0.103001,471,0.591627,63,200,0
NE,20015,ws10,0,cell2_ground,0,5,224,0.281368,471,0.591627,156,200,0
NE,20015,ws10,0,cell2_ground,0,3,159,0.199721,471,0.591627,116,200,0
NE,20015,ws10,0,cell2_ground,2,2,218,0.273832,471,0.591627,121,200,0
NE,20015,ws10,0,cell2_ground,0,4,205,0.257502,471,0.591627,149,200,0
NW,19903,ws43,270,cell6_barriers,0,5,13671,17.1723,471,0.591627,6318,200,0
NE,20015,ws10,0,cell2_ground,2,1,589,0.739847,471,0.591627,295,200,0
NW,19903,ws43,270,cell6_barriers,2,2,14345,18.0189,471,0.591627,6672,200,0
NW,19903,ws43,270,cell6_barriers,2,3,14255,17.9058,471,0.591627,6575,200,0
NE,20015,ws10,0,cell2_ground,2,4,1625,2.04118,471,0.591627,867,200,0
NW,19903,ws43,270,cell6_barriers,2,1,14265,17.9184,471,0.591627,6578,200,0
NW,19903,ws43,270,cell6_barriers,2,5,13787,17.318,471,0.591627,6458,200,0
NW,19903,ws43,270,cell6_barriers,2,4,13871,17.4235,471,0.591627,6347,200,0
NE,20015,ws10,0,cell4_highonly,0,1,83,0.104257,471,0.591627,70,200,0
NE,20015,ws10,0,cell2_ground,2,5,4967,6.23909,471,0.591627,2506,200,0
NE,20015,ws10,0,cell4_highonly,0,2,27,0.0339149,471,0.591627,25,200,0
NE,20015,ws10,0,cell4_highonly,0,3,88,0.110537,471,0.591627,68,200,0
NE,20015,ws10,0,cell2_ground,2,3,9454,11.8752,471,0.591627,5340,200,0
NE,20015,ws10,0,cell4_highonly,0,4,112,0.140684,471,0.591627,87,200,0
NE,20015,ws10,0,cell4_highonly,2,2,138,0.173343,471,0.591627,73,200,0
NE,20015,ws10,0,cell4_highonly,2,1,311,0.39065,471,0.591627,165,200,0
NE,20015,ws10,0,cell4_highonly,0,5,346,0.434613,471,0.591627,251,200,0
NE,20015,ws10,0,cell4_highonly,2,5,343,0.430845,471,0.591627,168,200,0
NE,20015,ws10,0,cell4_highonly,2,3,137,0.172087,471,0.591627,83,200,0
NE,20015,ws10,0,cell4_highonly,2,4,278,0.349198,471,0.591627,157,200,0
NE,20015,ws10,0,cell3_lowonly,0,1,13055,16.3985,471,0.591627,7052,200,0
NE,20015,ws10,0,cell3_lowonly,0,2,12930,16.2415,471,0.591627,6978,200,0
NE,20015,ws10,0,cell3_lowonly,2,3,13223,16.6095,471,0.591627,7089,200,0
NE,20015,ws10,0,cell3_lowonly,0,4,13394,16.8243,471,0.591627,7148,200,0
NE,20015,ws10,0,cell3_lowonly,2,1,13058,16.4023,471,0.591627,7051,200,0
NE,20015,ws10,0,cell3_lowonly,0,3,13196,16.5756,471,0.591627,7074,200,0
NE,20015,ws10,0,cell3_lowonly,0,5,13272,16.6711,471,0.591627,7179,200,0
NE,20015,ws10,0,cell3_lowonly,2,2,12951,16.2679,471,0.591627,6995,200,0
NE,20015,ws10,0,cell3_lowonly,2,4,13388,16.8168,471,0.591627,7187,200,0
NE,20015,ws10,0,cell3_lowonly,2,5,13357,16.7778,471,0.591627,7196,200,0
NE,20015,ws10,0,cell5_hilly,0,2,12918,16.2264,471,0.591627,6942,200,0
NE,20015,ws10,0,cell5_hilly,2,1,13031,16.3683,471,0.591627,7015,200,0
NE,20015,ws10,0,cell5_hilly,0,1,12994,16.3219,471,0.591627,7047,200,0
NE,20015,ws10,0,cell5_hilly,0,3,13161,16.5316,471,0.591627,7051,200,0
NE,20015,ws10,0,cell5_hilly,0,4,13377,16.803,471,0.591627,7111,200,0
NE,20015,ws10,0,cell5_hilly,0,5,13285,16.6874,471,0.591627,7152,200,0
NE,20015,ws10,0,cell5_hilly,2,3,13196,16.5756,471,0.591627,7037,200,0
NE,20015,ws10,90,none,0,1,6644,8.34558,0,0.0,3123,200,0
NE,20015,ws10,90,none,0,2,6632,8.33051,0,0.0,3105,200,0
NE,20015,ws10,0,cell5_hilly,2,4,13374,16.7992,471,0.591627,7115,200,0
NE,20015,ws10,90,none,0,3,6926,8.6998,0,0.0,3266,200,0
NE,20015,ws10,0,cell5_hilly,2,2,12842,16.1309,471,0.591627,6876,200,0
NE,20015,ws10,90,none,0,5,6879,8.64077,0,0.0,3240,200,0
NE,20015,ws10,90,none,0,4,6953,8.73372,0,0.0,3294,200,0
NE,20015,ws10,90,random,0,2,6623,8.3192,471,0.591627,3109,200,0
NE,20015,ws10,90,random,0,1,6630,8.328,471,0.591627,3104,200,0
NE,20015,ws10,90,random,0,3,6917,8.6885,471,0.591627,3261,200,0
NE,20015,ws10,90,random,0,4,6916,8.68724,471,0.591627,3274,200,0
NE,20015,ws10,0,cell5_hilly,2,5,13244,16.6359,471,0.591627,7088,200,0
NE,20015,ws10,90,random,0,5,6850,8.60434,471,0.591627,3216,200,0
NE,20015,ws10,90,random,2,2,6623,8.3192,471,0.591627,3103,200,0
NE,20015,ws10,90,random,2,1,6628,8.32548,471,0.591627,3102,200,0
NE,20015,ws10,90,random,2,4,6929,8.70357,471,0.591627,3252,200,0
NE,20015,ws10,90,random,2,3,6918,8.68975,471,0.591627,3261,200,0
NE,20015,ws10,90,random,2,5,6844,8.5968,471,0.591627,3206,200,0
NE,20015,ws10,0,cell6_barriers,0,2,12930,16.2415,471,0.591627,6981,200,0
NE,20015,ws10,0,cell6_barriers,0,1,13055,16.3985,471,0.591627,7052,200,0
NE,20015,ws10,90,proximity,0,2,14,0.0175855,471,0.591627,14,200,0
NE,20015,ws10,90,proximity,0,1,82,0.103001,471,0.591627,62,200,0
NE,20015,ws10,90,proximity,0,3,48,0.0602932,471,0.591627,39,200,0
NE,20015,ws10,90,proximity,2,1,155,0.194697,471,0.591627,74,200,0
NE,20015,ws10,0,cell6_barriers,0,3,13196,16.5756,471,0.591627,7074,200,0
NE,20015,ws10,90,proximity,0,4,468,0.587858,471,0.591627,307,200,0
NE,20015,ws10,90,proximity,2,2,77,0.0967203,471,0.591627,37,200,0
NE,20015,ws10,90,open_anchor,0,1,42,0.0527565,471,0.591627,37,200,0
NE,20015,ws10,0,cell6_barriers,0,4,13394,16.8243,471,0.591627,7148,200,0
NE,20015,ws10,90,proximity,0,5,628,0.788836,471,0.591627,403,200,0
NE,20015,ws10,90,proximity,2,5,648,0.813958,471,0.591627,316,200,0
NE,20015,ws10,90,proximity,2,4,653,0.820238,471,0.591627,332,200,0
NE,20015,ws10,90,open_anchor,0,2,69,0.0866714,471,0.591627,54,200,0
NE,20015,ws10,90,proximity,2,3,713,0.895605,471,0.591627,358,200,0
NE,20015,ws10,90,open_anchor,0,3,125,0.157013,471,0.591627,89,200,0
NE,20015,ws10,90,open_anchor,0,4,292,0.366783,471,0.591627,187,200,0
NE,20015,ws10,0,cell6_barriers,2,1,13058,16.4023,471,0.591627,7051,200,0
NE,20015,ws10,90,open_anchor,2,1,187,0.234892,471,0.591627,95,200,0
NE,20015,ws10,90,open_anchor,2,2,183,0.229868,471,0.591627,80,200,0
NE,20015,ws10,90,open_anchor,2,3,194,0.243685,471,0.591627,105,200,0
NE,20015,ws10,90,cell1_baseline,0,1,94,0.118074,471,0.591627,72,200,0
NE,20015,ws10,90,open_anchor,2,4,375,0.47104,471,0.591627,178,200,0
NE,20015,ws10,90,cell1_baseline,0,2,84,0.105513,471,0.591627,73,200,0
NE,20015,ws10,0,cell6_barriers,2,2,12951,16.2679,471,0.591627,6995,200,0
NE,20015,ws10,90,open_anchor,0,5,817,1.02624,471,0.591627,499,200,0
NE,20015,ws10,90,cell1_baseline,2,2,176,0.221075,471,0.591627,77,200,0
NE,20015,ws10,90,cell1_baseline,0,4,140,0.175855,471,0.591627,102,200,0
NE,20015,ws10,90,open_anchor,2,5,945,1.18702,471,0.591627,419,200,0
NE,20015,ws10,90,cell1_baseline,0,3,295,0.370552,471,0.591627,186,200,0
NE,20015,ws10,90,cell1_baseline,2,1,174,0.218563,471,0.591627,83,200,0
NE,20015,ws10,90,cell1_baseline,0,5,170,0.213538,471,0.591627,129,200,0
NE,20015,ws10,90,cell1_baseline,2,3,263,0.330356,471,0.591627,132,200,0
NE,20015,ws10,0,cell6_barriers,0,5,13272,16.6711,471,0.591627,7179,200,0
NE,20015,ws10,90,cell2_ground,0,2,91,0.114306,471,0.591627,65,200,0
NE,20015,ws10,90,cell2_ground,0,1,62,0.0778787,471,0.591627,50,200,0
NE,20015,ws10,90,cell1_baseline,2,4,302,0.379345,471,0.591627,151,200,0
NE,20015,ws10,90,cell1_baseline,2,5,267,0.335381,471,0.591627,146,200,0
NE,20015,ws10,90,cell2_ground,2,1,226,0.28388,471,0.591627,102,200,0
NE,20015,ws10,90,cell2_ground,0,3,286,0.359247,471,0.591627,189,200,0
NE,20015,ws10,0,cell6_barriers,2,3,13223,16.6095,471,0.591627,7089,200,0
NE,20015,ws10,90,cell2_ground,0,4,193,0.242429,471,0.591627,141,200,0
NE,20015,ws10,90,cell2_ground,2,2,227,0.285136,471,0.591627,98,200,0
NE,20015,ws10,90,cell2_ground,0,5,204,0.256246,471,0.591627,144,200,0
NE,20015,ws10,90,cell2_ground,2,3,478,0.60042,471,0.591627,200,200,0
NE,20015,ws10,90,cell2_ground,2,4,439,0.551431,471,0.591627,195,200,0
NE,20015,ws10,90,cell2_ground,2,5,810,1.01745,471,0.591627,359,200,0
NE,20015,ws10,0,cell6_barriers,2,5,13357,16.7778,471,0.591627,7196,200,0
NE,20015,ws10,0,cell6_barriers,2,4,13388,16.8168,471,0.591627,7187,200,0
NE,20015,ws10,90,cell4_highonly,0,1,56,0.070342,471,0.591627,46,200,0
NE,20015,ws10,90,cell4_highonly,0,2,48,0.0602932,471,0.591627,40,200,0
NE,20015,ws10,90,cell4_highonly,0,3,119,0.149477,471,0.591627,90,200,0
NE,20015,ws10,90,cell4_highonly,2,1,122,0.153245,471,0.591627,54,200,0
NE,20015,ws10,90,cell4_highonly,0,5,258,0.324076,471,0.591627,184,200,0
NE,20015,ws10,90,cell4_highonly,2,2,120,0.150733,471,0.591627,55,200,0
NE,20015,ws10,90,cell4_highonly,2,3,266,0.334125,471,0.591627,130,200,0
NE,20015,ws10,90,cell4_highonly,2,4,519,0.65192,471,0.591627,205,200,0
NE,20015,ws10,90,cell3_lowonly,0,5,6847,8.60057,471,0.591627,3203,200,0
NE,20015,ws10,90,cell4_highonly,2,5,283,0.355479,471,0.591627,136,200,0
NE,20015,ws10,90,cell3_lowonly,0,1,6591,8.27901,471,0.591627,3096,200,0
NE,20015,ws10,90,cell3_lowonly,2,4,6932,8.70734,471,0.591627,3265,200,0
NE,20015,ws10,90,cell3_lowonly,0,2,6567,8.24886,471,0.591627,3072,200,0
NE,20015,ws10,90,cell3_lowonly,2,2,6606,8.29785,471,0.591627,3102,200,0
NE,20015,ws10,90,cell3_lowonly,2,1,6607,8.2991,471,0.591627,3111,200,0
NE,20015,ws10,90,cell4_highonly,0,4,4422,5.55451,471,0.591627,2495,200,0
NE,20015,ws10,90,cell3_lowonly,0,4,6940,8.71739,471,0.591627,3287,200,0
NE,20015,ws10,90,cell3_lowonly,0,3,6899,8.66589,471,0.591627,3217,200,0
NE,20015,ws10,90,cell3_lowonly,2,3,6898,8.66463,471,0.591627,3222,200,0
NE,20015,ws10,90,cell3_lowonly,2,5,6862,8.61941,471,0.591627,3229,200,0
NE,20015,ws10,90,cell5_hilly,2,1,6583,8.26896,471,0.591627,3088,200,0
NE,20015,ws10,90,cell5_hilly,0,1,6568,8.25012,471,0.591627,3090,200,0
NE,20015,ws10,90,cell5_hilly,0,5,6807,8.55033,471,0.591627,3192,200,0
NE,20015,ws10,90,cell5_hilly,0,2,6608,8.30036,471,0.591627,3096,200,0
NE,20015,ws10,90,cell5_hilly,0,3,6876,8.637,471,0.591627,3243,200,0
NE,20015,ws10,90,cell5_hilly,0,4,6936,8.71236,471,0.591627,3279,200,0
NE,20015,ws10,90,cell6_barriers,0,1,6609,8.30162,471,0.591627,3095,200,0
NE,20015,ws10,90,cell5_hilly,2,2,6623,8.3192,471,0.591627,3100,200,0
NE,20015,ws10,180,none,0,1,6355,7.98257,0,0.0,2889,200,0
NE,20015,ws10,90,cell6_barriers,0,2,6567,8.24886,471,0.591627,3072,200,0
NE,20015,ws10,180,none,0,2,6351,7.97754,0,0.0,2868,200,0
NE,20015,ws10,180,none,0,3,6491,8.1534,0,0.0,2987,200,0
NE,20015,ws10,180,none,0,4,6515,8.18354,0,0.0,3001,200,0
NE,20015,ws10,180,none,0,5,6431,8.07803,0,0.0,2924,200,0
NE,20015,ws10,180,random,0,3,6485,8.14586,471,0.591627,2978,200,0
NE,20015,ws10,180,random,0,1,6348,7.97377,471,0.591627,2892,200,0
NE,20015,ws10,180,random,0,2,6327,7.94739,471,0.591627,2856,200,0
NE,20015,ws10,180,random,0,5,6407,8.04788,471,0.591627,2898,200,0
NE,20015,ws10,180,random,0,4,6509,8.17601,471,0.591627,3000,200,0
NE,20015,ws10,180,random,2,1,6346,7.97126,471,0.591627,2870,200,0
NE,20015,ws10,90,cell5_hilly,2,3,6879,8.64077,471,0.591627,3240,200,0
NE,20015,ws10,180,random,2,3,6485,8.14586,471,0.591627,2978,200,0
NE,20015,ws10,180,random,2,2,6327,7.94739,471,0.591627,2856,200,0
NE,20015,ws10,180,random,2,4,6507,8.17349,471,0.591627,2969,200,0
NE,20015,ws10,90,cell6_barriers,0,3,6899,8.66589,471,0.591627,3217,200,0
NE,20015,ws10,180,random,2,5,6416,8.05919,471,0.591627,2923,200,0
NE,20015,ws10,90,cell5_hilly,2,5,6807,8.55033,471,0.591627,3188,200,0
NE,20015,ws10,90,cell5_hilly,2,4,6892,8.65709,471,0.591627,3257,200,0
NE,20015,ws10,180,proximity,0,3,103,0.129379,471,0.591627,67,200,0
NE,20015,ws10,90,cell6_barriers,0,4,6940,8.71739,471,0.591627,3287,200,0
NE,20015,ws10,180,proximity,2,1,192,0.241173,471,0.591627,82,200,0
NE,20015,ws10,180,proximity,0,2,328,0.412003,471,0.591627,244,200,0
NE,20015,ws10,180,proximity,0,1,652,0.818982,471,0.591627,455,200,0
NE,20015,ws10,180,proximity,2,3,225,0.282624,471,0.591627,116,200,0
NE,20015,ws10,180,open_anchor,0,1,35,0.0439638,471,0.591627,33,200,0
NE,20015,ws10,180,open_anchor,0,2,20,0.0251222,471,0.591627,20,200,0
NE,20015,ws10,90,cell6_barriers,2,3,6898,8.66463,471,0.591627,3222,200,0
NE,20015,ws10,180,open_anchor,0,3,154,0.193441,471,0.591627,105,200,0
NE,20015,ws10,90,cell6_barriers,2,1,6607,8.2991,471,0.591627,3111,200,0
NE,20015,ws10,180,proximity,0,5,1905,2.39289,471,0.591627,1273,200,0
NE,20015,ws10,90,cell6_barriers,0,5,6847,8.60057,471,0.591627,3203,200,0
NE,20015,ws10,90,cell6_barriers,2,2,6606,8.29785,471,0.591627,3102,200,0
NE,20015,ws10,180,open_anchor,0,4,482,0.605444,471,0.591627,287,200,0
NE,20015,ws10,90,cell6_barriers,2,4,6932,8.70734,471,0.591627,3265,200,0
NE,20015,ws10,180,open_anchor,2,2,313,0.393162,471,0.591627,162,200,0
NE,20015,ws10,180,open_anchor,2,1,1183,1.48598,471,0.591627,673,200,0
NE,20015,ws10,90,cell6_barriers,2,5,6862,8.61941,471,0.591627,3229,200,0
NE,20015,ws10,180,proximity,2,2,3832,4.81341,471,0.591627,1948,200,0
NE,20015,ws10,180,cell1_baseline,0,2,130,0.163294,471,0.591627,98,200,0
NE,20015,ws10,180,proximity,2,5,2080,2.6127,471,0.591627,1256,200,0
NE,20015,ws10,180,proximity,0,4,4162,5.22792,471,0.591627,2279,200,0
NE,20015,ws10,180,cell1_baseline,0,3,272,0.341661,471,0.591627,169,200,0
NE,20015,ws10,180,proximity,2,4,3195,4.01326,471,0.591627,1672,200,0
NE,20015,ws10,180,cell1_baseline,0,1,334,0.41954,471,0.591627,257,200,0
NE,20015,ws10,180,open_anchor,0,5,1233,1.54878,471,0.591627,746,200,0
NE,20015,ws10,180,cell2_ground,0,1,67,0.0841592,471,0.591627,54,200,0
NE,20015,ws10,180,cell2_ground,0,2,114,0.143196,471,0.591627,89,200,0
NE,20015,ws10,180,open_anchor,2,5,1954,2.45443,471,0.591627,1001,200,0
NE,20015,ws10,180,cell1_baseline,2,1,775,0.973484,471,0.591627,388,200,0
NE,20015,ws10,180,open_anchor,2,3,2262,2.84132,471,0.591627,1033,200,0
NE,20015,ws10,180,open_anchor,2,4,2210,2.776,471,0.591627,1244,200,0
NE,20015,ws10,180,cell2_ground,0,5,357,0.448431,471,0.591627,265,200,0
NE,20015,ws10,180,cell2_ground,2,2,531,0.666993,471,0.591627,221,200,0
NE,20015,ws10,180,cell2_ground,2,1,616,0.773762,471,0.591627,311,200,0
NE,20015,ws10,180,cell1_baseline,2,2,2286,2.87146,471,0.591627,1285,200,0
NE,20015,ws10,180,cell1_baseline,2,5,2162,2.71571,471,0.591627,1305,200,0
NE,20015,ws10,180,cell1_baseline,0,5,3319,4.16902,471,0.591627,1952,200,0
NE,20015,ws10,180,cell1_baseline,2,4,3341,4.19666,471,0.591627,1547,200,0
NE,20015,ws10,180,cell1_baseline,2,3,3294,4.13762,471,0.591627,1695,200,0
NE,20015,ws10,180,cell1_baseline,0,4,3641,4.57349,471,0.591627,1987,200,0
NE,20015,ws10,180,cell2_ground,0,3,3943,4.95283,471,0.591627,2125,200,0
NE,20015,ws10,180,cell2_ground,0,4,3616,4.54209,471,0.591627,2002,200,0
NE,20015,ws10,180,cell2_ground,2,4,5398,6.78047,471,0.591627,2585,200,0
NE,20015,ws10,180,cell4_highonly,0,1,91,0.114306,471,0.591627,71,200,0
NE,20015,ws10,180,cell2_ground,2,3,4190,5.26309,471,0.591627,1977,200,0
NE,20015,ws10,180,cell4_highonly,0,2,16,0.0200977,471,0.591627,14,200,0
NE,20015,ws10,180,cell2_ground,2,5,3944,4.95409,471,0.591627,1999,200,0
NE,20015,ws10,180,cell4_highonly,0,3,59,0.0741104,471,0.591627,40,200,0
NE,20015,ws10,180,cell4_highonly,0,5,168,0.211026,471,0.591627,109,200,0
NE,20015,ws10,180,cell4_highonly,2,2,133,0.167062,471,0.591627,64,200,0
NE,20015,ws10,180,cell4_highonly,2,1,165,0.207258,471,0.591627,76,200,0
NE,20015,ws10,180,cell3_lowonly,0,1,6325,7.94488,471,0.591627,2871,200,0
NE,20015,ws10,180,cell3_lowonly,0,2,6324,7.94363,471,0.591627,2884,200,0
NE,20015,ws10,180,cell3_lowonly,0,3,6475,8.1333,471,0.591627,2960,200,0
NE,20015,ws10,180,cell3_lowonly,2,1,6334,7.95619,471,0.591627,2878,200,0
NE,20015,ws10,180,cell3_lowonly,0,5,6400,8.03909,471,0.591627,2924,200,0
NE,20015,ws10,180,cell3_lowonly,0,4,6489,8.15088,471,0.591627,2994,200,0
NE,20015,ws10,180,cell3_lowonly,2,2,6336,7.9587,471,0.591627,2896,200,0
NE,20015,ws10,180,cell3_lowonly,2,5,6411,8.05291,471,0.591627,2921,200,0
NE,20015,ws10,180,cell4_highonly,2,3,1758,2.20824,471,0.591627,666,200,0
NE,20015,ws10,180,cell3_lowonly,2,3,6471,8.12827,471,0.591627,2967,200,0
NE,20015,ws10,180,cell3_lowonly,2,4,6503,8.16847,471,0.591627,3012,200,0
NE,20015,ws10,180,cell4_highonly,2,4,5329,6.6938,471,0.591627,2358,200,0
NE,20015,ws10,180,cell4_highonly,0,4,5657,7.1058,471,0.591627,2784,200,0
NE,20015,ws10,180,cell4_highonly,2,5,5054,6.34837,471,0.591627,2303,200,0
NE,20015,ws10,180,cell5_hilly,0,1,6352,7.9788,471,0.591627,2887,200,0
NE,20015,ws10,180,cell5_hilly,0,2,6346,7.97126,471,0.591627,2884,200,0
NE,20015,ws10,180,cell6_barriers,0,1,6329,7.94991,471,0.591627,2853,200,0
NE,20015,ws10,180,cell5_hilly,0,3,6489,8.15088,471,0.591627,2985,200,0
NE,20015,ws10,180,cell5_hilly,2,1,6351,7.97754,471,0.591627,2886,200,0
NE,20015,ws10,180,cell5_hilly,0,4,6511,8.17852,471,0.591627,2998,200,0
NE,20015,ws10,180,cell5_hilly,2,2,6349,7.97503,471,0.591627,2868,200,0
NE,20015,ws10,180,cell5_hilly,0,5,6427,8.07301,471,0.591627,2922,200,0
NE,20015,ws10,180,cell5_hilly,2,3,6488,8.14963,471,0.591627,2984,200,0
NE,20015,ws10,270,none,0,1,9286,11.6642,0,0.0,4775,200,0
NE,20015,ws10,270,none,0,2,9389,11.7936,0,0.0,4830,200,0
NE,20015,ws10,270,none,0,3,10002,12.5636,0,0.0,5244,200,0
NE,20015,ws10,270,none,0,5,9536,11.9782,0,0.0,4958,200,0
NE,20015,ws10,270,none,0,4,10057,12.6327,0,0.0,5253,200,0
NE,20015,ws10,270,random,0,1,9271,11.6454,471,0.591627,4784,200,0
NE,20015,ws10,270,random,0,2,9351,11.7459,471,0.591627,4801,200,0
NE,20015,ws10,270,random,0,4,10045,12.6176,471,0.591627,5244,200,0
NE,20015,ws10,270,random,0,3,9844,12.3651,471,0.591627,5101,200,0
NE,20015,ws10,180,cell5_hilly,2,4,6510,8.17726,471,0.591627,2998,200,0
NE,20015,ws10,180,cell5_hilly,2,5,6428,8.07426,471,0.591627,2923,200,0
NE,20015,ws10,270,random,2,2,9354,11.7496,471,0.591627,4810,200,0
NE,20015,ws10,270,random,2,1,9276,11.6517,471,0.591627,4774,200,0
NE,20015,ws10,270,random,0,5,9511,11.9468,471,0.591627,4914,200,0
NE,20015,ws10,270,random,2,3,9849,12.3714,471,0.591627,5100,200,0
NE,20015,ws10,270,random,2,4,10045,12.6176,471,0.591627,5227,200,0
NE,20015,ws10,270,random,2,5,9519,11.9569,471,0.591627,4920,200,0
NE,20015,ws10,180,cell6_barriers,0,2,6324,7.94363,471,0.591627,2884,200,0
NE,20015,ws10,270,proximity,0,4,315,0.395674,471,0.591627,214,200,0
NE,20015,ws10,180,cell6_barriers,0,3,6475,8.1333,471,0.591627,2960,200,0
NE,20015,ws10,180,cell6_barriers,0,4,6489,8.15088,471,0.591627,2994,200,0
NE,20015,ws10,180,cell6_barriers,0,5,6400,8.03909,471,0.591627,2924,200,0
NE,20015,ws10,270,proximity,2,4,443,0.556456,471,0.591627,282,200,0
NE,20015,ws10,270,proximity,0,1,2413,3.03099,471,0.591627,1499,200,0
NE,20015,ws10,180,cell6_barriers,2,2,6336,7.9587,471,0.591627,2896,200,0
NE,20015,ws10,270,open_anchor,0,1,41,0.0515004,471,0.591627,36,200,0
NE,20015,ws10,180,cell6_barriers,2,1,6334,7.95619,471,0.591627,2878,200,0
NE,20015,ws10,270,open_anchor,0,2,118,0.148221,471,0.591627,84,200,0
NE,20015,ws10,180,cell6_barriers,2,3,6471,8.12827,471,0.591627,2967,200,0
NE,20015,ws10,270,open_anchor,0,4,397,0.498675,471,0.591627,287,200,0
NE,20015,ws10,270,open_anchor,0,5,91,0.114306,471,0.591627,73,200,0
NE,20015,ws10,180,cell6_barriers,2,4,6503,8.16847,471,0.591627,3012,200,0
NE,20015,ws10,180,cell6_barriers,2,5,6411,8.05291,471,0.591627,2921,200,0
NE,20015,ws10,270,proximity,0,2,3720,4.67272,471,0.591627,2377,200,0
NE,20015,ws10,270,proximity,0,5,3238,4.06728,471,0.591627,2132,200,0
NE,20015,ws10,270,proximity,0,3,5545,6.96512,471,0.591627,3081,200,0
NE,20015,ws10,270,open_anchor,2,1,706,0.886812,471,0.591627,411,200,0
NE,20015,ws10,270,proximity,2,2,3449,4.33232,471,0.591627,1990,200,0
NE,20015,ws10,270,open_anchor,2,2,684,0.859178,471,0.591627,386,200,0
NE,20015,ws10,270,cell1_baseline,0,2,122,0.153245,471,0.591627,92,200,0
NE,20015,ws10,270,cell1_baseline,0,3,141,0.177111,471,0.591627,108,200,0
NE,20015,ws10,270,proximity,2,3,4261,5.35228,471,0.591627,2324,200,0
NE,20015,ws10,270,cell1_baseline,0,5,95,0.11933,471,0.591627,74,200,0
NE,20015,ws10,270,open_anchor,2,4,928,1.16567,471,0.591627,553,200,0
NE,20015,ws10,270,proximity,2,1,5132,6.44635,471,0.591627,2700,200,0
NE,20015,ws10,270,cell1_baseline,2,3,278,0.349198,471,0.591627,168,200,0
NE,20015,ws10,270,proximity,2,5,4541,5.70399,471,0.591627,2303,200,0
NE,20015,ws10,270,open_anchor,0,3,3738,4.69533,471,0.591627,1937,200,0
NE,20015,ws10,270,open_anchor,2,3,1894,2.37907,471,0.591627,1126,200,0
NE,20015,ws10,270,cell2_ground,0,1,80,0.100489,471,0.591627,64,200,0
NE,20015,ws10,270,cell2_ground,0,2,113,0.14194,471,0.591627,82,200,0
NE,20015,ws10,270,cell2_ground,0,5,142,0.178367,471,0.591627,98,200,0
NE,20015,ws10,270,cell2_ground,2,1,321,0.403211,471,0.591627,184,200,0
NE,20015,ws10,270,cell1_baseline,0,1,3289,4.13134,471,0.591627,2015,200,0
NE,20015,ws10,270,cell1_baseline,2,5,2212,2.77851,471,0.591627,1291,200,0
NE,20015,ws10,270,cell1_baseline,0,4,4840,6.07956,471,0.591627,2709,200,0
NE,20015,ws10,270,cell1_baseline,2,2,3302,4.14767,471,0.591627,1945,200,0
NE,20015,ws10,270,cell1_baseline,2,4,4342,5.45402,471,0.591627,2211,200,0
NE,20015,ws10,270,open_anchor,2,5,6833,8.58298,471,0.591627,3395,200,0
NE,20015,ws10,270,cell1_baseline,2,1,4247,5.33469,471,0.591627,2198,200,0
NE,20015,ws10,270,cell2_ground,2,2,3641,4.57349,471,0.591627,2032,200,0
NE,20015,ws10,270,cell2_ground,0,3,4736,5.94893,471,0.591627,2665,200,0
NE,20015,ws10,270,cell2_ground,2,3,4393,5.51808,471,0.591627,2292,200,0
NE,20015,ws10,270,cell2_ground,2,4,4895,6.14865,471,0.591627,2436,200,0
NE,20015,ws10,270,cell2_ground,0,4,4555,5.72157,471,0.591627,2565,200,0
NE,20015,ws10,270,cell4_highonly,0,2,47,0.0590371,471,0.591627,43,200,0
NE,20015,ws10,270,cell4_highonly,0,3,93,0.116818,471,0.591627,69,200,0
NE,20015,ws10,270,cell2_ground,2,5,6195,7.78159,471,0.591627,2940,200,0
NE,20015,ws10,270,cell3_lowonly,0,1,9237,11.6027,471,0.591627,4731,200,0
NE,20015,ws10,270,cell3_lowonly,0,5,9496,11.928,471,0.591627,4899,200,0
NE,20015,ws10,270,cell4_highonly,2,2,773,0.970971,471,0.591627,327,200,0
NE,20015,ws10,270,cell3_lowonly,0,2,9345,11.7383,471,0.591627,4801,200,0
NE,20015,ws10,270,cell3_lowonly,0,3,9955,12.5046,471,0.591627,5184,200,0
NE,20015,ws10,270,cell4_highonly,2,4,434,0.545151,471,0.591627,238,200,0
NE,20015,ws10,270,cell3_lowonly,2,3,9950,12.4983,471,0.591627,5168,200,0
NE,20015,ws10,270,cell3_lowonly,0,4,10012,12.5762,471,0.591627,5226,200,0
NE,20015,ws10,270,cell3_lowonly,2,2,9320,11.7069,471,0.591627,4768,200,0
NE,20015,ws10,270,cell3_lowonly,2,1,9257,11.6278,471,0.591627,4753,200,0
NE,20015,ws10,270,cell4_highonly,0,1,5313,6.6737,471,0.591627,2854,200,0
NE,20015,ws10,270,cell3_lowonly,2,4,10017,12.5824,471,0.591627,5203,200,0
NE,20015,ws10,270,cell3_lowonly,2,5,9500,11.933,471,0.591627,4930,200,0
NE,20015,ws10,270,cell4_highonly,0,5,5476,6.87845,471,0.591627,2839,200,0
NE,20015,ws10,270,cell4_highonly,0,4,6096,7.65723,471,0.591627,3109,200,0
NE,20015,ws10,270,cell4_highonly,2,1,5572,6.99903,471,0.591627,2727,200,0
NE,20015,ws10,270,cell4_highonly,2,3,5479,6.88221,471,0.591627,2718,200,0
NE,20015,ws10,270,cell4_highonly,2,5,5409,6.79429,471,0.591627,2596,200,0
NE,20015,ws10,270,cell5_hilly,0,3,9270,11.6441,471,0.591627,4779,200,0
NE,20015,ws10,270,cell5_hilly,0,1,8633,10.844,471,0.591627,4344,200,0
NE,20015,ws10,270,cell5_hilly,0,4,9491,11.9217,471,0.591627,4882,200,0
NE,20015,ws10,270,cell5_hilly,0,2,8728,10.9633,471,0.591627,4381,200,0
NE,20015,ws10,270,cell5_hilly,2,1,9182,11.5336,471,0.591627,4683,200,0
NE,20015,ws10,270,cell5_hilly,0,5,8841,11.1052,471,0.591627,4510,200,0
NE,20015,ws10,270,cell5_hilly,2,2,8728,10.9633,471,0.591627,4379,200,0
NE,20015,ws25,0,none,0,1,11071,13.9064,0,0.0,5221,200,0
NE,20015,ws25,0,none,0,2,11019,13.8411,0,0.0,5186,200,0
NE,20015,ws25,0,none,0,3,11116,13.9629,0,0.0,5212,200,0
NE,20015,ws25,0,none,0,4,11348,14.2543,0,0.0,5347,200,0
NE,20015,ws25,0,none,0,5,11431,14.3586,0,0.0,5399,200,0
NE,20015,ws10,270,cell5_hilly,2,5,8848,11.114,471,0.591627,4506,200,0
NE,20015,ws25,0,random,0,1,11016,13.8373,471,0.591627,5193,200,0
NE,20015,ws25,0,random,0,2,10997,13.8134,471,0.591627,5164,200,0
NE,20015,ws25,0,random,0,3,11047,13.8762,471,0.591627,5160,200,0
NE,20015,ws25,0,random,0,4,11324,14.2242,471,0.591627,5330,200,0
NE,20015,ws10,270,cell5_hilly,2,3,9274,11.6491,471,0.591627,4769,200,0
NE,20015,ws10,270,cell5_hilly,2,4,9305,11.6881,471,0.591627,4749,200,0
NE,20015,ws25,0,random,0,5,11380,14.2945,471,0.591627,5340,200,0
NE,20015,ws10,270,cell6_barriers,0,2,9345,11.7383,471,0.591627,4779,200,0
NE,20015,ws10,270,cell6_barriers,0,1,9237,11.6027,471,0.591627,4731,200,0
NE,20015,ws25,0,random,2,1,11030,13.8549,471,0.591627,5189,200,0
NE,20015,ws25,0,random,2,2,10994,13.8096,471,0.591627,5146,200,0
NE,20015,ws25,0,random,2,3,11007,13.826,471,0.591627,5150,200,0
NE,20015,ws25,0,random,2,4,11327,14.2279,471,0.591627,5315,200,0
NE,20015,ws25,0,random,2,5,11363,14.2732,471,0.591627,5363,200,0
NE,20015,ws25,0,proximity,0,2,54,0.0678298,471,0.591627,47,200,0
NE,20015,ws25,0,proximity,0,4,54,0.0678298,471,0.591627,40,200,0
NE,20015,ws25,0,proximity,0,3,45,0.0565249,471,0.591627,38,200,0
NE,20015,ws25,0,proximity,2,2,47,0.0590371,471,0.591627,25,200,0
NE,20015,ws25,0,proximity,2,3,92,0.115562,471,0.591627,36,200,0
NE,20015,ws25,0,proximity,2,4,278,0.349198,471,0.591627,152,200,0
NE,20015,ws25,0,proximity,0,1,945,1.18702,471,0.591627,635,200,0
NE,20015,ws25,0,open_anchor,0,1,51,0.0640615,471,0.591627,41,200,0
NE,20015,ws25,0,proximity,2,1,1185,1.48849,471,0.591627,689,200,0
NE,20015,ws25,0,proximity,0,5,1258,1.58018,471,0.591627,825,200,0
NE,20015,ws10,270,cell6_barriers,0,5,9496,11.928,471,0.591627,4899,200,0
NE,20015,ws25,0,open_anchor,0,2,15,0.0188416,471,0.591627,13,200,0
NE,20015,ws25,0,open_anchor,0,3,16,0.0200977,471,0.591627,14,200,0
NE,20015,ws10,270,cell6_barriers,0,3,9955,12.5046,471,0.591627,5184,200,0
NE,20015,ws10,270,cell6_barriers,0,4,10012,12.5762,471,0.591627,5226,200,0
NE,20015,ws25,0,open_anchor,2,2,67,0.0841592,471,0.591627,34,200,0
NE,20015,ws25,0,open_anchor,0,4,195,0.244941,471,0.591627,146,200,0
NE,20015,ws25,0,open_anchor,2,1,308,0.386881,471,0.591627,123,200,0
NE,20015,ws25,0,cell1_baseline,0,2,14,0.0175855,471,0.591627,13,200,0
NE,20015,ws25,0,open_anchor,2,3,168,0.211026,471,0.591627,76,200,0
NE,20015,ws25,0,proximity,2,5,1203,1.5111,471,0.591627,688,200,0
NE,20015,ws25,0,cell1_baseline,0,1,50,0.0628054,471,0.591627,40,200,0
NE,20015,ws25,0,cell1_baseline,0,4,51,0.0640615,471,0.591627,37,200,0
NE,20015,ws25,0,cell1_baseline,0,3,17,0.0213538,471,0.591627,15,200,0
NE,20015,ws25,0,cell1_baseline,2,2,46,0.057781,471,0.591627,25,200,0
NE,20015,ws25,0,cell1_baseline,0,5,136,0.170831,471,0.591627,99,200,0
NE,20015,ws10,270,cell6_barriers,2,1,9257,11.6278,471,0.591627,4753,200,0
NE,20015,ws25,0,cell1_baseline,2,1,274,0.344174,471,0.591627,113,200,0
NE,20015,ws25,0,cell1_baseline,2,3,46,0.057781,471,0.591627,20,200,0
NE,20015,ws25,0,open_anchor,2,5,850,1.06769,471,0.591627,368,200,0
NE,20015,ws10,270,cell6_barriers,2,4,10017,12.5824,471,0.591627,5203,200,0
NE,20015,ws25,0,cell1_baseline,2,4,170,0.213538,471,0.591627,80,200,0
NE,20015,ws25,0,open_anchor,2,4,1094,1.37418,471,0.591627,509,200,0
NE,20015,ws10,270,cell6_barriers,2,2,9320,11.7069,471,0.591627,4768,200,0
NE,20015,ws25,0,open_anchor,0,5,1234,1.55004,471,0.591627,807,200,0
NE,20015,ws25,0,cell2_ground,0,1,41,0.0515004,471,0.591627,34,200,0
NE,20015,ws25,0,cell2_ground,0,3,17,0.0213538,471,0.591627,14,200,0
NE,20015,ws25,0,cell2_ground,2,3,47,0.0590371,471,0.591627,22,200,0
NE,20015,ws25,0,cell2_ground,0,2,15,0.0188416,471,0.591627,14,200,0
NE,20015,ws10,270,cell6_barriers,2,3,9950,12.4983,471,0.591627,5168,200,0
NE,20015,ws25,0,cell1_baseline,2,5,407,0.511236,471,0.591627,203,200,0
NE,20015,ws10,270,cell6_barriers,2,5,9500,11.933,471,0.591627,4930,200,0
NE,20015,ws25,0,cell2_ground,0,4,73,0.0916959,471,0.591627,57,200,0
NE,20015,ws25,0,cell2_ground,2,2,68,0.0854153,471,0.591627,30,200,0
NE,20015,ws25,0,cell2_ground,2,1,92,0.115562,471,0.591627,48,200,0
NE,20015,ws25,0,cell2_ground,2,4,257,0.32282,471,0.591627,124,200,0
NE,20015,ws25,0,cell2_ground,0,5,379,0.476065,471,0.591627,237,200,0
NE,20015,ws25,0,cell2_ground,2,5,552,0.693372,471,0.591627,246,200,0
NE,20015,ws25,0,cell4_highonly,0,1,47,0.0590371,471,0.591627,41,200,0
NE,20015,ws25,0,cell4_highonly,0,2,10,0.0125611,471,0.591627,10,200,0
NE,20015,ws25,0,cell4_highonly,0,3,11,0.0138172,471,0.591627,11,200,0
NE,20015,ws25,0,cell4_highonly,0,4,26,0.0326588,471,0.591627,22,200,0
NE,20015,ws25,0,cell4_highonly,2,1,98,0.123099,471,0.591627,50,200,0
NE,20015,ws25,0,cell4_highonly,0,5,162,0.203489,471,0.591627,111,200,0
NE,20015,ws25,0,cell4_highonly,2,2,37,0.046476,471,0.591627,19,200,0
NE,20015,ws25,0,cell4_highonly,2,3,38,0.0477321,471,0.591627,18,200,0
NE,20015,ws25,0,cell4_highonly,2,4,86,0.108025,471,0.591627,38,200,0
NE,20015,ws25,0,cell4_highonly,2,5,284,0.356735,471,0.591627,118,200,0
NE,20015,ws25,0,cell3_lowonly,0,4,11227,14.1023,471,0.591627,5268,200,0
NE,20015,ws25,0,cell3_lowonly,0,3,11037,13.8637,471,0.591627,5133,200,0
NE,20015,ws25,0,cell3_lowonly,2,3,11027,13.8511,471,0.591627,5188,200,0
NE,20015,ws25,0,cell3_lowonly,0,2,10948,13.7519,471,0.591627,5174,200,0
NE,20015,ws25,0,cell3_lowonly,0,1,10972,13.782,471,0.591627,5206,200,0
NE,20015,ws25,0,cell3_lowonly,2,1,11012,13.8323,471,0.591627,5207,200,0
NE,20015,ws25,0,cell3_lowonly,2,2,10914,13.7092,471,0.591627,5147,200,0
NE,20015,ws25,0,cell3_lowonly,2,4,11287,14.1777,471,0.591627,5293,200,0
NE,20015,ws25,0,cell3_lowonly,0,5,11339,14.243,471,0.591627,5375,200,0
NE,20015,ws25,0,cell3_lowonly,2,5,11379,14.2933,471,0.591627,5334,200,0
NE,20015,ws25,0,cell5_hilly,0,3,10947,13.7506,471,0.591627,5108,200,0
NE,20015,ws25,0,cell5_hilly,0,2,10857,13.6376,471,0.591627,5143,200,0
NE,20015,ws25,0,cell5_hilly,0,1,10906,13.6991,471,0.591627,5147,200,0
NE,20015,ws25,0,cell5_hilly,0,4,11172,14.0332,471,0.591627,5230,200,0
NE,20015,ws25,0,cell5_hilly,0,5,11254,14.1362,471,0.591627,5309,200,0
NE,20015,ws25,0,cell5_hilly,2,1,10921,13.718,471,0.591627,5142,200,0
NE,20015,ws25,0,cell6_barriers,0,1,10972,13.782,471,0.591627,5241,200,0
NE,20015,ws25,90,none,0,1,4398,5.52436,0,0.0,1370,200,0
NE,20015,ws25,90,none,0,2,4334,5.44397,0,0.0,1336,200,0
NE,20015,ws25,90,none,0,3,4541,5.70399,0,0.0,1434,200,0
NE,20015,ws25,0,cell5_hilly,2,2,10867,13.6501,471,0.591627,5109,200,0
NE,20015,ws25,0,cell5_hilly,2,5,11264,14.1488,471,0.591627,5312,200,0
NE,20015,ws25,90,none,0,4,4866,6.11222,0,0.0,1577,200,0
NE,20015,ws25,90,none,0,5,4836,6.07454,0,0.0,1562,200,0
NE,20015,ws25,90,random,0,1,4384,5.50678,471,0.591627,1355,200,0
NE,20015,ws25,90,random,0,3,4537,5.69896,471,0.591627,1431,200,0
NE,20015,ws25,0,cell6_barriers,0,3,11037,13.8637,471,0.591627,5133,200,0
NE,20015,ws25,90,random,0,2,4295,5.39498,471,0.591627,1332,200,0
NE,20015,ws25,90,random,2,2,4333,5.44272,471,0.591627,1335,200,0
NE,20015,ws25,90,random,0,5,4799,6.02806,471,0.591627,1567,200,0
NE,20015,ws25,90,random,0,4,4848,6.08961,471,0.591627,1562,200,0
NE,20015,ws25,90,random,2,1,4384,5.50678,471,0.591627,1355,200,0
NE,20015,ws25,90,random,2,3,4535,5.69645,471,0.591627,1430,200,0
NE,20015,ws25,0,cell6_barriers,0,2,10948,13.7519,471,0.591627,5174,200,0
NE,20015,ws25,90,random,2,4,4841,6.08082,471,0.591627,1572,200,0
NE,20015,ws25,90,random,2,5,4812,6.04439,471,0.591627,1564,200,0
NE,20015,ws25,0,cell5_hilly,2,3,11028,13.8524,471,0.591627,5138,200,0
NE,20015,ws25,0,cell5_hilly,2,4,11179,14.042,471,0.591627,5237,200,0
NE,20015,ws25,90,proximity,0,3,25,0.0314027,471,0.591627,20,200,0
NE,20015,ws25,90,proximity,0,2,191,0.239917,471,0.591627,143,200,0
NE,20015,ws25,90,proximity,0,1,44,0.0552687,471,0.591627,36,200,0
NE,20015,ws25,0,cell6_barriers,0,4,11227,14.1023,471,0.591627,5268,200,0
NE,20015,ws25,90,proximity,0,5,153,0.192185,471,0.591627,104,200,0
NE,20015,ws25,90,proximity,2,1,229,0.287649,471,0.591627,112,200,0
NE,20015,ws25,90,proximity,2,3,327,0.410747,471,0.591627,169,200,0
NE,20015,ws25,90,proximity,2,2,509,0.639359,471,0.591627,255,200,0
NE,20015,ws25,90,proximity,0,4,535,0.672018,471,0.591627,361,200,0
NE,20015,ws25,90,open_anchor,0,1,16,0.0200977,471,0.591627,16,200,0
NE,20015,ws25,90,proximity,2,4,280,0.35171,471,0.591627,127,200,0
NE,20015,ws25,90,open_anchor,0,2,72,0.0904398,471,0.591627,52,200,0
NE,20015,ws25,90,open_anchor,0,4,112,0.140684,471,0.591627,68,200,0
NE,20015,ws25,90,open_anchor,0,3,28,0.035171,471,0.591627,25,200,0
NE,20015,ws25,90,proximity,2,5,565,0.709701,471,0.591627,309,200,0
NE,20015,ws25,90,open_anchor,2,4,187,0.234892,471,0.591627,86,200,0
NE,20015,ws25,90,open_anchor,2,1,159,0.199721,471,0.591627,68,200,0
NE,20015,ws25,90,open_anchor,2,2,84,0.105513,471,0.591627,40,200,0
NE,20015,ws25,90,open_anchor,2,5,278,0.349198,471,0.591627,106,200,0
NE,20015,ws25,90,open_anchor,2,3,110,0.138172,471,0.591627,58,200,0
NE,20015,ws25,90,cell1_baseline,0,1,23,0.0288905,471,0.591627,20,200,0
NE,20015,ws25,0,cell6_barriers,0,5,11339,14.243,471,0.591627,5375,200,0
NE,20015,ws25,90,open_anchor,0,5,200,0.251222,471,0.591627,140,200,0
NE,20015,ws25,0,cell6_barriers,2,2,10914,13.7092,471,0.591627,5147,200,0
NE,20015,ws25,90,cell1_baseline,0,2,28,0.035171,471,0.591627,28,200,0
NE,20015,ws25,90,cell1_baseline,0,3,25,0.0314027,471,0.591627,23,200,0
NE,20015,ws25,90,cell1_baseline,2,1,157,0.197209,471,0.591627,71,200,0
NE,20015,ws25,0,cell6_barriers,2,1,11012,13.8323,471,0.591627,5207,200,0
NE,20015,ws25,90,cell1_baseline,2,2,137,0.172087,471,0.591627,57,200,0
NE,20015,ws25,90,cell1_baseline,0,4,157,0.197209,471,0.591627,117,200,0
NE,20015,ws25,90,cell1_baseline,0,5,196,0.246197,471,0.591627,141,200,0
NE,20015,ws25,90,cell1_baseline,2,3,173,0.217307,471,0.591627,83,200,0
NE,20015,ws25,0,cell6_barriers,2,3,11027,13.8511,471,0.591627,5188,200,0
NE,20015,ws25,90,cell2_ground,0,1,83,0.104257,471,0.591627,62,200,0
NE,20015,ws25,90,cell2_ground,0,4,182,0.228612,471,0.591627,125,200,0
NE,20015,ws25,90,cell1_baseline,2,4,285,0.357991,471,0.591627,121,200,0
NE,20015,ws25,90,cell1_baseline,2,5,420,0.527565,471,0.591627,152,200,0
NE,20015,ws25,90,cell2_ground,0,3,144,0.18088,471,0.591627,86,200,0
NE,20015,ws25,90,cell2_ground,0,2,107,0.134404,471,0.591627,69,200,0
NE,20015,ws25,90,cell2_ground,2,1,177,0.222331,471,0.591627,76,200,0
NE,20015,ws25,0,cell6_barriers,2,4,11287,14.1777,471,0.591627,5293,200,0
NE,20015,ws25,90,cell2_ground,0,5,201,0.252478,471,0.591627,120,200,0
NE,20015,ws25,90,cell2_ground,2,2,198,0.248709,471,0.591627,75,200,0
NE,20015,ws25,90,cell2_ground,2,3,223,0.280112,471,0.591627,96,200,0
NE,20015,ws25,90,cell2_ground,2,4,301,0.378088,471,0.591627,129,200,0
NE,20015,ws25,90,cell2_ground,2,5,265,0.332869,471,0.591627,107,200,0
NE,20015,ws25,90,cell4_highonly,0,2,9,0.011305,471,0.591627,9,200,0
NE,20015,ws25,90,cell4_highonly,0,1,6,0.00753665,471,0.591627,6,200,0
NE,20015,ws25,90,cell4_highonly,0,3,19,0.023866,471,0.591627,17,200,0
NE,20015,ws25,0,cell6_barriers,2,5,11379,14.2933,471,0.591627,5334,200,0
NE,20015,ws25,90,cell4_highonly,0,5,59,0.0741104,471,0.591627,43,200,0
NE,20015,ws25,90,cell3_lowonly,0,2,4123,5.17893,471,0.591627,1275,200,0
NE,20015,ws25,90,cell4_highonly,0,4,80,0.100489,471,0.591627,55,200,0
NE,20015,ws25,90,cell4_highonly,2,1,35,0.0439638,471,0.591627,21,200,0
NE,20015,ws25,90,cell3_lowonly,0,3,4317,5.42262,471,0.591627,1388,200,0
NE,20015,ws25,90,cell4_highonly,2,2,34,0.0427077,471,0.591627,19,200,0
NE,20015,ws25,90,cell3_lowonly,0,1,4174,5.24299,471,0.591627,1271,200,0
NE,20015,ws25,90,cell3_lowonly,2,2,4315,5.42011,471,0.591627,1327,200,0
NE,20015,ws25,90,cell3_lowonly,2,1,4374,5.49422,471,0.591627,1326,200,0
NE,20015,ws25,90,cell4_highonly,2,4,286,0.359247,471,0.591627,111,200,0
NE,20015,ws25,90,cell3_lowonly,0,4,4818,6.05193,471,0.591627,1550,200,0
NE,20015,ws25,90,cell4_highonly,2,5,164,0.206002,471,0.591627,66,200,0
NE,20015,ws25,90,cell3_lowonly,0,5,4799,6.02806,471,0.591627,1564,200,0
NE,20015,ws25,90,cell3_lowonly,2,3,4529,5.68891,471,0.591627,1423,200,0
NE,20015,ws25,90,cell3_lowonly,2,4,4847,6.08835,471,0.591627,1550,200,0
NE,20015,ws25,90,cell4_highonly,2,3,1379,1.73217,471,0.591627,418,200,0
NE,20015,ws25,90,cell3_lowonly,2,5,4821,6.0557,471,0.591627,1558,200,0
NE,20015,ws25,90,cell5_hilly,0,2,4327,5.43518,471,0.591627,1325,200,0
NE,20015,ws25,90,cell5_hilly,0,1,4376,5.49673,471,0.591627,1352,200,0
NE,20015,ws25,90,cell5_hilly,2,4,4827,6.06323,471,0.591627,1559,200,0
NE,20015,ws25,90,cell5_hilly,0,3,4500,5.65249,471,0.591627,1406,200,0
NE,20015,ws25,90,cell6_barriers,0,1,4174,5.24299,471,0.591627,1271,200,0
NE,20015,ws25,90,cell5_hilly,2,5,4817,6.05067,471,0.591627,1554,200,0
NE,20015,ws25,90,cell5_hilly,2,1,4378,5.49924,471,0.591627,1355,200,0
NE,20015,ws25,90,cell5_hilly,0,4,4826,6.06198,471,0.591627,1548,200,0
NE,20015,ws25,90,cell5_hilly,0,5,4813,6.04565,471,0.591627,1556,200,0
NE,20015,ws25,180,none,0,1,5440,6.83323,0,0.0,2229,200,0
NE,20015,ws25,90,cell6_barriers,0,2,4123,5.17893,471,0.591627,1275,200,0
NE,20015,ws25,180,none,0,2,5465,6.86463,0,0.0,2257,200,0
NE,20015,ws25,180,none,0,3,5676,7.12967,0,0.0,2264,200,0
NE,20015,ws25,180,none,0,4,5737,7.20629,0,0.0,2319,200,0
NE,20015,ws25,180,none,0,5,5576,7.00406,0,0.0,2249,200,0
NE,20015,ws25,90,cell5_hilly,2,2,4311,5.41508,471,0.591627,1323,200,0
NE,20015,ws25,180,random,0,1,5430,6.82067,471,0.591627,2214,200,0
NE,20015,ws25,180,random,0,2,5465,6.86463,471,0.591627,2257,200,0
NE,20015,ws25,180,random,0,3,5676,7.12967,471,0.591627,2264,200,0
NE,20015,ws25,180,random,0,5,5553,6.97517,471,0.591627,2228,200,0
NE,20015,ws25,180,random,0,4,5729,7.19624,471,0.591627,2313,200,0
NE,20015,ws25,90,cell5_hilly,2,3,4501,5.65374,471,0.591627,1407,200,0
NE,20015,ws25,180,random,2,1,5428,6.81815,471,0.591627,2234,200,0
NE,20015,ws25,180,random,2,2,5465,6.86463,471,0.591627,2257,200,0
NE,20015,ws25,180,random,2,3,5676,7.12967,471,0.591627,2264,200,0
NE,20015,ws25,180,random,2,4,5730,7.1975,471,0.591627,2309,200,0
NE,20015,ws25,180,random,2,5,5556,6.97894,471,0.591627,2228,200,0
NE,20015,ws25,90,cell6_barriers,0,3,4317,5.42262,471,0.591627,1379,200,0
NE,20015,ws25,90,cell6_barriers,0,4,4818,6.05193,471,0.591627,1550,200,0
NE,20015,ws25,180,proximity,0,4,160,0.200977,471,0.591627,108,200,0
NE,20015,ws25,180,proximity,2,2,360,0.452199,471,0.591627,136,200,0
NE,20015,ws25,180,proximity,2,3,221,0.2776,471,0.591627,88,200,0
NE,20015,ws25,90,cell6_barriers,0,5,4799,6.02806,471,0.591627,1564,200,0
NE,20015,ws25,180,proximity,0,1,1097,1.37795,471,0.591627,777,200,0
NE,20015,ws25,180,proximity,2,4,188,0.236148,471,0.591627,91,200,0
NE,20015,ws25,90,cell6_barriers,2,1,4374,5.49422,471,0.591627,1326,200,0
NE,20015,ws25,90,cell6_barriers,2,2,4315,5.42011,471,0.591627,1327,200,0
NE,20015,ws25,180,open_anchor,0,1,26,0.0326588,471,0.591627,25,200,0
NE,20015,ws25,180,proximity,2,1,1327,1.66686,471,0.591627,719,200,0
NE,20015,ws25,90,cell6_barriers,2,3,4529,5.68891,471,0.591627,1423,200,0
NE,20015,ws25,180,open_anchor,0,3,110,0.138172,471,0.591627,78,200,0
NE,20015,ws25,90,cell6_barriers,2,5,4821,6.0557,471,0.591627,1558,200,0
NE,20015,ws25,90,cell6_barriers,2,4,4847,6.08835,471,0.591627,1550,200,0
NE,20015,ws25,180,proximity,0,3,1230,1.54501,471,0.591627,820,200,0
NE,20015,ws25,180,open_anchor,0,2,21,0.0263783,471,0.591627,21,200,0
NE,20015,ws25,180,proximity,0,2,1337,1.67942,471,0.591627,892,200,0
NE,20015,ws25,180,open_anchor,0,4,136,0.170831,471,0.591627,94,200,0
NE,20015,ws25,180,open_anchor,2,2,216,0.271319,471,0.591627,96,200,0
NE,20015,ws25,180,open_anchor,2,3,325,0.408235,471,0.591627,158,200,0
NE,20015,ws25,180,proximity,0,5,2395,3.00838,471,0.591627,1414,200,0
NE,20015,ws25,180,cell1_baseline,0,2,310,0.389393,471,0.591627,207,200,0
NE,20015,ws25,180,cell1_baseline,0,1,338,0.424564,471,0.591627,244,200,0
NE,20015,ws25,180,open_anchor,2,1,1261,1.58395,471,0.591627,643,200,0
NE,20015,ws25,180,open_anchor,0,5,917,1.15185,471,0.591627,599,200,0
NE,20015,ws25,180,open_anchor,2,5,1532,1.92436,471,0.591627,835,200,0
NE,20015,ws25,180,cell1_baseline,2,2,603,0.757433,471,0.591627,275,200,0
NE,20015,ws25,180,cell1_baseline,2,1,670,0.841592,471,0.591627,320,200,0
NE,20015,ws25,180,cell1_baseline,0,4,685,0.860434,471,0.591627,481,200,0
NE,20015,ws25,180,cell1_baseline,0,3,638,0.801397,471,0.591627,445,200,0
NE,20015,ws25,180,cell1_baseline,0,5,1072,1.34655,471,0.591627,584,200,0
NE,20015,ws25,180,proximity,2,5,3558,4.46923,471,0.591627,1576,200,0
NE,20015,ws25,180,cell2_ground,0,1,150,0.188416,471,0.591627,122,200,0
NE,20015,ws25,180,open_anchor,2,4,2241,2.81494,471,0.591627,1148,200,0
NE,20015,ws25,180,cell2_ground,0,2,292,0.366783,471,0.591627,211,200,0
NE,20015,ws25,180,cell2_ground,0,3,289,0.363015,471,0.591627,207,200,0
NE,20015,ws25,180,cell2_ground,0,4,674,0.846617,471,0.591627,458,200,0
NE,20015,ws25,180,cell1_baseline,2,3,2320,2.91417,471,0.591627,965,200,0
NE,20015,ws25,180,cell2_ground,2,2,1110,1.39428,471,0.591627,542,200,0
NE,20015,ws25,180,cell2_ground,2,3,1437,1.80503,471,0.591627,693,200,0
NE,20015,ws25,180,cell1_baseline,2,5,1963,2.46574,471,0.591627,1090,200,0
NE,20015,ws25,180,cell1_baseline,2,4,3236,4.06476,471,0.591627,1478,200,0
NE,20015,ws25,180,cell2_ground,2,1,2695,3.38521,471,0.591627,1421,200,0
NE,20015,ws25,180,cell2_ground,2,4,2720,3.41661,471,0.591627,1429,200,0
NE,20015,ws25,180,cell2_ground,0,5,2646,3.32366,471,0.591627,1548,200,0
NE,20015,ws25,180,cell2_ground,2,5,2624,3.29603,471,0.591627,1431,200,0
NE,20015,ws25,180,cell4_highonly,0,1,16,0.0200977,471,0.591627,15,200,0
NE,20015,ws25,180,cell4_highonly,0,2,10,0.0125611,471,0.591627,10,200,0
NE,20015,ws25,180,cell4_highonly,0,3,43,0.0540126,471,0.591627,33,200,0
NE,20015,ws25,180,cell3_lowonly,0,1,5414,6.80057,471,0.591627,2188,200,0
NE,20015,ws25,180,cell4_highonly,0,4,59,0.0741104,471,0.591627,42,200,0
NE,20015,ws25,180,cell3_lowonly,0,5,5543,6.96261,471,0.591627,2241,200,0
NE,20015,ws25,180,cell4_highonly,2,1,102,0.128123,471,0.591627,43,200,0
NE,20015,ws25,180,cell4_highonly,0,5,150,0.188416,471,0.591627,98,200,0
NE,20015,ws25,180,cell4_highonly,2,2,94,0.118074,471,0.591627,38,200,0
NE,20015,ws25,180,cell3_lowonly,0,3,5509,6.9199,471,0.591627,2242,200,0
NE,20015,ws25,180,cell3_lowonly,0,2,5412,6.79806,471,0.591627,2201,200,0
NE,20015,ws25,180,cell3_lowonly,0,4,5720,7.18494,471,0.591627,2310,200,0
NE,20015,ws25,180,cell4_highonly,2,5,380,0.477321,471,0.591627,109,200,0
NE,20015,ws25,180,cell3_lowonly,2,1,5423,6.81187,471,0.591627,2245,200,0
NE,20015,ws25,180,cell3_lowonly,2,2,5455,6.85207,471,0.591627,2231,200,0
NE,20015,ws25,180,cell3_lowonly,2,5,5565,6.99024,471,0.591627,2236,200,0
NE,20015,ws25,180,cell3_lowonly,2,4,5720,7.18494,471,0.591627,2318,200,0
NE,20015,ws25,180,cell3_lowonly,2,3,5658,7.10706,471,0.591627,2250,200,0
NE,20015,ws25,180,cell4_highonly,2,3,3582,4.49938,471,0.591627,1363,200,0
NE,20015,ws25,180,cell4_highonly,2,4,4255,5.34474,471,0.591627,1543,200,0
NE,20015,ws25,180,cell5_hilly,0,1,5439,6.83197,471,0.591627,2229,200,0
NE,20015,ws25,180,cell5_hilly,0,2,5465,6.86463,471,0.591627,2257,200,0
NE,20015,ws25,180,cell5_hilly,0,3,5673,7.1259,471,0.591627,2281,200,0
NE,20015,ws25,180,cell5_hilly,2,3,5675,7.12841,471,0.591627,2253,200,0
NE,20015,ws25,180,cell5_hilly,0,4,5736,7.20503,471,0.591627,2317,200,0
NE,20015,ws25,180,cell5_hilly,0,5,5576,7.00406,471,0.591627,2249,200,0
NE,20015,ws25,180,cell5_hilly,2,2,5463,6.86212,471,0.591627,2237,200,0
NE,20015,ws25,180,cell5_hilly,2,1,5439,6.83197,471,0.591627,2235,200,0
NE,20015,ws25,270,none,0,2,7783,9.77629,0,0.0,3386,200,0
NE,20015,ws25,270,none,0,1,7559,9.49492,0,0.0,3306,200,0
NE,20015,ws25,270,none,0,3,7980,10.0237,0,0.0,3472,200,0
NE,20015,ws25,270,none,0,4,7949,9.9848,0,0.0,3425,200,0
NE,20015,ws25,270,none,0,5,7685,9.65319,0,0.0,3347,200,0
NE,20015,ws25,270,random,0,1,7542,9.47357,471,0.591627,3306,200,0
NE,20015,ws25,270,random,0,2,7508,9.43086,471,0.591627,3249,200,0
NE,20015,ws25,180,cell6_barriers,0,2,5412,6.79806,471,0.591627,2201,200,0
NE,20015,ws25,270,random,0,3,7820,9.82276,471,0.591627,3383,200,0
NE,20015,ws25,270,random,0,4,7940,9.9735,471,0.591627,3417,200,0
NE,20015,ws25,270,random,0,5,7652,9.61174,471,0.591627,3330,200,0
NE,20015,ws25,180,cell5_hilly,2,5,5576,7.00406,471,0.591627,2249,200,0
NE,20015,ws25,270,random,2,1,7547,9.47985,471,0.591627,3309,200,0
NE,20015,ws25,270,random,2,2,7506,9.42835,471,0.591627,3253,200,0
NE,20015,ws25,270,random,2,3,7784,9.77754,471,0.591627,3354,200,0
NE,20015,ws25,270,random,2,4,7942,9.97601,471,0.591627,3419,200,0
NE,20015,ws25,270,random,2,5,7652,9.61174,471,0.591627,3345,200,0
NE,20015,ws25,180,cell6_barriers,0,1,5414,6.80057,471,0.591627,2188,200,0
NE,20015,ws25,180,cell5_hilly,2,4,5736,7.20503,471,0.591627,2317,200,0
NE,20015,ws25,180,cell6_barriers,0,3,5509,6.9199,471,0.591627,2242,200,0
NE,20015,ws25,270,proximity,2,1,289,0.363015,471,0.591627,175,200,0
NE,20015,ws25,270,proximity,2,2,98,0.123099,471,0.591627,47,200,0
NE,20015,ws25,180,cell6_barriers,0,4,5720,7.18494,471,0.591627,2310,200,0
NE,20015,ws25,180,cell6_barriers,0,5,5543,6.96261,471,0.591627,2241,200,0
NE,20015,ws25,270,proximity,0,3,1990,2.49965,471,0.591627,990,200,0
NE,20015,ws25,270,proximity,0,1,1667,2.09393,471,0.591627,1165,200,0
NE,20015,ws25,180,cell6_barriers,2,1,5423,6.81187,471,0.591627,2245,200,0
NE,20015,ws25,180,cell6_barriers,2,2,5455,6.85207,471,0.591627,2231,200,0
NE,20015,ws25,270,proximity,0,2,2111,2.65164,471,0.591627,1276,200,0
NE,20015,ws25,180,cell6_barriers,2,3,5658,7.10706,471,0.591627,2250,200,0
NE,20015,ws25,270,proximity,2,4,580,0.728543,471,0.591627,324,200,0
NE,20015,ws25,180,cell6_barriers,2,4,5720,7.18494,471,0.591627,2318,200,0
NE,20015,ws25,270,proximity,2,5,775,0.973484,471,0.591627,436,200,0
NE,20015,ws25,180,cell6_barriers,2,5,5565,6.99024,471,0.591627,2236,200,0
NE,20015,ws25,270,open_anchor,0,1,36,0.0452199,471,0.591627,29,200,0
NE,20015,ws25,270,proximity,0,5,2163,2.71696,471,0.591627,1405,200,0
NE,20015,ws25,270,open_anchor,0,2,39,0.0489882,471,0.591627,29,200,0
NE,20015,ws25,270,open_anchor,0,3,68,0.0854153,471,0.591627,51,200,0
NE,20015,ws25,270,cell1_baseline,0,1,43,0.0540126,471,0.591627,32,200,0
NE,20015,ws25,270,open_anchor,0,5,64,0.0803909,471,0.591627,46,200,0
NE,20015,ws25,270,open_anchor,2,1,200,0.251222,471,0.591627,103,200,0
NE,20015,ws25,270,open_anchor,2,5,302,0.379345,471,0.591627,126,200,0
NE,20015,ws25,270,open_anchor,2,2,373,0.468528,471,0.591627,194,200,0
NE,20015,ws25,270,cell1_baseline,2,1,225,0.282624,471,0.591627,119,200,0
NE,20015,ws25,270,cell1_baseline,0,3,142,0.178367,471,0.591627,107,200,0
NE,20015,ws25,270,cell1_baseline,0,5,312,0.391906,471,0.591627,193,200,0
NE,20015,ws25,270,cell2_ground,0,1,64,0.0803909,471,0.591627,45,200,0
NE,20015,ws25,270,open_anchor,2,4,911,1.14431,471,0.591627,488,200,0
NE,20015,ws25,270,cell1_baseline,0,2,835,1.04885,471,0.591627,494,200,0
NE,20015,ws25,270,cell2_ground,0,2,65,0.081647,471,0.591627,50,200,0
NE,20015,ws25,270,proximity,0,4,5352,6.72269,471,0.591627,2507,200,0
NE,20015,ws25,270,open_anchor,2,3,1633,2.05122,471,0.591627,895,200,0
NE,20015,ws25,270,cell2_ground,0,5,66,0.0829031,471,0.591627,48,200,0
NE,20015,ws25,270,cell1_baseline,2,4,908,1.14055,471,0.591627,518,200,0
NE,20015,ws25,270,cell2_ground,2,1,212,0.266295,471,0.591627,111,200,0
NE,20015,ws25,270,proximity,2,3,5839,7.33441,471,0.591627,2578,200,0
NE,20015,ws25,270,cell1_baseline,2,2,1997,2.50845,471,0.591627,1019,200,0
NE,20015,ws25,270,open_anchor,0,4,3256,4.08989,471,0.591627,1576,200,0
NE,20015,ws25,270,cell1_baseline,2,5,2487,3.12394,471,0.591627,996,200,0
NE,20015,ws25,270,cell1_baseline,2,3,2170,2.72575,471,0.591627,1161,200,0
NE,20015,ws25,270,cell1_baseline,0,4,3224,4.04969,471,0.591627,1509,200,0
NE,20015,ws25,270,cell2_ground,2,2,3451,4.33483,471,0.591627,1645,200,0
NE,20015,ws25,270,cell2_ground,2,3,4387,5.51055,471,0.591627,1744,200,0
NE,20015,ws25,270,cell2_ground,0,3,4086,5.13246,471,0.591627,2071,200,0
NE,20015,ws25,270,cell2_ground,0,4,4147,5.20908,471,0.591627,2109,200,0
NE,20015,ws25,270,cell2_ground,2,4,3121,3.92031,471,0.591627,1596,200,0
NE,20015,ws25,270,cell4_highonly,0,1,21,0.0263783,471,0.591627,17,200,0
NE,20015,ws25,270,cell4_highonly,0,2,32,0.0401955,471,0.591627,28,200,0
NE,20015,ws25,270,cell2_ground,2,5,4207,5.28445,471,0.591627,1814,200,0
NE,20015,ws25,270,cell4_highonly,0,3,49,0.0615493,471,0.591627,37,200,0
NE,20015,ws25,270,cell4_highonly,0,5,72,0.0904398,471,0.591627,49,200,0
NE,20015,ws25,270,cell4_highonly,0,4,135,0.169575,471,0.591627,93,200,0
NE,20015,ws25,270,cell4_highonly,2,1,80,0.100489,471,0.591627,38,200,0
NE,20015,ws25,270,cell3_lowonly,2,1,7531,9.45975,471,0.591627,3298,200,0
NE,20015,ws25,270,cell4_highonly,2,5,127,0.159526,471,0.591627,65,200,0
NE,20015,ws25,270,cell3_lowonly,0,2,7676,9.64188,471,0.591627,3336,200,0
NE,20015,ws25,270,cell3_lowonly,0,1,7512,9.43588,471,0.591627,3297,200,0
NE,20015,ws25,270,cell3_lowonly,0,3,7899,9.922,471,0.591627,3405,200,0
NE,20015,ws25,270,cell3_lowonly,0,4,7844,9.85291,471,0.591627,3385,200,0
NE,20015,ws25,270,cell3_lowonly,0,5,7635,9.59038,471,0.591627,3353,200,0
NE,20015,ws25,270,cell3_lowonly,2,2,7746,9.72981,471,0.591627,3371,200,0
NE,20015,ws25,270,cell3_lowonly,2,3,7956,9.99359,471,0.591627,3441,200,0
NE,20015,ws25,270,cell3_lowonly,2,5,7558,9.49366,471,0.591627,3265,200,0
NE,20015,ws25,270,cell3_lowonly,2,4,7828,9.83281,471,0.591627,3322,200,0
NE,20015,ws25,270,cell4_highonly,2,2,4883,6.13357,471,0.591627,2029,200,0
NE,20015,ws25,270,cell4_highonly,2,3,4826,6.06198,471,0.591627,2021,200,0
NE,20015,ws25,270,cell4_highonly,2,4,4590,5.76553,471,0.591627,1832,200,0
NE,20015,ws25,270,cell5_hilly,0,1,7352,9.2349,471,0.591627,3207,200,0
NE,20015,ws25,270,cell5_hilly,0,2,7528,9.45598,471,0.591627,3264,200,0
NE,20015,ws25,270,cell5_hilly,0,3,7722,9.69966,471,0.591627,3347,200,0
NE,20015,ws25,270,cell5_hilly,0,4,7784,9.77754,471,0.591627,3348,200,0
NE,20015,ws25,270,cell5_hilly,0,5,7454,9.36303,471,0.591627,3224,200,0
NE,20015,ws25,270,cell5_hilly,2,1,7505,9.42709,471,0.591627,3273,200,0
NE,20015,ws25,270,cell5_hilly,2,2,7631,9.58536,471,0.591627,3311,200,0
NE,20015,ws43,0,none,0,1,8938,11.2271,0,0.0,4106,200,0
NE,20015,ws43,0,none,0,2,9024,11.3351,0,0.0,4131,200,0
NE,20015,ws43,0,none,0,3,9057,11.3766,0,0.0,4117,200,0
NE,20015,ws43,0,none,0,4,9406,11.815,0,0.0,4211,200,0
NE,20015,ws43,0,none,0,5,9643,12.1126,0,0.0,4376,200,0
NE,20015,ws43,0,random,0,1,8922,11.207,471,0.591627,4093,200,0
NE,20015,ws43,0,random,0,2,8995,11.2987,471,0.591627,4118,200,0
NE,20015,ws43,0,random,0,3,9002,11.3075,471,0.591627,4073,200,0
NE,20015,ws43,0,random,0,4,9390,11.7949,471,0.591627,4197,200,0
NE,20015,ws43,0,random,0,5,9607,12.0674,471,0.591627,4360,200,0
NE,20015,ws25,270,cell5_hilly,2,3,7918,9.94586,471,0.591627,3431,200,0
NE,20015,ws43,0,random,2,1,8925,11.2108,471,0.591627,4095,200,0
NE,20015,ws25,270,cell5_hilly,2,4,7915,9.94209,471,0.591627,3409,200,0
NE,20015,ws43,0,random,2,3,9004,11.31,471,0.591627,4057,200,0
NE,20015,ws43,0,random,2,2,8992,11.2949,471,0.591627,4105,200,0
NE,20015,ws43,0,random,2,4,9388,11.7923,471,0.591627,4201,200,0
NE,20015,ws43,0,random,2,5,9606,12.0662,471,0.591627,4356,200,0
NE,20015,ws43,0,proximity,0,2,16,0.0200977,471,0.591627,15,200,0
NE,20015,ws43,0,proximity,0,3,84,0.105513,471,0.591627,68,200,0
NE,20015,ws25,270,cell6_barriers,0,1,7517,9.44216,471,0.591627,3315,200,0
NE,20015,ws43,0,proximity,0,1,323,0.405723,471,0.591627,231,200,0
NE,20015,ws25,270,cell6_barriers,0,2,7676,9.64188,471,0.591627,3336,200,0
NE,20015,ws43,0,proximity,0,4,26,0.0326588,471,0.591627,21,200,0
NE,20015,ws43,0,proximity,0,5,108,0.13566,471,0.591627,81,200,0
NE,20015,ws25,270,cell6_barriers,0,4,7844,9.85291,471,0.591627,3385,200,0
NE,20015,ws25,270,cell5_hilly,2,5,7454,9.36303,471,0.591627,3224,200,0
NE,20015,ws25,270,cell6_barriers,0,3,7899,9.922,471,0.591627,3405,200,0
NE,20015,ws43,0,proximity,2,1,353,0.443406,471,0.591627,194,200,0
NE,20015,ws25,270,cell6_barriers,0,5,7635,9.59038,471,0.591627,3353,200,0
NE,20015,ws43,0,proximity,2,3,709,0.89058,471,0.591627,382,200,0
NE,20015,ws43,0,open_anchor,0,2,16,0.0200977,471,0.591627,15,200,0
NE,20015,ws43,0,open_anchor,0,1,24,0.0301466,471,0.591627,22,200,0
NE,20015,ws43,0,proximity,2,4,229,0.287649,471,0.591627,117,200,0
NE,20015,ws43,0,open_anchor,0,3,10,0.0125611,471,0.591627,10,200,0
NE,20015,ws43,0,open_anchor,0,4,30,0.0376832,471,0.591627,25,200,0
NE,20015,ws43,0,open_anchor,2,1,146,0.183392,471,0.591627,56,200,0
NE,20015,ws43,0,proximity,2,2,923,1.15939,471,0.591627,507,200,0
NE,20015,ws43,0,open_anchor,2,2,172,0.216051,471,0.591627,70,200,0
NE,20015,ws43,0,open_anchor,2,3,67,0.0841592,471,0.591627,26,200,0
NE,20015,ws43,0,open_anchor,2,4,307,0.385625,471,0.591627,131,200,0
NE,20015,ws43,0,cell1_baseline,0,1,19,0.023866,471,0.591627,18,200,0
NE,20015,ws43,0,cell1_baseline,2,1,50,0.0628054,471,0.591627,26,200,0
NE,20015,ws25,270,cell6_barriers,2,1,7531,9.45975,471,0.591627,3298,200,0
NE,20015,ws25,270,cell6_barriers,2,2,7746,9.72981,471,0.591627,3371,200,0
NE,20015,ws43,0,open_anchor,0,5,513,0.644383,471,0.591627,325,200,0
NE,20015,ws43,0,proximity,2,5,1223,1.53622,471,0.591627,687,200,0
NE,20015,ws43,0,cell1_baseline,0,2,16,0.0200977,471,0.591627,15,200,0
NE,20015,ws43,0,cell1_baseline,0,3,9,0.011305,471,0.591627,9,200,0
NE,20015,ws43,0,cell1_baseline,0,4,20,0.0251222,471,0.591627,17,200,0
NE,20015,ws43,0,open_anchor,2,5,413,0.518773,471,0.591627,195,200,0
NE,20015,ws43,0,cell1_baseline,2,2,49,0.0615493,471,0.591627,22,200,0
NE,20015,ws25,270,cell6_barriers,2,4,7828,9.83281,471,0.591627,3322,200,0
NE,20015,ws43,0,cell1_baseline,2,3,33,0.0414516,471,0.591627,19,200,0
NE,20015,ws25,270,cell6_barriers,2,3,7956,9.99359,471,0.591627,3441,200,0
NE,20015,ws43,0,cell1_baseline,0,5,296,0.371808,471,0.591627,199,200,0
NE,20015,ws43,0,cell1_baseline,2,4,71,0.0891837,471,0.591627,32,200,0
NE,20015,ws43,0,cell2_ground,0,5,46,0.057781,471,0.591627,33,200,0
NE,20015,ws43,0,cell2_ground,0,2,17,0.0213538,471,0.591627,15,200,0
NE,20015,ws25,270,cell6_barriers,2,5,7558,9.49366,471,0.591627,3265,200,0
NE,20015,ws43,0,cell2_ground,0,3,10,0.0125611,471,0.591627,10,200,0
NE,20015,ws43,0,cell2_ground,0,4,20,0.0251222,471,0.591627,17,200,0
NE,20015,ws43,0,cell2_ground,0,1,30,0.0376832,471,0.591627,28,200,0
NE,20015,ws43,0,cell2_ground,2,4,135,0.169575,471,0.591627,58,200,0
NE,20015,ws43,0,cell2_ground,2,1,46,0.057781,471,0.591627,22,200,0
NE,20015,ws43,0,cell2_ground,2,3,34,0.0427077,471,0.591627,20,200,0
NE,20015,ws43,0,cell2_ground,2,2,45,0.0565249,471,0.591627,22,200,0
NE,20015,ws43,0,cell1_baseline,2,5,322,0.404467,471,0.591627,171,200,0
NE,20015,ws43,0,cell4_highonly,0,1,15,0.0188416,471,0.591627,14,200,0
NE,20015,ws43,0,cell4_highonly,0,3,6,0.00753665,471,0.591627,6,200,0
NE,20015,ws43,0,cell4_highonly,0,2,12,0.0150733,471,0.591627,11,200,0
NE,20015,ws43,0,cell2_ground,2,5,372,0.467272,471,0.591627,176,200,0
NE,20015,ws43,0,cell4_highonly,2,1,45,0.0565249,471,0.591627,20,200,0
NE,20015,ws43,0,cell4_highonly,0,4,17,0.0213538,471,0.591627,15,200,0
NE,20015,ws43,0,cell4_highonly,2,2,44,0.0552687,471,0.591627,22,200,0
NE,20015,ws43,0,cell4_highonly,0,5,102,0.128123,471,0.591627,72,200,0
NE,20015,ws43,0,cell4_highonly,2,3,25,0.0314027,471,0.591627,13,200,0
NE,20015,ws43,0,cell4_highonly,2,4,49,0.0615493,471,0.591627,23,200,0
NE,20015,ws43,0,cell4_highonly,2,5,91,0.114306,471,0.591627,41,200,0
NE,20015,ws43,0,cell3_lowonly,0,2,8923,11.2083,471,0.591627,4073,200,0
NE,20015,ws43,0,cell3_lowonly,2,4,9366,11.7647,471,0.591627,4230,200,0
NE,20015,ws43,0,cell3_lowonly,0,1,8879,11.153,471,0.591627,4050,200,0
NE,20015,ws43,0,cell3_lowonly,0,3,8973,11.2711,471,0.591627,4043,200,0
NE,20015,ws43,0,cell3_lowonly,0,4,9285,11.663,471,0.591627,4150,200,0
NE,20015,ws43,0,cell3_lowonly,2,1,8890,11.1668,471,0.591627,4063,200,0
NE,20015,ws43,0,cell3_lowonly,2,3,9013,11.3213,471,0.591627,4040,200,0
NE,20015,ws43,0,cell3_lowonly,2,2,8962,11.2572,471,0.591627,4061,200,0
NE,20015,ws43,0,cell3_lowonly,2,5,9560,12.0084,471,0.591627,4316,200,0
NE,20015,ws43,0,cell3_lowonly,0,5,9580,12.0335,471,0.591627,4349,200,0
NE,20015,ws43,0,cell5_hilly,0,3,8824,11.0839,471,0.591627,4014,200,0
NE,20015,ws43,0,cell5_hilly,0,1,8849,11.1153,471,0.591627,4046,200,0
NE,20015,ws43,0,cell5_hilly,0,2,8900,11.1794,471,0.591627,4069,200,0
NE,20015,ws43,0,cell5_hilly,0,4,9250,11.619,471,0.591627,4132,200,0
NE,20015,ws43,0,cell5_hilly,2,1,8888,11.1643,471,0.591627,4058,200,0
NE,20015,ws43,0,cell5_hilly,0,5,9369,11.7685,471,0.591627,4238,200,0
NE,20015,ws43,0,cell6_barriers,0,1,8879,11.153,471,0.591627,4029,200,0
NE,20015,ws43,90,none,0,1,3492,4.38633,0,0.0,972,200,0
NE,20015,ws43,90,none,0,2,3467,4.35493,0,0.0,987,200,0
NE,20015,ws43,90,none,0,3,3599,4.52073,0,0.0,1034,200,0
NE,20015,ws43,0,cell5_hilly,2,3,8838,11.1015,471,0.591627,4014,200,0
NE,20015,ws43,90,none,0,4,3923,4.92771,0,0.0,1143,200,0
NE,20015,ws43,90,none,0,5,3891,4.88752,0,0.0,1164,200,0
NE,20015,ws43,90,random,0,1,3479,4.37,471,0.591627,968,200,0
NE,20015,ws43,90,random,0,2,3464,4.35116,471,0.591627,985,200,0
NE,20015,ws43,90,random,0,3,3587,4.50566,471,0.591627,1027,200,0
NE,20015,ws43,90,random,0,4,3910,4.91138,471,0.591627,1137,200,0
NE,20015,ws43,90,random,0,5,3862,4.85109,471,0.591627,1160,200,0
NE,20015,ws43,90,random,2,1,3479,4.37,471,0.591627,969,200,0
NE,20015,ws43,90,random,2,2,3436,4.31599,471,0.591627,981,200,0
NE,20015,ws43,0,cell5_hilly,2,2,8913,11.1957,471,0.591627,4077,200,0
NE,20015,ws43,90,random,2,3,3588,4.50691,471,0.591627,1028,200,0
NE,20015,ws43,90,random,2,4,3909,4.91013,471,0.591627,1140,200,0
NE,20015,ws43,90,random,2,5,3872,4.86365,471,0.591627,1157,200,0
NE,20015,ws43,0,cell6_barriers,0,2,8923,11.2083,471,0.591627,4073,200,0
NE,20015,ws43,0,cell6_barriers,0,3,8973,11.2711,471,0.591627,4043,200,0
NE,20015,ws43,0,cell5_hilly,2,4,9296,11.6768,471,0.591627,4161,200,0
NE,20015,ws43,0,cell6_barriers,0,4,9285,11.663,471,0.591627,4150,200,0
NE,20015,ws43,0,cell5_hilly,2,5,9484,11.9129,471,0.591627,4288,200,0
NE,20015,ws43,90,proximity,0,3,119,0.149477,471,0.591627,85,200,0
NE,20015,ws43,90,proximity,0,4,38,0.0477321,471,0.591627,29,200,0
NE,20015,ws43,90,proximity,0,1,167,0.20977,471,0.591627,141,200,0
NE,20015,ws43,0,cell6_barriers,0,5,9580,12.0335,471,0.591627,4349,200,0
NE,20015,ws43,90,proximity,0,2,277,0.347942,471,0.591627,214,200,0
NE,20015,ws43,90,proximity,0,5,328,0.412003,471,0.591627,227,200,0
NE,20015,ws43,90,proximity,2,1,348,0.437126,471,0.591627,190,200,0
NE,20015,ws43,90,proximity,2,2,428,0.537614,471,0.591627,238,200,0
NE,20015,ws43,90,open_anchor,0,1,11,0.0138172,471,0.591627,11,200,0
NE,20015,ws43,0,cell6_barriers,2,4,9366,11.7647,471,0.591627,4230,200,0
NE,20015,ws43,90,open_anchor,0,4,121,0.151989,471,0.591627,72,200,0
NE,20015,ws43,90,open_anchor,0,2,52,0.0653176,471,0.591627,47,200,0
NE,20015,ws43,90,open_anchor,0,3,183,0.229868,471,0.591627,121,200,0
NE,20015,ws43,90,proximity,2,3,598,0.751152,471,0.591627,324,200,0
NE,20015,ws43,90,proximity,2,4,609,0.76497,471,0.591627,300,200,0
NE,20015,ws43,90,proximity,2,5,583,0.732311,471,0.591627,275,200,0
NE,20015,ws43,0,cell6_barriers,2,1,8890,11.1668,471,0.591627,4063,200,0
NE,20015,ws43,0,cell6_barriers,2,2,8962,11.2572,471,0.591627,4061,200,0
NE,20015,ws43,90,open_anchor,0,5,238,0.298954,471,0.591627,180,200,0
NE,20015,ws43,90,open_anchor,2,1,126,0.15827,471,0.591627,64,200,0
NE,20015,ws43,90,cell1_baseline,0,1,11,0.0138172,471,0.591627,11,200,0
NE,20015,ws43,90,open_anchor,2,2,104,0.130635,471,0.591627,55,200,0
NE,20015,ws43,90,open_anchor,2,4,164,0.206002,471,0.591627,76,200,0
NE,20015,ws43,90,open_anchor,2,3,125,0.157013,471,0.591627,68,200,0
NE,20015,ws43,90,cell1_baseline,0,2,67,0.0841592,471,0.591627,56,200,0
NE,20015,ws43,90,cell1_baseline,0,3,51,0.0640615,471,0.591627,42,200,0
NE,20015,ws43,90,open_anchor,2,5,186,0.233636,471,0.591627,81,200,0
NE,20015,ws43,0,cell6_barriers,2,3,9013,11.3213,471,0.591627,4040,200,0
NE,20015,ws43,90,cell1_baseline,0,4,37,0.046476,471,0.591627,29,200,0
NE,20015,ws43,90,cell1_baseline,2,1,134,0.168318,471,0.591627,66,200,0
NE,20015,ws43,90,cell1_baseline,2,4,182,0.228612,471,0.591627,85,200,0
NE,20015,ws43,90,cell1_baseline,2,2,210,0.263783,471,0.591627,103,200,0
NE,20015,ws43,90,cell1_baseline,2,5,327,0.410747,471,0.591627,134,200,0
NE,20015,ws43,90,cell2_ground,0,4,78,0.0979764,471,0.591627,61,200,0
NE,20015,ws43,90,cell2_ground,0,1,95,0.11933,471,0.591627,66,200,0
NE,20015,ws43,90,cell1_baseline,0,5,326,0.409491,471,0.591627,215,200,0
NE,20015,ws43,90,cell1_baseline,2,3,441,0.553944,471,0.591627,220,200,0
NE,20015,ws43,90,cell2_ground,0,2,76,0.0954642,471,0.591627,62,200,0
NE,20015,ws43,90,cell2_ground,0,3,107,0.134404,471,0.591627,79,200,0
NE,20015,ws43,90,cell2_ground,2,1,141,0.177111,471,0.591627,66,200,0
NE,20015,ws43,90,cell2_ground,0,5,122,0.153245,471,0.591627,95,200,0
NE,20015,ws43,90,cell2_ground,2,2,269,0.337893,471,0.591627,115,200,0
NE,20015,ws43,90,cell2_ground,2,3,174,0.218563,471,0.591627,97,200,0
NE,20015,ws43,0,cell6_barriers,2,5,9560,12.0084,471,0.591627,4316,200,0
NE,20015,ws43,90,cell2_ground,2,4,282,0.354222,471,0.591627,115,200,0
NE,20015,ws43,90,cell2_ground,2,5,240,0.301466,471,0.591627,110,200,0
NE,20015,ws43,90,cell4_highonly,0,1,9,0.011305,471,0.591627,9,200,0
NE,20015,ws43,90,cell4_highonly,0,2,13,0.0163294,471,0.591627,13,200,0
NE,20015,ws43,90,cell3_lowonly,0,2,3272,4.10998,471,0.591627,935,200,0
NE,20015,ws43,90,cell4_highonly,0,3,36,0.0452199,471,0.591627,29,200,0
NE,20015,ws43,90,cell4_highonly,0,4,61,0.0766226,471,0.591627,43,200,0
NE,20015,ws43,90,cell4_highonly,0,5,50,0.0628054,471,0.591627,38,200,0
NE,20015,ws43,90,cell3_lowonly,0,1,3346,4.20294,471,0.591627,917,200,0
NE,20015,ws43,90,cell4_highonly,2,2,81,0.101745,471,0.591627,41,200,0
NE,20015,ws43,90,cell4_highonly,2,1,36,0.0452199,471,0.591627,21,200,0
NE,20015,ws43,90,cell3_lowonly,0,3,3409,4.28207,471,0.591627,1023,200,0
NE,20015,ws43,90,cell3_lowonly,2,1,3483,4.37502,471,0.591627,969,200,0
NE,20015,ws43,90,cell3_lowonly,0,4,3862,4.85109,471,0.591627,1134,200,0
NE,20015,ws43,90,cell3_lowonly,2,2,3452,4.33608,471,0.591627,988,200,0
NE,20015,ws43,90,cell3_lowonly,0,5,3631,4.56093,471,0.591627,1059,200,0
NE,20015,ws43,90,cell3_lowonly,2,3,3587,4.50566,471,0.591627,1035,200,0
NE,20015,ws43,90,cell3_lowonly,2,5,3879,4.87244,471,0.591627,1166,200,0
NE,20015,ws43,90,cell4_highonly,2,5,334,0.41954,471,0.591627,124,200,0
NE,20015,ws43,90,cell3_lowonly,2,4,3913,4.91515,471,0.591627,1138,200,0
NE,20015,ws43,90,cell4_highonly,2,4,1257,1.57893,471,0.591627,428,200,0
NE,20015,ws43,90,cell4_highonly,2,3,964,1.21089,471,0.591627,318,200,0
NE,20015,ws43,90,cell5_hilly,0,1,3481,4.37251,471,0.591627,976,200,0
NE,20015,ws43,90,cell5_hilly,0,4,3901,4.90008,471,0.591627,1136,200,0
NE,20015,ws43,90,cell6_barriers,0,3,3404,4.27579,471,0.591627,1028,200,0
NE,20015,ws43,90,cell5_hilly,0,2,3455,4.33985,471,0.591627,983,200,0
NE,20015,ws43,90,cell5_hilly,2,1,3483,4.37502,471,0.591627,968,200,0
NE,20015,ws43,90,cell5_hilly,0,3,3578,4.49435,471,0.591627,1023,200,0
NE,20015,ws43,90,cell6_barriers,0,1,3346,4.20294,471,0.591627,917,200,0
NE,20015,ws43,90,cell6_barriers,0,2,3272,4.10998,471,0.591627,935,200,0
NE,20015,ws43,180,none,0,1,4849,6.09087,0,0.0,1896,200,0
NE,20015,ws43,90,cell5_hilly,2,2,3451,4.33483,471,0.591627,978,200,0
NE,20015,ws43,180,none,0,2,4887,6.1386,0,0.0,1908,200,0
NE,20015,ws43,180,none,0,3,5112,6.42122,0,0.0,2003,200,0
NE,20015,ws43,180,none,0,4,5244,6.58703,0,0.0,2095,200,0
NE,20015,ws43,180,none,0,5,4970,6.24286,0,0.0,1942,200,0
NE,20015,ws43,180,random,0,1,4839,6.07831,471,0.591627,1880,200,0
NE,20015,ws43,90,cell5_hilly,0,5,3876,4.86867,471,0.591627,1155,200,0
NE,20015,ws43,90,cell5_hilly,2,3,3577,4.4931,471,0.591627,1023,200,0
NE,20015,ws43,180,random,0,3,5112,6.42122,471,0.591627,2003,200,0
NE,20015,ws43,180,random,0,2,4887,6.1386,471,0.591627,1908,200,0
NE,20015,ws43,180,random,2,1,4835,6.07328,471,0.591627,1884,200,0
NE,20015,ws43,180,random,0,5,4943,6.20894,471,0.591627,1965,200,0
NE,20015,ws43,180,random,0,4,5216,6.55186,471,0.591627,2076,200,0
NE,20015,ws43,180,random,2,2,4887,6.1386,471,0.591627,1908,200,0
NE,20015,ws43,180,random,2,3,5112,6.42122,471,0.591627,2003,200,0
NE,20015,ws43,180,random,2,4,5234,6.57447,471,0.591627,2083,200,0
NE,20015,ws43,180,random,2,5,4947,6.21397,471,0.591627,1943,200,0
NE,20015,ws43,90,cell5_hilly,2,4,3901,4.90008,471,0.591627,1138,200,0
NE,20015,ws43,90,cell5_hilly,2,5,3876,4.86867,471,0.591627,1155,200,0
NE,20015,ws43,90,cell6_barriers,0,4,3862,4.85109,471,0.591627,1134,200,0
NE,20015,ws43,180,proximity,0,3,177,0.222331,471,0.591627,145,200,0
NE,20015,ws43,180,proximity,0,4,51,0.0640615,471,0.591627,38,200,0
NE,20015,ws43,90,cell6_barriers,2,2,3452,4.33608,471,0.591627,988,200,0
NE,20015,ws43,180,proximity,2,2,70,0.0879275,471,0.591627,33,200,0
NE,20015,ws43,180,proximity,0,5,99,0.124355,471,0.591627,77,200,0
NE,20015,ws43,180,proximity,2,3,144,0.18088,471,0.591627,72,200,0
NE,20015,ws43,180,proximity,0,2,218,0.273832,471,0.591627,173,200,0
NE,20015,ws43,180,proximity,0,1,231,0.290161,471,0.591627,175,200,0
NE,20015,ws43,180,proximity,2,1,302,0.379345,471,0.591627,158,200,0
NE,20015,ws43,90,cell6_barriers,0,5,3631,4.56093,471,0.591627,1059,200,0
NE,20015,ws43,90,cell6_barriers,2,1,3483,4.37502,471,0.591627,969,200,0
NE,20015,ws43,180,proximity,2,4,203,0.25499,471,0.591627,98,200,0
NE,20015,ws43,90,cell6_barriers,2,3,3587,4.50566,471,0.591627,1035,200,0
NE,20015,ws43,180,open_anchor,0,2,16,0.0200977,471,0.591627,16,200,0
NE,20015,ws43,180,open_anchor,0,1,25,0.0314027,471,0.591627,24,200,0
NE,20015,ws43,180,open_anchor,0,3,49,0.0615493,471,0.591627,43,200,0
NE,20015,ws43,90,cell6_barriers,2,5,3879,4.87244,471,0.591627,1166,200,0
NE,20015,ws43,180,open_anchor,0,4,75,0.0942081,471,0.591627,62,200,0
NE,20015,ws43,180,open_anchor,2,2,145,0.182136,471,0.591627,73,200,0
NE,20015,ws43,90,cell6_barriers,2,4,3913,4.91515,471,0.591627,1138,200,0
NE,20015,ws43,180,open_anchor,0,5,223,0.280112,471,0.591627,157,200,0
NE,20015,ws43,180,open_anchor,2,3,162,0.203489,471,0.591627,75,200,0
NE,20015,ws43,180,open_anchor,2,4,189,0.237404,471,0.591627,89,200,0
NE,20015,ws43,180,open_anchor,2,1,1105,1.388,471,0.591627,471,200,0
NE,20015,ws43,180,cell1_baseline,0,3,172,0.216051,471,0.591627,142,200,0
NE,20015,ws43,180,cell1_baseline,0,1,289,0.363015,471,0.591627,212,200,0
NE,20015,ws43,180,proximity,2,5,1474,1.8515,471,0.591627,710,200,0
NE,20015,ws43,180,cell1_baseline,0,2,326,0.409491,471,0.591627,241,200,0
NE,20015,ws43,180,cell1_baseline,0,4,350,0.439638,471,0.591627,251,200,0
NE,20015,ws43,180,cell1_baseline,2,1,589,0.739847,471,0.591627,293,200,0
NE,20015,ws43,180,cell2_ground,0,1,155,0.194697,471,0.591627,124,200,0
NE,20015,ws43,180,cell1_baseline,2,4,549,0.689603,471,0.591627,231,200,0
NE,20015,ws43,180,cell1_baseline,2,2,814,1.02247,471,0.591627,320,200,0
NE,20015,ws43,180,cell1_baseline,2,5,542,0.68081,471,0.591627,235,200,0
NE,20015,ws43,180,cell1_baseline,2,3,872,1.09533,471,0.591627,391,200,0
NE,20015,ws43,180,open_anchor,2,5,1262,1.58521,471,0.591627,667,200,0
NE,20015,ws43,180,cell2_ground,0,2,99,0.124355,471,0.591627,85,200,0
NE,20015,ws43,180,cell2_ground,0,4,161,0.202233,471,0.591627,125,200,0
NE,20015,ws43,180,cell2_ground,0,3,443,0.556456,471,0.591627,314,200,0
NE,20015,ws43,180,cell2_ground,0,5,290,0.364271,471,0.591627,212,200,0
NE,20015,ws43,180,cell2_ground,2,1,628,0.788836,471,0.591627,310,200,0
NE,20015,ws43,180,cell1_baseline,0,5,2705,3.39777,471,0.591627,1471,200,0
NE,20015,ws43,180,cell2_ground,2,2,847,1.06392,471,0.591627,378,200,0
NE,20015,ws43,180,cell2_ground,2,3,721,0.905654,471,0.591627,383,200,0
NE,20015,ws43,180,cell2_ground,2,4,742,0.932032,471,0.591627,414,200,0
NE,20015,ws43,180,cell2_ground,2,5,907,1.13929,471,0.591627,488,200,0
NE,20015,ws43,180,cell4_highonly,0,1,17,0.0213538,471,0.591627,15,200,0
NE,20015,ws43,180,cell4_highonly,0,2,10,0.0125611,471,0.591627,10,200,0
NE,20015,ws43,180,cell4_highonly,0,3,17,0.0213538,471,0.591627,17,200,0
NE,20015,ws43,180,cell4_highonly,0,4,43,0.0540126,471,0.591627,34,200,0
NE,20015,ws43,180,cell4_highonly,2,1,60,0.0753665,471,0.591627,30,200,0
NE,20015,ws43,180,cell4_highonly,2,2,43,0.0540126,471,0.591627,21,200,0
NE,20015,ws43,180,cell4_highonly,2,3,85,0.106769,471,0.591627,43,200,0
NE,20015,ws43,180,cell4_highonly,2,4,103,0.129379,471,0.591627,54,200,0
NE,20015,ws43,180,cell3_lowonly,0,1,4826,6.06198,471,0.591627,1922,200,0
NE,20015,ws43,180,cell3_lowonly,0,2,4818,6.05193,471,0.591627,1916,200,0
NE,20015,ws43,180,cell3_lowonly,0,3,4947,6.21397,471,0.591627,1905,200,0
NE,20015,ws43,180,cell3_lowonly,0,4,5228,6.56693,471,0.591627,2083,200,0
NE,20015,ws43,180,cell3_lowonly,2,5,4960,6.23029,471,0.591627,1928,200,0
NE,20015,ws43,180,cell3_lowonly,0,5,4931,6.19387,471,0.591627,1924,200,0
NE,20015,ws43,180,cell3_lowonly,2,1,4834,6.07203,471,0.591627,1869,200,0
NE,20015,ws43,180,cell3_lowonly,2,2,4875,6.12353,471,0.591627,1912,200,0
NE,20015,ws43,180,cell3_lowonly,2,3,5095,6.39987,471,0.591627,1981,200,0
NE,20015,ws43,180,cell3_lowonly,2,4,5231,6.5707,471,0.591627,2072,200,0
NE,20015,ws43,180,cell4_highonly,0,5,4075,5.11864,471,0.591627,1796,200,0
NE,20015,ws43,180,cell4_highonly,2,5,3627,4.5559,471,0.591627,1288,200,0
NE,20015,ws43,180,cell5_hilly,2,2,4887,6.1386,471,0.591627,1908,200,0
NE,20015,ws43,180,cell5_hilly,0,1,4845,6.08584,471,0.591627,1892,200,0
NE,20015,ws43,180,cell5_hilly,0,2,4885,6.13609,471,0.591627,1898,200,0
NE,20015,ws43,180,cell5_hilly,2,1,4848,6.08961,471,0.591627,1896,200,0
NE,20015,ws43,180,cell5_hilly,0,3,5110,6.41871,471,0.591627,2000,200,0
NE,20015,ws43,180,cell5_hilly,0,5,4969,6.2416,471,0.591627,1942,200,0
NE,20015,ws43,180,cell5_hilly,0,4,5243,6.58577,471,0.591627,2095,200,0
NE,20015,ws43,270,none,0,1,6810,8.55409,0,0.0,2633,200,0
NE,20015,ws43,180,cell5_hilly,2,5,4970,6.24286,471,0.591627,1942,200,0
NE,20015,ws43,270,none,0,2,6943,8.72116,0,0.0,2721,200,0
NE,20015,ws43,180,cell5_hilly,2,3,5112,6.42122,471,0.591627,2003,200,0
NE,20015,ws43,270,none,0,3,7027,8.82667,0,0.0,2730,200,0
NE,20015,ws43,180,cell5_hilly,2,4,5243,6.58577,471,0.591627,2095,200,0
NE,20015,ws43,270,none,0,4,6977,8.76386,0,0.0,2710,200,0
NE,20015,ws43,270,none,0,5,6821,8.56791,0,0.0,2619,200,0
NE,20015,ws43,270,random,0,1,6791,8.53023,471,0.591627,2628,200,0
NE,20015,ws43,270,random,0,4,6964,8.74754,471,0.591627,2704,200,0
NE,20015,ws43,270,random,0,2,6826,8.57419,471,0.591627,2643,200,0
NE,20015,ws43,270,random,0,3,6857,8.61313,471,0.591627,2622,200,0
NE,20015,ws43,180,cell6_barriers,0,1,4827,6.06323,471,0.591627,1935,200,0
NE,20015,ws43,270,random,0,5,6775,8.51013,471,0.591627,2632,200,0
NE,20015,ws43,180,cell6_barriers,0,2,4818,6.05193,471,0.591627,1916,200,0
NE,20015,ws43,270,random,2,1,6795,8.53525,471,0.591627,2636,200,0
NE,20015,ws43,270,random,2,2,6925,8.69855,471,0.591627,2700,200,0
NE,20015,ws43,270,random,2,3,6857,8.61313,471,0.591627,2622,200,0
NE,20015,ws43,270,random,2,4,6966,8.75005,471,0.591627,2710,200,0
NE,20015,ws43,270,random,2,5,6788,8.52646,471,0.591627,2629,200,0
NE,20015,ws43,180,cell6_barriers,0,3,4947,6.21397,471,0.591627,1905,200,0
NE,20015,ws43,270,proximity,2,1,292,0.366783,471,0.591627,160,200,0
NE,20015,ws43,270,proximity,0,3,165,0.207258,471,0.591627,122,200,0
NE,20015,ws43,270,proximity,0,2,162,0.203489,471,0.591627,119,200,0
NE,20015,ws43,270,proximity,2,2,70,0.0879275,471,0.591627,39,200,0
NE,20015,ws43,180,cell6_barriers,0,4,5228,6.56693,471,0.591627,2083,200,0
NE,20015,ws43,180,cell6_barriers,2,2,4875,6.12353,471,0.591627,1912,200,0
NE,20015,ws43,270,proximity,2,3,297,0.373064,471,0.591627,162,200,0
NE,20015,ws43,180,cell6_barriers,0,5,4931,6.19387,471,0.591627,1924,200,0
NE,20015,ws43,270,open_anchor,0,1,30,0.0376832,471,0.591627,28,200,0
NE,20015,ws43,270,proximity,2,5,383,0.481089,471,0.591627,218,200,0
NE,20015,ws43,270,open_anchor,0,2,29,0.0364271,471,0.591627,24,200,0
NE,20015,ws43,180,cell6_barriers,2,1,4834,6.07203,471,0.591627,1869,200,0
NE,20015,ws43,270,open_anchor,0,3,47,0.0590371,471,0.591627,37,200,0
NE,20015,ws43,270,open_anchor,0,4,100,0.125611,471,0.591627,66,200,0
NE,20015,ws43,270,proximity,2,4,1200,1.50733,471,0.591627,681,200,0
NE,20015,ws43,180,cell6_barriers,2,3,5095,6.39987,471,0.591627,1981,200,0
NE,20015,ws43,270,open_anchor,2,3,316,0.39693,471,0.591627,160,200,0
NE,20015,ws43,270,open_anchor,0,5,51,0.0640615,471,0.591627,42,200,0
NE,20015,ws43,180,cell6_barriers,2,5,4960,6.23029,471,0.591627,1928,200,0
NE,20015,ws43,270,proximity,0,1,1588,1.9947,471,0.591627,1106,200,0
NE,20015,ws43,270,proximity,0,4,2119,2.66169,471,0.591627,1371,200,0
NE,20015,ws43,270,open_anchor,2,1,312,0.391906,471,0.591627,163,200,0
NE,20015,ws43,180,cell6_barriers,2,4,5231,6.5707,471,0.591627,2072,200,0
NE,20015,ws43,270,open_anchor,2,2,305,0.383113,471,0.591627,159,200,0
NE,20015,ws43,270,cell1_baseline,0,1,32,0.0401955,471,0.591627,28,200,0
NE,20015,ws43,270,proximity,0,5,2110,2.65039,471,0.591627,1367,200,0
NE,20015,ws43,270,open_anchor,2,5,184,0.231124,471,0.591627,77,200,0
NE,20015,ws43,270,cell1_baseline,0,4,105,0.131891,471,0.591627,73,200,0
NE,20015,ws43,270,cell1_baseline,2,1,183,0.229868,471,0.591627,92,200,0
NE,20015,ws43,270,cell1_baseline,0,2,105,0.131891,471,0.591627,78,200,0
NE,20015,ws43,270,cell1_baseline,0,3,121,0.151989,471,0.591627,90,200,0
NE,20015,ws43,270,open_anchor,2,4,967,1.21466,471,0.591627,408,200,0
NE,20015,ws43,270,cell1_baseline,0,5,130,0.163294,471,0.591627,90,200,0
NE,20015,ws43,270,cell1_baseline,2,4,214,0.268807,471,0.591627,93,200,0
NE,20015,ws43,270,cell2_ground,0,5,58,0.0728543,471,0.591627,46,200,0
NE,20015,ws43,270,cell2_ground,0,3,86,0.108025,471,0.591627,64,200,0
NE,20015,ws43,270,cell2_ground,0,2,52,0.0653176,471,0.591627,42,200,0
NE,20015,ws43,270,cell2_ground,0,4,80,0.100489,471,0.591627,57,200,0
NE,20015,ws43,270,cell2_ground,2,1,166,0.208514,471,0.591627,82,200,0
NE,20015,ws43,270,cell2_ground,2,5,186,0.233636,471,0.591627,95,200,0
NE,20015,ws43,270,cell2_ground,0,1,3356,4.2155,471,0.591627,1440,200,0
NE,20015,ws43,270,cell1_baseline,2,2,3704,4.65262,471,0.591627,1618,200,0
NE,20015,ws43,270,cell2_ground,2,3,3341,4.19666,471,0.591627,1345,200,0
NE,20015,ws43,270,cell1_baseline,2,5,3499,4.39512,471,0.591627,1418,200,0
NE,20015,ws43,270,cell1_baseline,2,3,3341,4.19666,471,0.591627,1537,200,0
NE,20015,ws43,270,cell4_highonly,0,1,18,0.0226099,471,0.591627,18,200,0
NE,20015,ws43,270,cell4_highonly,0,2,12,0.0150733,471,0.591627,12,200,0
NE,20015,ws43,270,cell2_ground,2,2,3749,4.70915,471,0.591627,1581,200,0
NE,20015,ws43,270,cell2_ground,2,4,4090,5.13748,471,0.591627,1652,200,0
NE,20015,ws43,270,cell3_lowonly,0,2,6888,8.65207,471,0.591627,2714,200,0
NE,20015,ws43,270,cell4_highonly,0,3,22,0.0276344,471,0.591627,19,200,0
NE,20015,ws43,270,cell4_highonly,0,5,51,0.0640615,471,0.591627,40,200,0
NE,20015,ws43,270,cell3_lowonly,0,3,6438,8.08682,471,0.591627,2483,200,0
NE,20015,ws43,270,cell3_lowonly,0,5,6761,8.49255,471,0.591627,2596,200,0
NE,20015,ws43,270,cell4_highonly,2,2,63,0.0791348,471,0.591627,31,200,0
NE,20015,ws43,270,cell4_highonly,2,1,128,0.160782,471,0.591627,56,200,0
NE,20015,ws43,270,cell3_lowonly,0,1,6765,8.49757,471,0.591627,2602,200,0
NE,20015,ws43,270,cell3_lowonly,0,4,6493,8.15591,471,0.591627,2494,200,0
NE,20015,ws43,270,cell4_highonly,2,5,96,0.120586,471,0.591627,52,200,0
NE,20015,ws43,270,cell4_highonly,2,4,114,0.143196,471,0.591627,62,200,0
NE,20015,ws43,270,cell3_lowonly,2,1,6687,8.39959,471,0.591627,2582,200,0
NE,20015,ws43,270,cell3_lowonly,2,2,6923,8.69603,471,0.591627,2704,200,0
NE,20015,ws43,270,cell3_lowonly,2,3,6999,8.7915,471,0.591627,2730,200,0
NE,20015,ws43,270,cell3_lowonly,2,5,6795,8.53525,471,0.591627,2624,200,0
NE,20015,ws43,270,cell3_lowonly,2,4,6963,8.74628,471,0.591627,2703,200,0
NE,20015,ws43,270,cell4_highonly,0,4,5591,7.0229,471,0.591627,2253,200,0
NE,20015,ws43,270,cell4_highonly,2,3,4870,6.11725,471,0.591627,1770,200,0
NE,20015,ws43,270,cell5_hilly,2,1,6760,8.49129,471,0.591627,2598,200,0
NE,20015,ws43,270,cell5_hilly,0,1,6759,8.49003,471,0.591627,2597,200,0
NE,20015,ws43,270,cell5_hilly,2,3,6940,8.71739,471,0.591627,2679,200,0
NE,20015,ws43,270,cell5_hilly,0,3,6938,8.71488,471,0.591627,2677,200,0
NE,20015,ws43,270,cell5_hilly,0,2,6865,8.62318,471,0.591627,2672,200,0
NE,20015,ws43,270,cell5_hilly,0,4,6955,8.73623,471,0.591627,2692,200,0
NE,20015,ws43,270,cell5_hilly,0,5,6772,8.50636,471,0.591627,2589,200,0
SW,59597,ws10,0,none,0,1,12045,15.1298,0,0.0,6131,200,0
NE,20015,ws43,270,cell5_hilly,2,2,6904,8.67217,471,0.591627,2695,200,0
SW,59597,ws10,0,none,0,2,12023,15.1022,0,0.0,6107,200,0
SW,59597,ws10,0,none,0,3,11951,15.0117,0,0.0,6059,200,0
SW,59597,ws10,0,none,0,4,11567,14.5294,0,0.0,5866,200,0
SW,59597,ws10,0,none,0,5,12070,15.1612,0,0.0,6133,200,0
SW,59597,ws10,0,random,0,1,11927,14.9816,471,0.591627,6038,200,0
SW,59597,ws10,0,random,0,2,11931,14.9866,471,0.591627,6041,200,0
SW,59597,ws10,0,random,0,3,11912,14.9628,471,0.591627,6000,200,0
NE,20015,ws43,270,cell5_hilly,2,4,6894,8.65961,471,0.591627,2667,200,0
SW,59597,ws10,0,random,0,4,11484,14.4251,471,0.591627,5805,200,0
SW,59597,ws10,0,random,2,1,11966,15.0306,471,0.591627,6042,200,0
SW,59597,ws10,0,random,0,5,12034,15.116,471,0.591627,6103,200,0
SW,59597,ws10,0,random,2,2,11962,15.0256,471,0.591627,6036,200,0
SW,59597,ws10,0,random,2,3,11855,14.8912,471,0.591627,5989,200,0
SW,59597,ws10,0,random,2,4,11488,14.4302,471,0.591627,5814,200,0
SW,59597,ws10,0,random,2,5,12043,15.1273,471,0.591627,6104,200,0
NE,20015,ws43,270,cell5_hilly,2,5,6773,8.50762,471,0.591627,2588,200,0
SW,59597,ws10,0,proximity,0,2,96,0.120586,471,0.591627,77,200,0
NE,20015,ws43,270,cell6_barriers,0,2,6888,8.65207,471,0.591627,2714,200,0
NE,20015,ws43,270,cell6_barriers,0,5,6761,8.49255,471,0.591627,2596,200,0
NE,20015,ws43,270,cell6_barriers,0,1,6765,8.49757,471,0.591627,2602,200,0
SW,59597,ws10,0,proximity,0,4,56,0.070342,471,0.591627,46,200,0
NE,20015,ws43,270,cell6_barriers,0,4,6493,8.15591,471,0.591627,2494,200,0
NE,20015,ws43,270,cell6_barriers,0,3,6952,8.73246,471,0.591627,2717,200,0
SW,59597,ws10,0,proximity,0,5,368,0.462248,471,0.591627,235,200,0
SW,59597,ws10,0,proximity,2,3,618,0.776275,471,0.591627,276,200,0
SW,59597,ws10,0,proximity,2,5,334,0.41954,471,0.591627,163,200,0
SW,59597,ws10,0,open_anchor,0,1,169,0.212282,471,0.591627,122,200,0
NE,20015,ws43,270,cell6_barriers,2,2,6923,8.69603,471,0.591627,2704,200,0
NE,20015,ws43,270,cell6_barriers,2,1,6687,8.39959,471,0.591627,2582,200,0
SW,59597,ws10,0,open_anchor,0,2,112,0.140684,471,0.591627,83,200,0
NE,20015,ws43,270,cell6_barriers,2,4,6963,8.74628,471,0.591627,2703,200,0
NE,20015,ws43,270,cell6_barriers,2,3,6999,8.7915,471,0.591627,2730,200,0
SW,59597,ws10,0,open_anchor,0,4,75,0.0942081,471,0.591627,60,200,0
SW,59597,ws10,0,open_anchor,0,3,140,0.175855,471,0.591627,108,200,0
SW,59597,ws10,0,open_anchor,0,5,181,0.227356,471,0.591627,128,200,0
SW,59597,ws10,0,open_anchor,2,2,377,0.473553,471,0.591627,195,200,0
NE,20015,ws43,270,cell6_barriers,2,5,6795,8.53525,471,0.591627,2624,200,0
SW,59597,ws10,0,proximity,2,2,3001,3.76958,471,0.591627,1658,200,0
SW,59597,ws10,0,proximity,2,4,2417,3.03601,471,0.591627,1117,200,0
SW,59597,ws10,0,open_anchor,2,1,519,0.65192,471,0.591627,228,200,0
SW,59597,ws10,0,cell1_baseline,0,1,84,0.105513,471,0.591627,67,200,0
SW,59597,ws10,0,cell1_baseline,0,2,97,0.121842,471,0.591627,77,200,0
SW,59597,ws10,0,open_anchor,2,4,429,0.53887,471,0.591627,191,200,0
SW,59597,ws10,0,open_anchor,2,5,392,0.492394,471,0.591627,181,200,0
SW,59597,ws10,0,proximity,0,3,3459,4.34488,471,0.591627,2061,200,0
SW,59597,ws10,0,cell1_baseline,0,4,210,0.263783,471,0.591627,158,200,0
SW,59597,ws10,0,cell2_ground,0,1,108,0.13566,471,0.591627,82,200,0
SW,59597,ws10,0,cell1_baseline,0,5,786,0.987301,471,0.591627,464,200,0
SW,59597,ws10,0,proximity,2,1,3660,4.59735,471,0.591627,1997,200,0
SW,59597,ws10,0,cell2_ground,0,2,90,0.11305,471,0.591627,71,200,0
SW,59597,ws10,0,cell2_ground,0,4,63,0.0791348,471,0.591627,49,200,0
SW,59597,ws10,0,open_anchor,2,3,2613,3.28221,471,0.591627,1249,200,0
SW,59597,ws10,0,proximity,0,1,7547,9.47985,471,0.591627,3955,200,0
SW,59597,ws10,0,cell1_baseline,2,5,1282,1.61033,471,0.591627,638,200,0
SW,59597,ws10,0,cell1_baseline,2,3,1804,2.26602,471,0.591627,903,200,0
SW,59597,ws10,0,cell1_baseline,0,3,2749,3.45304,471,0.591627,1579,200,0
SW,59597,ws10,0,cell1_baseline,2,1,2825,3.5485,471,0.591627,1406,200,0
SW,59597,ws10,0,cell1_baseline,2,4,2362,2.96693,471,0.591627,1155,200,0
SW,59597,ws10,0,cell2_ground,2,4,2025,2.54362,471,0.591627,1027,200,0
SW,59597,ws10,0,cell1_baseline,2,2,10230,12.85,471,0.591627,5081,200,0
SW,59597,ws10,0,cell2_ground,2,3,7529,9.45724,471,0.591627,3959,200,0
SW,59597,ws10,0,cell2_ground,2,5,10693,13.4316,471,0.591627,5575,200,0
SW,59597,ws10,0,cell2_ground,0,3,10302,12.9404,471,0.591627,5561,200,0
SW,59597,ws10,0,cell2_ground,2,2,10759,13.5145,471,0.591627,5664,200,0
SW,59597,ws10,0,cell2_ground,2,1,11080,13.9177,471,0.591627,5705,200,0
SW,59597,ws10,0,cell3_lowonly,0,1,11968,15.0331,471,0.591627,6085,200,0
SW,59597,ws10,0,cell4_highonly,0,1,89,0.111794,471,0.591627,70,200,0
SW,59597,ws10,0,cell2_ground,0,5,11347,14.2531,471,0.591627,5987,200,0
SW,59597,ws10,0,cell4_highonly,0,2,84,0.105513,471,0.591627,68,200,0
SW,59597,ws10,0,cell4_highonly,0,4,61,0.0766226,471,0.591627,50,200,0
SW,59597,ws10,0,cell4_highonly,0,3,173,0.217307,471,0.591627,127,200,0
SW,59597,ws10,0,cell4_highonly,0,5,98,0.123099,471,0.591627,77,200,0
SW,59597,ws10,0,cell4_highonly,2,1,293,0.36804,471,0.591627,136,200,0
SW,59597,ws10,0,cell4_highonly,2,3,411,0.51626,471,0.591627,188,200,0
SW,59597,ws10,0,cell4_highonly,2,4,132,0.165806,471,0.591627,75,200,0
SW,59597,ws10,0,cell4_highonly,2,2,484,0.607956,471,0.591627,208,200,0
SW,59597,ws10,0,cell3_lowonly,0,2,11921,14.9741,471,0.591627,6017,200,0
SW,59597,ws10,0,cell3_lowonly,2,1,11946,15.0055,471,0.591627,6006,200,0
SW,59597,ws10,0,cell3_lowonly,0,4,11516,14.4653,471,0.591627,5854,200,0
SW,59597,ws10,0,cell3_lowonly,0,3,11904,14.9527,471,0.591627,6015,200,0
SW,59597,ws10,0,cell3_lowonly,0,5,11997,15.0695,471,0.591627,6087,200,0
SW,59597,ws10,0,cell4_highonly,2,5,763,0.95841,471,0.591627,294,200,0
SW,59597,ws10,0,cell3_lowonly,2,2,11955,15.0168,471,0.591627,6076,200,0
SW,59597,ws10,0,cell3_lowonly,2,4,11514,14.4628,471,0.591627,5786,200,0
SW,59597,ws10,0,cell3_lowonly,2,3,11887,14.9314,471,0.591627,5996,200,0
SW,59597,ws10,0,cell3_lowonly,2,5,12014,15.0909,471,0.591627,6079,200,0
SW,59597,ws10,0,cell5_hilly,0,2,11938,14.9954,471,0.591627,6031,200,0
SW,59597,ws10,0,cell5_hilly,0,5,12009,15.0846,471,0.591627,6086,200,0
SW,59597,ws10,0,cell5_hilly,0,4,11486,14.4277,471,0.591627,5804,200,0
SW,59597,ws10,0,cell5_hilly,0,3,11874,14.915,471,0.591627,6003,200,0
SW,59597,ws10,0,cell5_hilly,0,1,11997,15.0695,471,0.591627,6111,200,0
SW,59597,ws10,0,cell5_hilly,2,4,11517,14.4666,471,0.591627,5819,200,0
SW,59597,ws10,0,cell5_hilly,2,1,11994,15.0658,471,0.591627,6087,200,0
SW,59597,ws10,0,cell5_hilly,2,2,11967,15.0318,471,0.591627,6050,200,0
SW,59597,ws10,90,none,0,1,27678,34.7666,0,0.0,15902,200,0
SW,59597,ws10,90,none,0,2,27539,34.592,0,0.0,15816,200,0
SW,59597,ws10,90,none,0,3,27744,34.8495,0,0.0,15967,200,0
SW,59597,ws10,0,cell5_hilly,2,3,11885,14.9288,471,0.591627,6013,200,0
SW,59597,ws10,0,cell5_hilly,2,5,11996,15.0683,471,0.591627,6077,200,0
SW,59597,ws10,90,none,0,4,27223,34.195,0,0.0,15734,200,0
SW,59597,ws10,90,none,0,5,27599,34.6673,0,0.0,15962,200,0
SW,59597,ws10,90,random,0,1,27577,34.6397,471,0.591627,15766,200,0
SW,59597,ws10,90,random,0,2,27151,34.1046,471,0.591627,15463,200,0
SW,59597,ws10,90,random,0,3,27403,34.4211,471,0.591627,15692,200,0
SW,59597,ws10,90,random,0,4,27075,34.0091,471,0.591627,15547,200,0
SW,59597,ws10,90,random,0,5,27489,34.5291,471,0.591627,15857,200,0
SW,59597,ws10,90,random,2,1,27448,34.4776,471,0.591627,15720,200,0
SW,59597,ws10,90,random,2,2,27226,34.1988,471,0.591627,15476,200,0
SW,59597,ws10,90,random,2,3,27486,34.5254,471,0.591627,15738,200,0
SW,59597,ws10,90,random,2,4,27055,33.984,471,0.591627,15523,200,0
SW,59597,ws10,90,random,2,5,27505,34.5492,471,0.591627,15861,200,0
SW,59597,ws10,0,cell6_barriers,0,1,11968,15.0331,471,0.591627,6085,200,0
SW,59597,ws10,0,cell6_barriers,0,4,11516,14.4653,471,0.591627,5854,200,0
SW,59597,ws10,90,proximity,0,5,223,0.280112,471,0.591627,159,200,0
SW,59597,ws10,0,cell6_barriers,0,2,11921,14.9741,471,0.591627,6017,200,0
SW,59597,ws10,0,cell6_barriers,0,3,11904,14.9527,471,0.591627,6015,200,0
SW,59597,ws10,90,proximity,2,3,353,0.443406,471,0.591627,180,200,0
SW,59597,ws10,0,cell6_barriers,0,5,11997,15.0695,471,0.591627,6087,200,0
SW,59597,ws10,90,open_anchor,0,1,92,0.115562,471,0.591627,75,200,0
SW,59597,ws10,0,cell6_barriers,2,4,11514,14.4628,471,0.591627,5786,200,0
SW,59597,ws10,90,open_anchor,0,2,133,0.167062,471,0.591627,96,200,0
SW,59597,ws10,0,cell6_barriers,2,1,11946,15.0055,471,0.591627,6006,200,0
SW,59597,ws10,0,cell6_barriers,2,3,11887,14.9314,471,0.591627,5996,200,0
SW,59597,ws10,0,cell6_barriers,2,2,11955,15.0168,471,0.591627,6076,200,0
SW,59597,ws10,90,open_anchor,0,4,122,0.153245,471,0.591627,98,200,0
SW,59597,ws10,90,open_anchor,0,3,457,0.574041,471,0.591627,283,200,0
SW,59597,ws10,0,cell6_barriers,2,5,12014,15.0909,471,0.591627,6079,200,0
SW,59597,ws10,90,open_anchor,2,1,178,0.223587,471,0.591627,89,200,0
SW,59597,ws10,90,open_anchor,0,5,105,0.131891,471,0.591627,82,200,0
SW,59597,ws10,90,open_anchor,2,5,259,0.325332,471,0.591627,112,200,0
SW,59597,ws10,90,open_anchor,2,4,334,0.41954,471,0.591627,140,200,0
SW,59597,ws10,90,cell1_baseline,0,1,68,0.0854153,471,0.591627,57,200,0
SW,59597,ws10,90,proximity,0,1,14661,18.4158,471,0.591627,9304,200,0
SW,59597,ws10,90,proximity,2,1,16421,20.6265,471,0.591627,10070,200,0
SW,59597,ws10,90,proximity,0,3,16133,20.2648,471,0.591627,10422,200,0
SW,59597,ws10,90,proximity,0,2,14524,18.2437,471,0.591627,9272,200,0
SW,59597,ws10,90,cell1_baseline,2,4,838,1.05262,471,0.591627,279,200,0
SW,59597,ws10,90,proximity,0,4,21259,26.7036,471,0.591627,13135,200,0
SW,59597,ws10,90,cell2_ground,0,1,127,0.159526,471,0.591627,91,200,0
SW,59597,ws10,90,open_anchor,2,3,16746,21.0348,471,0.591627,10111,200,0
SW,59597,ws10,90,proximity,2,5,21215,26.6483,471,0.591627,12854,200,0
SW,59597,ws10,90,open_anchor,2,2,16096,20.2183,471,0.591627,9879,200,0
SW,59597,ws10,90,proximity,2,2,23617,29.6655,471,0.591627,13861,200,0
SW,59597,ws10,90,cell2_ground,0,4,116,0.145709,471,0.591627,89,200,0
SW,59597,ws10,90,cell2_ground,0,5,83,0.104257,471,0.591627,64,200,0
SW,59597,ws10,90,cell1_baseline,0,5,18160,22.8109,471,0.591627,11183,200,0
SW,59597,ws10,90,cell1_baseline,2,2,18661,23.4402,471,0.591627,11409,200,0
SW,59597,ws10,90,cell1_baseline,0,3,15745,19.7774,471,0.591627,10125,200,0
SW,59597,ws10,90,proximity,2,4,24280,30.4983,471,0.591627,14207,200,0
SW,59597,ws10,90,cell1_baseline,2,3,21162,26.5818,471,0.591627,12262,200,0
SW,59597,ws10,90,cell1_baseline,2,1,25337,31.826,471,0.591627,14759,200,0
SW,59597,ws10,90,cell1_baseline,0,2,24869,31.2381,471,0.591627,14708,200,0
SW,59597,ws10,90,cell1_baseline,0,4,24751,31.0899,471,0.591627,14601,200,0
SW,59597,ws10,90,cell2_ground,2,2,22693,28.5049,471,0.591627,13443,200,0
SW,59597,ws10,90,cell1_baseline,2,5,26200,32.91,471,0.591627,15092,200,0
SW,59597,ws10,90,cell2_ground,2,3,24710,31.0384,471,0.591627,14319,200,0
SW,59597,ws10,90,cell2_ground,2,5,23004,28.8955,471,0.591627,13490,200,0
SW,59597,ws10,90,cell2_ground,0,2,23800,29.8954,471,0.591627,14085,200,0
SW,59597,ws10,90,cell2_ground,2,1,24164,30.3526,471,0.591627,14119,200,0
SW,59597,ws10,90,cell4_highonly,0,1,84,0.105513,471,0.591627,64,200,0
SW,59597,ws10,90,cell4_highonly,0,2,89,0.111794,471,0.591627,65,200,0
SW,59597,ws10,90,cell4_highonly,0,3,636,0.798885,471,0.591627,381,200,0
SW,59597,ws10,90,cell4_highonly,0,4,99,0.124355,471,0.591627,79,200,0
SW,59597,ws10,90,cell2_ground,0,3,24812,31.1665,471,0.591627,14620,200,0
SW,59597,ws10,90,cell4_highonly,2,1,205,0.257502,471,0.591627,102,200,0
SW,59597,ws10,90,cell4_highonly,0,5,88,0.110537,471,0.591627,74,200,0
SW,59597,ws10,90,cell4_highonly,2,2,179,0.224843,471,0.591627,85,200,0
SW,59597,ws10,90,cell4_highonly,2,4,1386,1.74097,471,0.591627,484,200,0
SW,59597,ws10,90,cell4_highonly,2,5,619,0.777531,471,0.591627,219,200,0
SW,59597,ws10,90,cell2_ground,2,4,25365,31.8612,471,0.591627,14708,200,0
SW,59597,ws10,90,cell3_lowonly,0,1,27492,34.5329,471,0.591627,15781,200,0
SW,59597,ws10,90,cell3_lowonly,0,4,27029,33.9513,471,0.591627,15564,200,0
SW,59597,ws10,90,cell3_lowonly,0,2,27353,34.3583,471,0.591627,15550,200,0
SW,59597,ws10,90,cell3_lowonly,0,3,27549,34.6045,471,0.591627,15830,200,0
SW,59597,ws10,90,cell3_lowonly,2,1,27403,34.4211,471,0.591627,15708,200,0
SW,59597,ws10,90,cell3_lowonly,0,5,27404,34.4224,471,0.591627,15764,200,0
SW,59597,ws10,90,cell3_lowonly,2,5,27455,34.4864,471,0.591627,15834,200,0
SW,59597,ws10,90,cell3_lowonly,2,2,27391,34.406,471,0.591627,15611,200,0
SW,59597,ws10,90,cell4_highonly,2,3,25064,31.4831,471,0.591627,14113,200,0
SW,59597,ws10,90,cell3_lowonly,2,3,27433,34.4588,471,0.591627,15720,200,0
SW,59597,ws10,90,cell5_hilly,0,3,27559,34.6171,471,0.591627,15808,200,0
SW,59597,ws10,90,cell3_lowonly,2,4,27065,33.9966,471,0.591627,15600,200,0
SW,59597,ws10,90,cell5_hilly,0,1,27377,34.3885,471,0.591627,15696,200,0
SW,59597,ws10,90,cell5_hilly,0,2,27317,34.3131,471,0.591627,15592,200,0
SW,59597,ws10,90,cell5_hilly,2,1,27364,34.3721,471,0.591627,15615,200,0
SW,59597,ws10,90,cell5_hilly,0,4,27038,33.9626,471,0.591627,15592,200,0
SW,59597,ws10,90,cell5_hilly,2,2,27275,34.2603,471,0.591627,15619,200,0
SW,59597,ws10,90,cell5_hilly,0,5,27431,34.4563,471,0.591627,15770,200,0
SW,59597,ws10,180,none,0,1,24269,30.4845,0,0.0,14620,200,0
SW,59597,ws10,180,none,0,2,24235,30.4418,0,0.0,14606,200,0
SW,59597,ws10,180,none,0,3,24036,30.1918,0,0.0,14454,200,0
SW,59597,ws10,180,none,0,4,23884,30.0009,0,0.0,14388,200,0
SW,59597,ws10,180,none,0,5,24502,30.7772,0,0.0,14753,200,0
SW,59597,ws10,180,random,0,1,23647,29.7032,471,0.591627,14254,200,0
SW,59597,ws10,180,random,0,2,24125,30.3036,471,0.591627,14446,200,0
SW,59597,ws10,90,cell5_hilly,2,4,27032,33.9551,471,0.591627,15576,200,0
SW,59597,ws10,180,random,0,3,23804,29.9004,471,0.591627,14206,200,0
SW,59597,ws10,180,random,0,5,24406,30.6566,471,0.591627,14628,200,0
SW,59597,ws10,180,random,0,4,23736,29.815,471,0.591627,14261,200,0
SW,59597,ws10,180,random,2,1,23668,29.7296,471,0.591627,14222,200,0
SW,59597,ws10,180,random,2,2,24128,30.3074,471,0.591627,14456,200,0
SW,59597,ws10,180,random,2,3,23776,29.8652,471,0.591627,14212,200,0
SW,59597,ws10,180,random,2,5,24401,30.6503,471,0.591627,14607,200,0
SW,59597,ws10,180,random,2,4,23704,29.7748,471,0.591627,14193,200,0
SW,59597,ws10,90,cell5_hilly,2,3,27571,34.6321,471,0.591627,15831,200,0
SW,59597,ws10,90,cell6_barriers,0,1,27492,34.5329,471,0.591627,15781,200,0
SW,59597,ws10,180,proximity,0,3,74,0.092952,471,0.591627,54,200,0
SW,59597,ws10,180,proximity,0,5,66,0.0829031,471,0.591627,51,200,0
SW,59597,ws10,180,proximity,2,1,376,0.472297,471,0.591627,205,200,0
SW,59597,ws10,90,cell6_barriers,0,2,27353,34.3583,471,0.591627,15550,200,0
SW,59597,ws10,90,cell5_hilly,2,5,27441,34.4689,471,0.591627,15799,200,0
SW,59597,ws10,90,cell6_barriers,0,4,27029,33.9513,471,0.591627,15564,200,0
SW,59597,ws10,180,proximity,0,1,9676,12.1541,471,0.591627,6735,200,0
SW,59597,ws10,180,open_anchor,0,1,111,0.139428,471,0.591627,82,200,0
SW,59597,ws10,180,open_anchor,0,2,136,0.170831,471,0.591627,103,200,0
SW,59597,ws10,180,open_anchor,0,3,172,0.216051,471,0.591627,122,200,0
SW,59597,ws10,180,proximity,0,2,14357,18.0339,471,0.591627,9890,200,0
SW,59597,ws10,90,cell6_barriers,2,1,27403,34.4211,471,0.591627,15708,200,0
SW,59597,ws10,180,open_anchor,0,4,167,0.20977,471,0.591627,121,200,0
SW,59597,ws10,90,cell6_barriers,0,5,27404,34.4224,471,0.591627,15764,200,0
SW,59597,ws10,90,cell6_barriers,2,5,27455,34.4864,471,0.591627,15834,200,0
SW,59597,ws10,90,cell6_barriers,0,3,27549,34.6045,471,0.591627,15830,200,0
SW,59597,ws10,180,open_anchor,0,5,594,0.746128,471,0.591627,395,200,0
SW,59597,ws10,180,open_anchor,2,1,885,1.11166,471,0.591627,517,200,0
SW,59597,ws10,180,cell1_baseline,0,2,136,0.170831,471,0.591627,99,200,0
SW,59597,ws10,180,proximity,2,5,5872,7.37587,471,0.591627,3891,200,0
SW,59597,ws10,180,cell1_baseline,0,1,113,0.14194,471,0.591627,79,200,0
SW,59597,ws10,180,open_anchor,2,5,942,1.18325,471,0.591627,542,200,0
SW,59597,ws10,180,open_anchor,2,4,789,0.991069,471,0.591627,453,200,0
SW,59597,ws10,180,open_anchor,2,3,1034,1.29882,471,0.591627,610,200,0
SW,59597,ws10,180,cell1_baseline,0,5,501,0.62931,471,0.591627,335,200,0
SW,59597,ws10,180,proximity,2,4,9689,12.1704,471,0.591627,6430,200,0
SW,59597,ws10,90,cell6_barriers,2,4,27065,33.9966,471,0.591627,15600,200,0
SW,59597,ws10,90,cell6_barriers,2,2,27391,34.406,471,0.591627,15611,200,0
SW,59597,ws10,180,proximity,2,2,13640,17.1333,471,0.591627,9029,200,0
SW,59597,ws10,180,proximity,0,4,18603,23.3674,471,0.591627,12290,200,0
SW,59597,ws10,90,cell6_barriers,2,3,27433,34.4588,471,0.591627,15720,200,0
SW,59597,ws10,180,open_anchor,2,2,3806,4.78075,471,0.591627,2409,200,0
SW,59597,ws10,180,proximity,2,3,15670,19.6832,471,0.591627,10142,200,0
SW,59597,ws10,180,cell2_ground,2,2,360,0.452199,471,0.591627,141,200,0
SW,59597,ws10,180,cell2_ground,2,3,493,0.619261,471,0.591627,189,200,0
SW,59597,ws10,180,cell1_baseline,2,1,20391,25.6133,471,0.591627,12574,200,0
SW,59597,ws10,180,cell2_ground,0,5,12808,16.0882,471,0.591627,8220,200,0
SW,59597,ws10,180,cell1_baseline,2,2,20140,25.298,471,0.591627,12454,200,0
SW,59597,ws10,180,cell2_ground,0,2,19370,24.3308,471,0.591627,12172,200,0
SW,59597,ws10,180,cell2_ground,0,1,16966,21.3111,471,0.591627,10869,200,0
SW,59597,ws10,180,cell1_baseline,0,3,20094,25.2402,471,0.591627,13057,200,0
SW,59597,ws10,180,cell1_baseline,2,4,18703,23.493,471,0.591627,11894,200,0
SW,59597,ws10,180,cell1_baseline,0,4,19303,24.2466,471,0.591627,12528,200,0
SW,59597,ws10,180,cell1_baseline,2,5,19053,23.9326,471,0.591627,12243,200,0
SW,59597,ws10,180,cell2_ground,2,4,19682,24.7227,471,0.591627,12369,200,0
SW,59597,ws10,180,cell1_baseline,2,3,22039,27.6834,471,0.591627,13076,200,0
SW,59597,ws10,180,cell2_ground,2,1,21638,27.1797,471,0.591627,13248,200,0
SW,59597,ws10,180,cell2_ground,0,4,20350,25.5618,471,0.591627,12750,200,0
SW,59597,ws10,180,cell2_ground,0,3,21750,27.3203,471,0.591627,13652,200,0
SW,59597,ws10,180,cell4_highonly,0,1,51,0.0640615,471,0.591627,38,200,0
SW,59597,ws10,180,cell4_highonly,0,2,73,0.0916959,471,0.591627,56,200,0
SW,59597,ws10,180,cell4_highonly,0,5,81,0.101745,471,0.591627,66,200,0
SW,59597,ws10,180,cell4_highonly,0,4,36,0.0452199,471,0.591627,30,200,0
SW,59597,ws10,180,cell4_highonly,0,3,96,0.120586,471,0.591627,70,200,0
SW,59597,ws10,180,cell4_highonly,2,1,124,0.155757,471,0.591627,66,200,0
SW,59597,ws10,180,cell4_highonly,2,2,135,0.169575,471,0.591627,70,200,0
SW,59597,ws10,180,cell4_highonly,2,3,158,0.198465,471,0.591627,78,200,0
SW,59597,ws10,180,cell4_highonly,2,5,189,0.237404,471,0.591627,82,200,0
SW,59597,ws10,180,cell4_highonly,2,4,107,0.134404,471,0.591627,55,200,0
SW,59597,ws10,180,cell3_lowonly,0,1,23891,30.0097,471,0.591627,14349,200,0
SW,59597,ws10,180,cell2_ground,2,5,22032,27.6746,471,0.591627,13515,200,0
SW,59597,ws10,180,cell3_lowonly,0,2,23950,30.0838,471,0.591627,14409,200,0
SW,59597,ws10,180,cell3_lowonly,0,3,23856,29.9657,471,0.591627,14235,200,0
SW,59597,ws10,180,cell3_lowonly,0,4,23731,29.8087,471,0.591627,14236,200,0
SW,59597,ws10,180,cell3_lowonly,2,1,24122,30.2998,471,0.591627,14487,200,0
SW,59597,ws10,180,cell3_lowonly,0,5,24334,30.5661,471,0.591627,14573,200,0
SW,59597,ws10,180,cell3_lowonly,2,4,23742,29.8225,471,0.591627,14176,200,0
SW,59597,ws10,180,cell3_lowonly,2,2,24101,30.2735,471,0.591627,14432,200,0
SW,59597,ws10,180,cell3_lowonly,2,5,24372,30.6139,471,0.591627,14590,200,0
SW,59597,ws10,180,cell3_lowonly,2,3,23912,30.0361,471,0.591627,14384,200,0
SW,59597,ws10,180,cell5_hilly,0,2,24085,30.2534,471,0.591627,14378,200,0
SW,59597,ws10,180,cell5_hilly,0,1,24098,30.2697,471,0.591627,14429,200,0
SW,59597,ws10,180,cell5_hilly,0,3,23876,29.9908,471,0.591627,14212,200,0
SW,59597,ws10,180,cell5_hilly,2,5,24327,30.5573,471,0.591627,14526,200,0
SW,59597,ws10,180,cell5_hilly,2,4,23717,29.7911,471,0.591627,14099,200,0
SW,59597,ws10,180,cell5_hilly,2,2,24084,30.2521,471,0.591627,14397,200,0
SW,59597,ws10,180,cell5_hilly,0,4,23718,29.7924,471,0.591627,14148,200,0
SW,59597,ws10,270,none,0,1,10645,13.3713,0,0.0,5336,200,0
SW,59597,ws10,270,none,0,2,10637,13.3612,0,0.0,5350,200,0
SW,59597,ws10,270,none,0,3,10495,13.1829,0,0.0,5239,200,0
SW,59597,ws10,270,none,0,4,10015,12.5799,0,0.0,4938,200,0
SW,59597,ws10,270,none,0,5,10569,13.2758,0,0.0,5327,200,0
SW,59597,ws10,270,random,0,1,9422,11.835,471,0.591627,4779,200,0
SW,59597,ws10,270,random,0,2,10574,13.2821,471,0.591627,5307,200,0
SW,59597,ws10,270,random,0,3,10380,13.0384,471,0.591627,5164,200,0
SW,59597,ws10,270,random,0,4,9910,12.448,471,0.591627,4847,200,0
SW,59597,ws10,270,random,0,5,10561,13.2658,471,0.591627,5325,200,0
SW,59597,ws10,270,random,2,1,10598,13.3122,471,0.591627,5322,200,0
SW,59597,ws10,270,random,2,2,10573,13.2808,471,0.591627,5278,200,0
SW,59597,ws10,270,random,2,3,10329,12.9743,471,0.591627,5147,200,0
SW,59597,ws10,180,cell5_hilly,0,5,24323,30.5523,471,0.591627,14532,200,0
SW,59597,ws10,270,random,2,4,9959,12.5096,471,0.591627,4907,200,0
SW,59597,ws10,270,random,2,5,10546,13.2469,471,0.591627,5312,200,0
SW,59597,ws10,180,cell5_hilly,2,1,24103,30.276,471,0.591627,14423,200,0
SW,59597,ws10,270,proximity,0,1,546,0.685835,471,0.591627,384,200,0
SW,59597,ws10,270,proximity,0,2,487,0.611725,471,0.591627,325,200,0
SW,59597,ws10,180,cell5_hilly,2,3,23881,29.9971,471,0.591627,14250,200,0
SW,59597,ws10,270,proximity,0,3,206,0.258758,471,0.591627,137,200,0
SW,59597,ws10,180,cell6_barriers,0,2,23950,30.0838,471,0.591627,14409,200,0
SW,59597,ws10,270,proximity,0,4,474,0.595395,471,0.591627,324,200,0
SW,59597,ws10,270,proximity,2,2,277,0.347942,471,0.591627,140,200,0
SW,59597,ws10,270,proximity,2,1,377,0.473553,471,0.591627,198,200,0
SW,59597,ws10,180,cell6_barriers,0,3,23856,29.9657,471,0.591627,14235,200,0
SW,59597,ws10,270,proximity,0,5,559,0.702164,471,0.591627,363,200,0
SW,59597,ws10,270,proximity,2,3,861,1.08151,471,0.591627,471,200,0
SW,59597,ws10,180,cell6_barriers,0,1,23891,30.0097,471,0.591627,14349,200,0
SW,59597,ws10,270,open_anchor,0,2,435,0.546407,471,0.591627,284,200,0
SW,59597,ws10,270,open_anchor,0,5,458,0.575297,471,0.591627,304,200,0
SW,59597,ws10,270,proximity,2,5,720,0.904398,471,0.591627,405,200,0
SW,59597,ws10,270,open_anchor,0,1,436,0.547663,471,0.591627,286,200,0
SW,59597,ws10,270,open_anchor,0,3,525,0.659457,471,0.591627,345,200,0
SW,59597,ws10,270,proximity,2,4,1221,1.53371,471,0.591627,504,200,0
SW,59597,ws10,270,open_anchor,0,4,494,0.620517,471,0.591627,319,200,0
SW,59597,ws10,270,open_anchor,2,2,595,0.747384,471,0.591627,303,200,0
SW,59597,ws10,270,open_anchor,2,4,611,0.767482,471,0.591627,324,200,0
SW,59597,ws10,270,open_anchor,2,3,544,0.683323,471,0.591627,291,200,0
SW,59597,ws10,270,open_anchor,2,1,547,0.687091,471,0.591627,289,200,0
SW,59597,ws10,270,open_anchor,2,5,574,0.721006,471,0.591627,303,200,0
SW,59597,ws10,270,cell1_baseline,0,3,487,0.611725,471,0.591627,337,200,0
SW,59597,ws10,270,cell1_baseline,0,1,555,0.69714,471,0.591627,344,200,0
SW,59597,ws10,270,cell1_baseline,0,4,451,0.566505,471,0.591627,304,200,0
SW,59597,ws10,270,cell1_baseline,0,2,1112,1.39679,471,0.591627,623,200,0
SW,59597,ws10,270,cell1_baseline,2,4,229,0.287649,471,0.591627,106,200,0
SW,59597,ws10,270,cell1_baseline,0,5,425,0.533846,471,0.591627,285,200,0
SW,59597,ws10,180,cell6_barriers,0,4,23731,29.8087,471,0.591627,14236,200,0
SW,59597,ws10,270,cell1_baseline,2,1,489,0.614237,471,0.591627,231,200,0
SW,59597,ws10,270,cell1_baseline,2,3,694,0.871739,471,0.591627,369,200,0
SW,59597,ws10,270,cell1_baseline,2,5,640,0.803909,471,0.591627,343,200,0
SW,59597,ws10,270,cell1_baseline,2,2,1355,1.70203,471,0.591627,566,200,0
SW,59597,ws10,180,cell6_barriers,0,5,24334,30.5661,471,0.591627,14573,200,0
SW,59597,ws10,270,cell2_ground,2,1,299,0.375576,471,0.591627,130,200,0
SW,59597,ws10,270,cell2_ground,0,2,550,0.690859,471,0.591627,339,200,0
SW,59597,ws10,270,cell2_ground,0,4,707,0.888068,471,0.591627,432,200,0
SW,59597,ws10,180,cell6_barriers,2,2,24101,30.2735,471,0.591627,14432,200,0
SW,59597,ws10,270,cell2_ground,0,1,1049,1.31766,471,0.591627,566,200,0
SW,59597,ws10,270,cell2_ground,2,4,217,0.272575,471,0.591627,107,200,0
SW,59597,ws10,270,cell2_ground,2,5,225,0.282624,471,0.591627,100,200,0
SW,59597,ws10,270,cell2_ground,0,3,1174,1.47467,471,0.591627,646,200,0
SW,59597,ws10,180,cell6_barriers,2,1,24122,30.2998,471,0.591627,14487,200,0
SW,59597,ws10,180,cell6_barriers,2,3,23912,30.0361,471,0.591627,14384,200,0
SW,59597,ws10,270,cell2_ground,2,2,6365,7.99513,471,0.591627,3270,200,0
SW,59597,ws10,270,cell2_ground,0,5,7905,9.92953,471,0.591627,4207,200,0
SW,59597,ws10,270,cell2_ground,2,3,7510,9.43337,471,0.591627,3849,200,0
SW,59597,ws10,270,cell4_highonly,0,1,148,0.185904,471,0.591627,104,200,0
SW,59597,ws10,270,cell4_highonly,0,3,119,0.149477,471,0.591627,85,200,0
SW,59597,ws10,270,cell3_lowonly,0,4,9926,12.4681,471,0.591627,4908,200,0
SW,59597,ws10,270,cell4_highonly,0,4,127,0.159526,471,0.591627,78,200,0
SW,59597,ws10,270,cell3_lowonly,0,1,10492,13.1791,471,0.591627,5254,200,0
SW,59597,ws10,270,cell3_lowonly,0,3,10435,13.1075,471,0.591627,5211,200,0
SW,59597,ws10,270,cell3_lowonly,0,5,10495,13.1829,471,0.591627,5261,200,0
SW,59597,ws10,270,cell3_lowonly,2,5,10487,13.1728,471,0.591627,5259,200,0
SW,59597,ws10,270,cell3_lowonly,0,2,10587,13.2984,471,0.591627,5267,200,0
SW,59597,ws10,180,cell6_barriers,2,4,23742,29.8225,471,0.591627,14176,200,0
SW,59597,ws10,270,cell3_lowonly,2,1,10590,13.3022,471,0.591627,5289,200,0
SW,59597,ws10,270,cell3_lowonly,2,4,9978,12.5334,471,0.591627,4905,200,0
SW,59597,ws10,270,cell4_highonly,2,1,153,0.192185,471,0.591627,76,200,0
SW,59597,ws10,270,cell3_lowonly,2,2,10522,13.2168,471,0.591627,5248,200,0
SW,59597,ws10,270,cell4_highonly,2,2,202,0.253734,471,0.591627,99,200,0
SW,59597,ws10,270,cell4_highonly,2,3,201,0.252478,471,0.591627,91,200,0
SW,59597,ws10,270,cell4_highonly,2,4,193,0.242429,471,0.591627,89,200,0
SW,59597,ws10,270,cell4_highonly,2,5,222,0.278856,471,0.591627,95,200,0
SW,59597,ws10,270,cell3_lowonly,2,3,10439,13.1125,471,0.591627,5213,200,0
SW,59597,ws10,270,cell4_highonly,0,2,9625,12.09,471,0.591627,5093,200,0
SW,59597,ws10,180,cell6_barriers,2,5,24372,30.6139,471,0.591627,14590,200,0
SW,59597,ws10,270,cell4_highonly,0,5,7888,9.90818,471,0.591627,4192,200,0
SW,59597,ws10,270,cell5_hilly,0,4,9942,12.4882,471,0.591627,4893,200,0
SW,59597,ws10,270,cell5_hilly,0,1,10563,13.2683,471,0.591627,5282,200,0
SW,59597,ws10,270,cell5_hilly,2,1,10554,13.257,471,0.591627,5254,200,0
SW,59597,ws10,270,cell6_barriers,0,1,10492,13.1791,471,0.591627,5254,200,0
SW,59597,ws10,270,cell5_hilly,0,2,10556,13.2595,471,0.591627,5282,200,0
SW,59597,ws10,270,cell5_hilly,0,3,10408,13.0736,471,0.591627,5197,200,0
SW,59597,ws10,270,cell5_hilly,0,5,10480,13.164,471,0.591627,5240,200,0
SW,59597,ws25,0,none,0,1,7487,9.40448,0,0.0,2933,200,0
SW,59597,ws10,270,cell5_hilly,2,4,9942,12.4882,471,0.591627,4896,200,0
SW,59597,ws25,0,none,0,3,7268,9.12939,0,0.0,2820,200,0
SW,59597,ws25,0,none,0,2,7393,9.28641,0,0.0,2857,200,0
SW,59597,ws10,270,cell5_hilly,2,2,10559,13.2632,471,0.591627,5284,200,0
SW,59597,ws10,270,cell5_hilly,2,3,10410,13.0761,471,0.591627,5208,200,0
SW,59597,ws25,0,none,0,4,7042,8.84551,0,0.0,2735,200,0
SW,59597,ws25,0,none,0,5,7475,9.38941,0,0.0,2994,200,0
SW,59597,ws10,270,cell5_hilly,2,5,10508,13.1992,471,0.591627,5267,200,0
SW,59597,ws25,0,random,0,2,7365,9.25123,471,0.591627,2855,200,0
SW,59597,ws25,0,random,0,1,7436,9.34042,471,0.591627,2916,200,0
SW,59597,ws25,0,random,0,3,7239,9.09296,471,0.591627,2801,200,0
SW,59597,ws25,0,random,0,4,7015,8.8116,471,0.591627,2713,200,0
SW,59597,ws25,0,random,0,5,7456,9.36554,471,0.591627,2981,200,0
SW,59597,ws25,0,random,2,1,7461,9.37182,471,0.591627,2931,200,0
SW,59597,ws25,0,random,2,2,7377,9.26631,471,0.591627,2847,200,0
SW,59597,ws25,0,random,2,4,7013,8.80908,471,0.591627,2727,200,0
SW,59597,ws25,0,random,2,3,7208,9.05403,471,0.591627,2781,200,0
SW,59597,ws10,270,cell6_barriers,0,2,10587,13.2984,471,0.591627,5267,200,0
SW,59597,ws25,0,random,2,5,7460,9.37056,471,0.591627,2977,200,0
SW,59597,ws25,0,proximity,0,4,31,0.0389393,471,0.591627,26,200,0
SW,59597,ws10,270,cell6_barriers,0,3,10435,13.1075,471,0.591627,5211,200,0
SW,59597,ws10,270,cell6_barriers,0,4,9926,12.4681,471,0.591627,4908,200,0
SW,59597,ws25,0,proximity,0,5,1500,1.88416,471,0.591627,852,200,0
SW,59597,ws25,0,proximity,0,2,2241,2.81494,471,0.591627,1362,200,0
SW,59597,ws25,0,proximity,0,3,2269,2.85011,471,0.591627,1367,200,0
SW,59597,ws25,0,proximity,0,1,2888,3.62764,471,0.591627,1667,200,0
SW,59597,ws25,0,proximity,2,1,3056,3.83867,471,0.591627,1506,200,0
SW,59597,ws25,0,proximity,2,3,2720,3.41661,471,0.591627,1319,200,0
SW,59597,ws10,270,cell6_barriers,0,5,10495,13.1829,471,0.591627,5261,200,0
SW,59597,ws10,270,cell6_barriers,2,2,10522,13.2168,471,0.591627,5248,200,0
SW,59597,ws10,270,cell6_barriers,2,5,10487,13.1728,471,0.591627,5259,200,0
SW,59597,ws25,0,proximity,2,2,2713,3.40782,471,0.591627,1381,200,0
SW,59597,ws25,0,open_anchor,0,2,79,0.0992325,471,0.591627,57,200,0
SW,59597,ws10,270,cell6_barriers,2,4,9978,12.5334,471,0.591627,4905,200,0
SW,59597,ws10,270,cell6_barriers,2,3,10439,13.1125,471,0.591627,5213,200,0
SW,59597,ws10,270,cell6_barriers,2,1,10590,13.3022,471,0.591627,5289,200,0
SW,59597,ws25,0,open_anchor,0,5,78,0.0979764,471,0.591627,66,200,0
SW,59597,ws25,0,proximity,2,4,2362,2.96693,471,0.591627,1181,200,0
SW,59597,ws25,0,open_anchor,2,5,168,0.211026,471,0.591627,78,200,0
SW,59597,ws25,0,proximity,2,5,1862,2.33887,471,0.591627,1089,200,0
SW,59597,ws25,0,cell1_baseline,0,5,89,0.111794,471,0.591627,65,200,0
SW,59597,ws25,0,cell1_baseline,0,4,319,0.400698,471,0.591627,216,200,0
SW,59597,ws25,0,open_anchor,2,1,1514,1.90175,471,0.591627,665,200,0
SW,59597,ws25,0,cell1_baseline,0,3,415,0.521285,471,0.591627,278,200,0
SW,59597,ws25,0,open_anchor,0,4,2644,3.32115,471,0.591627,1352,200,0
SW,59597,ws25,0,open_anchor,0,1,2328,2.92422,471,0.591627,1235,200,0
SW,59597,ws25,0,open_anchor,2,3,2126,2.67049,471,0.591627,833,200,0
SW,59597,ws25,0,open_anchor,0,3,2147,2.69686,471,0.591627,1161,200,0
SW,59597,ws25,0,open_anchor,2,4,2015,2.53106,471,0.591627,892,200,0
SW,59597,ws25,0,open_anchor,2,2,2179,2.73706,471,0.591627,955,200,0
SW,59597,ws25,0,cell1_baseline,0,1,2124,2.66797,471,0.591627,1195,200,0
SW,59597,ws25,0,cell2_ground,0,4,76,0.0954642,471,0.591627,59,200,0
SW,59597,ws25,0,cell1_baseline,0,2,1659,2.08388,471,0.591627,1009,200,0
SW,59597,ws25,0,cell1_baseline,2,4,1381,1.73468,471,0.591627,665,200,0
SW,59597,ws25,0,cell1_baseline,2,3,1710,2.14794,471,0.591627,844,200,0
SW,59597,ws25,0,cell1_baseline,2,1,3768,4.73301,471,0.591627,1658,200,0
SW,59597,ws25,0,cell1_baseline,2,2,3438,4.3185,471,0.591627,1608,200,0
SW,59597,ws25,0,cell2_ground,0,3,3944,4.95409,471,0.591627,1821,200,0
SW,59597,ws25,0,cell1_baseline,2,5,3949,4.96037,471,0.591627,1857,200,0
SW,59597,ws25,0,cell2_ground,0,2,5568,6.99401,471,0.591627,2513,200,0
SW,59597,ws25,0,cell2_ground,2,2,4665,5.85974,471,0.591627,1873,200,0
SW,59597,ws25,0,cell2_ground,0,1,5169,6.49282,471,0.591627,2461,200,0
SW,59597,ws25,0,cell2_ground,2,5,2746,3.44927,471,0.591627,1330,200,0
SW,59597,ws25,0,cell2_ground,2,4,5297,6.6536,471,0.591627,2365,200,0
SW,59597,ws25,0,cell2_ground,2,1,5456,6.85332,471,0.591627,2211,200,0
SW,59597,ws25,0,cell2_ground,2,3,5119,6.43002,471,0.591627,2266,200,0
SW,59597,ws25,0,cell2_ground,0,5,6138,7.70999,471,0.591627,2681,200,0
SW,59597,ws25,0,cell4_highonly,0,3,81,0.101745,471,0.591627,57,200,0
SW,59597,ws25,0,cell4_highonly,0,2,136,0.170831,471,0.591627,89,200,0
SW,59597,ws25,0,cell4_highonly,0,4,28,0.035171,471,0.591627,24,200,0
SW,59597,ws25,0,cell4_highonly,0,5,74,0.092952,471,0.591627,58,200,0
SW,59597,ws25,0,cell3_lowonly,0,2,7345,9.22611,471,0.591627,2840,200,0
SW,59597,ws25,0,cell3_lowonly,0,1,7388,9.28012,471,0.591627,2896,200,0
SW,59597,ws25,0,cell3_lowonly,0,3,7246,9.10176,471,0.591627,2786,200,0
SW,59597,ws25,0,cell4_highonly,2,2,271,0.340405,471,0.591627,109,200,0
SW,59597,ws25,0,cell4_highonly,2,3,178,0.223587,471,0.591627,76,200,0
SW,59597,ws25,0,cell4_highonly,2,4,93,0.116818,471,0.591627,43,200,0
SW,59597,ws25,0,cell3_lowonly,0,4,6996,8.78773,471,0.591627,2711,200,0
SW,59597,ws25,0,cell4_highonly,2,5,128,0.160782,471,0.591627,66,200,0
SW,59597,ws25,0,cell4_highonly,2,1,3047,3.82736,471,0.591627,846,200,0
SW,59597,ws25,0,cell3_lowonly,0,5,7424,9.32534,471,0.591627,2950,200,0
SW,59597,ws25,0,cell3_lowonly,2,2,7351,9.23365,471,0.591627,2830,200,0
SW,59597,ws25,0,cell3_lowonly,2,1,7461,9.37182,471,0.591627,2913,200,0
SW,59597,ws25,0,cell3_lowonly,2,4,7015,8.8116,471,0.591627,2709,200,0
SW,59597,ws25,0,cell3_lowonly,2,3,7253,9.11055,471,0.591627,2812,200,0
SW,59597,ws25,0,cell3_lowonly,2,5,7439,9.34419,471,0.591627,2968,200,0
SW,59597,ws25,0,cell4_highonly,0,1,6102,7.66477,471,0.591627,2578,200,0
SW,59597,ws25,0,cell5_hilly,0,2,7326,9.20225,471,0.591627,2833,200,0
SW,59597,ws25,0,cell5_hilly,0,1,7423,9.32409,471,0.591627,2908,200,0
SW,59597,ws25,0,cell5_hilly,0,4,6998,8.79024,471,0.591627,2727,200,0
SW,59597,ws25,0,cell5_hilly,0,3,7223,9.07287,471,0.591627,2799,200,0
SW,59597,ws25,0,cell5_hilly,0,5,7416,9.3153,471,0.591627,2956,200,0
SW,59597,ws25,0,cell5_hilly,2,1,7435,9.33916,471,0.591627,2921,200,0
SW,59597,ws25,0,cell5_hilly,2,2,7339,9.21858,471,0.591627,2832,200,0
SW,59597,ws25,90,none,0,1,25068,31.4881,0,0.0,13683,200,0
SW,59597,ws25,0,cell5_hilly,2,5,7412,9.31027,471,0.591627,2962,200,0
SW,59597,ws25,0,cell5_hilly,2,3,7226,9.07663,471,0.591627,2793,200,0
SW,59597,ws25,90,none,0,2,24876,31.2469,0,0.0,13531,200,0
SW,59597,ws25,90,none,0,3,24866,31.2344,0,0.0,13627,200,0
SW,59597,ws25,0,cell5_hilly,2,4,6996,8.78773,471,0.591627,2714,200,0
SW,59597,ws25,90,none,0,4,24518,30.7973,0,0.0,13427,200,0
SW,59597,ws25,0,cell6_barriers,0,1,7388,9.28012,471,0.591627,2896,200,0
SW,59597,ws25,90,none,0,5,24731,31.0648,0,0.0,13515,200,0
SW,59597,ws25,90,random,0,1,24966,31.36,471,0.591627,13543,200,0
SW,59597,ws25,0,cell6_barriers,0,2,7345,9.22611,471,0.591627,2840,200,0
SW,59597,ws25,0,cell6_barriers,0,3,7246,9.10176,471,0.591627,2786,200,0
SW,59597,ws25,0,cell6_barriers,0,4,6996,8.78773,471,0.591627,2711,200,0
SW,59597,ws25,90,random,2,1,24977,31.3738,471,0.591627,13537,200,0
SW,59597,ws25,90,random,0,2,24668,30.9857,471,0.591627,13350,200,0
SW,59597,ws25,90,random,2,2,24605,30.9065,471,0.591627,13285,200,0
SW,59597,ws25,90,random,0,3,24648,30.9605,471,0.591627,13453,200,0
SW,59597,ws25,90,random,0,4,24380,30.6239,471,0.591627,13343,200,0
SW,59597,ws25,90,random,0,5,24620,30.9254,471,0.591627,13414,200,0
SW,59597,ws25,90,random,2,3,24682,31.0033,471,0.591627,13423,200,0
SW,59597,ws25,90,random,2,5,24633,30.9417,471,0.591627,13380,200,0
SW,59597,ws25,90,random,2,4,24361,30.6,471,0.591627,13258,200,0
SW,59597,ws25,0,cell6_barriers,2,1,7461,9.37182,471,0.591627,2913,200,0
SW,59597,ws25,90,proximity,0,3,830,1.04257,471,0.591627,588,200,0
SW,59597,ws25,0,cell6_barriers,2,2,7351,9.23365,471,0.591627,2830,200,0
SW,59597,ws25,0,cell6_barriers,0,5,7424,9.32534,471,0.591627,2950,200,0
SW,59597,ws25,0,cell6_barriers,2,3,7253,9.11055,471,0.591627,2812,200,0
SW,59597,ws25,90,proximity,2,5,192,0.241173,471,0.591627,96,200,0
SW,59597,ws25,0,cell6_barriers,2,4,7015,8.8116,471,0.591627,2709,200,0
SW,59597,ws25,0,cell6_barriers,2,5,7439,9.34419,471,0.591627,2968,200,0
SW,59597,ws25,90,open_anchor,0,5,197,0.247453,471,0.591627,128,200,0
SW,59597,ws25,90,open_anchor,0,4,288,0.361759,471,0.591627,188,200,0
SW,59597,ws25,90,open_anchor,2,1,137,0.172087,471,0.591627,67,200,0
SW,59597,ws25,90,proximity,0,1,4557,5.72408,471,0.591627,3044,200,0
SW,59597,ws25,90,open_anchor,2,5,295,0.370552,471,0.591627,125,200,0
SW,59597,ws25,90,proximity,0,2,8722,10.9558,471,0.591627,5743,200,0
SW,59597,ws25,90,proximity,2,1,12194,15.317,471,0.591627,7343,200,0
SW,59597,ws25,90,proximity,2,3,14219,17.8606,471,0.591627,8535,200,0
SW,59597,ws25,90,proximity,2,4,13532,16.9977,471,0.591627,8042,200,0
SW,59597,ws25,90,cell1_baseline,0,4,319,0.400698,471,0.591627,187,200,0
SW,59597,ws25,90,open_anchor,0,1,15992,20.0877,471,0.591627,9717,200,0
SW,59597,ws25,90,open_anchor,0,3,13649,17.1446,471,0.591627,8511,200,0
SW,59597,ws25,90,proximity,2,2,17214,21.6226,471,0.591627,9889,200,0
SW,59597,ws25,90,proximity,0,5,15965,20.0538,471,0.591627,9869,200,0
SW,59597,ws25,90,open_anchor,0,2,17717,22.2545,471,0.591627,10494,200,0
SW,59597,ws25,90,cell1_baseline,0,2,13792,17.3242,471,0.591627,7843,200,0
SW,59597,ws25,90,open_anchor,2,3,15722,19.7485,471,0.591627,9261,200,0
SW,59597,ws25,90,open_anchor,2,2,14251,17.9008,471,0.591627,8529,200,0
SW,59597,ws25,90,proximity,0,4,19027,23.9,471,0.591627,11566,200,0
SW,59597,ws25,90,open_anchor,2,4,15842,19.8993,471,0.591627,9303,200,0
SW,59597,ws25,90,cell2_ground,0,5,83,0.104257,471,0.591627,57,200,0
SW,59597,ws25,90,cell1_baseline,0,1,17442,21.909,471,0.591627,10317,200,0
SW,59597,ws25,90,cell1_baseline,2,2,15262,19.1707,471,0.591627,9152,200,0
SW,59597,ws25,90,cell1_baseline,2,4,12942,16.2565,471,0.591627,7909,200,0
SW,59597,ws25,90,cell1_baseline,0,3,15204,19.0979,471,0.591627,9438,200,0
SW,59597,ws25,90,cell1_baseline,2,1,15127,19.0011,471,0.591627,9045,200,0
SW,59597,ws25,90,cell1_baseline,2,5,14376,18.0578,471,0.591627,8420,200,0
SW,59597,ws25,90,cell1_baseline,0,5,17356,21.801,471,0.591627,10529,200,0
SW,59597,ws25,90,cell1_baseline,2,3,20265,25.455,471,0.591627,11198,200,0
SW,59597,ws25,90,cell2_ground,0,2,20995,26.372,471,0.591627,11800,200,0
SW,59597,ws25,90,cell2_ground,2,1,18421,23.1388,471,0.591627,10552,200,0
SW,59597,ws25,90,cell2_ground,0,1,21616,27.152,471,0.591627,12484,200,0
SW,59597,ws25,90,cell2_ground,0,4,21962,27.5866,471,0.591627,12554,200,0
SW,59597,ws25,90,cell2_ground,2,2,22268,27.971,471,0.591627,12059,200,0
SW,59597,ws25,90,cell2_ground,2,3,18877,23.7115,471,0.591627,10869,200,0
SW,59597,ws25,90,cell2_ground,0,3,21250,26.6923,471,0.591627,12356,200,0
SW,59597,ws25,90,cell4_highonly,0,1,49,0.0615493,471,0.591627,36,200,0
SW,59597,ws25,90,cell3_lowonly,0,2,24695,31.0196,471,0.591627,13295,200,0
SW,59597,ws25,90,cell4_highonly,0,2,53,0.0665737,471,0.591627,39,200,0
SW,59597,ws25,90,cell4_highonly,0,5,39,0.0489882,471,0.591627,31,200,0
SW,59597,ws25,90,cell4_highonly,0,3,102,0.128123,471,0.591627,66,200,0
SW,59597,ws25,90,cell4_highonly,2,1,171,0.214794,471,0.591627,72,200,0
SW,59597,ws25,90,cell4_highonly,2,2,130,0.163294,471,0.591627,54,200,0
SW,59597,ws25,90,cell4_highonly,2,3,763,0.95841,471,0.591627,225,200,0
SW,59597,ws25,90,cell2_ground,2,4,20389,25.6108,471,0.591627,11777,200,0
SW,59597,ws25,90,cell2_ground,2,5,21364,26.8355,471,0.591627,11866,200,0
SW,59597,ws25,90,cell4_highonly,2,5,111,0.139428,471,0.591627,49,200,0
SW,59597,ws25,90,cell4_highonly,2,4,315,0.395674,471,0.591627,127,200,0
SW,59597,ws25,90,cell3_lowonly,0,3,24722,31.0535,471,0.591627,13498,200,0
SW,59597,ws25,90,cell3_lowonly,0,4,24397,30.6453,471,0.591627,13343,200,0
SW,59597,ws25,90,cell3_lowonly,0,1,24806,31.159,471,0.591627,13396,200,0
SW,59597,ws25,90,cell3_lowonly,0,5,24605,30.9065,471,0.591627,13365,200,0
SW,59597,ws25,90,cell3_lowonly,2,5,24592,30.8902,471,0.591627,13322,200,0
SW,59597,ws25,90,cell3_lowonly,2,1,24919,31.301,471,0.591627,13484,200,0
SW,59597,ws25,90,cell3_lowonly,2,2,24708,31.0359,471,0.591627,13335,200,0
SW,59597,ws25,90,cell3_lowonly,2,3,24617,30.9216,471,0.591627,13470,200,0
SW,59597,ws25,90,cell4_highonly,0,4,22475,28.231,471,0.591627,12100,200,0
SW,59597,ws25,90,cell3_lowonly,2,4,24392,30.639,471,0.591627,13340,200,0
SW,59597,ws25,90,cell5_hilly,0,3,24460,30.7244,471,0.591627,13333,200,0
SW,59597,ws25,90,cell5_hilly,0,2,24473,30.7407,471,0.591627,13243,200,0
SW,59597,ws25,90,cell5_hilly,0,4,24161,30.3488,471,0.591627,13212,200,0
SW,59597,ws25,90,cell5_hilly,0,1,24693,31.0171,471,0.591627,13363,200,0
SW,59597,ws25,90,cell5_hilly,0,5,24435,30.693,471,0.591627,13294,200,0
SW,59597,ws25,90,cell5_hilly,2,1,24683,31.0045,471,0.591627,13407,200,0
SW,59597,ws25,90,cell5_hilly,2,2,24513,30.791,471,0.591627,13280,200,0
SW,59597,ws25,180,none,0,1,20410,25.6372,0,0.0,11444,200,0
SW,59597,ws25,180,none,0,2,20274,25.4663,0,0.0,11425,200,0
SW,59597,ws25,90,cell6_barriers,0,4,24397,30.6453,471,0.591627,13343,200,0
SW,59597,ws25,180,none,0,3,20055,25.1912,0,0.0,11252,200,0
SW,59597,ws25,180,none,0,4,19683,24.724,0,0.0,11025,200,0
SW,59597,ws25,180,none,0,5,19963,25.0757,0,0.0,11167,200,0
SW,59597,ws25,180,random,0,2,20186,25.3558,471,0.591627,11265,200,0
SW,59597,ws25,180,random,0,1,20326,25.5316,471,0.591627,11302,200,0
SW,59597,ws25,180,random,0,3,19829,24.9074,471,0.591627,11130,200,0
SW,59597,ws25,180,random,0,4,19621,24.6461,471,0.591627,10998,200,0
SW,59597,ws25,180,random,0,5,19857,24.9425,471,0.591627,11027,200,0
SW,59597,ws25,180,random,2,2,20158,25.3206,471,0.591627,11307,200,0
SW,59597,ws25,180,random,2,1,20329,25.5354,471,0.591627,11330,200,0
SW,59597,ws25,180,random,2,3,19945,25.0531,471,0.591627,11133,200,0
SW,59597,ws25,180,random,2,4,19635,24.6637,471,0.591627,10979,200,0
SW,59597,ws25,180,random,2,5,19840,24.9212,471,0.591627,11028,200,0
SW,59597,ws25,90,cell5_hilly,2,3,24479,30.7483,471,0.591627,13333,200,0
SW,59597,ws25,90,cell5_hilly,2,4,24398,30.6465,471,0.591627,13409,200,0
SW,59597,ws25,90,cell6_barriers,0,3,24722,31.0535,471,0.591627,13498,200,0
SW,59597,ws25,90,cell5_hilly,2,5,24398,30.6465,471,0.591627,13305,200,0
SW,59597,ws25,90,cell6_barriers,0,2,24695,31.0196,471,0.591627,13295,200,0
SW,59597,ws25,180,proximity,0,4,32,0.0401955,471,0.591627,26,200,0
SW,59597,ws25,180,proximity,2,1,134,0.168318,471,0.591627,62,200,0
SW,59597,ws25,180,proximity,0,1,3407,4.27956,471,0.591627,2232,200,0
SW,59597,ws25,90,cell6_barriers,0,1,24806,31.159,471,0.591627,13396,200,0
SW,59597,ws25,180,proximity,2,4,215,0.270063,471,0.591627,81,200,0
SW,59597,ws25,90,cell6_barriers,2,3,24617,30.9216,471,0.591627,13470,200,0
SW,59597,ws25,180,proximity,2,3,741,0.930776,471,0.591627,346,200,0
SW,59597,ws25,90,cell6_barriers,0,5,24605,30.9065,471,0.591627,13365,200,0
SW,59597,ws25,180,open_anchor,0,3,323,0.405723,471,0.591627,215,200,0
SW,59597,ws25,180,open_anchor,0,4,266,0.334125,471,0.591627,179,200,0
SW,59597,ws25,90,cell6_barriers,2,1,24919,31.301,471,0.591627,13484,200,0
SW,59597,ws25,180,open_anchor,0,1,1664,2.09016,471,0.591627,1078,200,0
SW,59597,ws25,90,cell6_barriers,2,2,24708,31.0359,471,0.591627,13335,200,0
SW,59597,ws25,180,proximity,0,2,11836,14.8673,471,0.591627,7976,200,0
SW,59597,ws25,180,open_anchor,2,4,540,0.678298,471,0.591627,277,200,0
SW,59597,ws25,180,cell1_baseline,0,1,230,0.288905,471,0.591627,157,200,0
SW,59597,ws25,180,open_anchor,2,5,420,0.527565,471,0.591627,192,200,0
SW,59597,ws25,180,proximity,0,5,6099,7.661,471,0.591627,4179,200,0
SW,59597,ws25,90,cell6_barriers,2,4,24392,30.639,471,0.591627,13340,200,0
SW,59597,ws25,180,open_anchor,0,2,6717,8.43728,471,0.591627,4431,200,0
SW,59597,ws25,180,open_anchor,2,3,2741,3.44299,471,0.591627,1700,200,0
SW,59597,ws25,180,proximity,0,3,10249,12.8738,471,0.591627,6880,200,0
SW,59597,ws25,180,proximity,2,2,9556,12.0034,471,0.591627,6135,200,0
SW,59597,ws25,180,open_anchor,2,2,5051,6.3446,471,0.591627,3207,200,0
SW,59597,ws25,180,cell1_baseline,2,3,579,0.727286,471,0.591627,233,200,0
SW,59597,ws25,90,cell6_barriers,2,5,24592,30.8902,471,0.591627,13322,200,0
SW,59597,ws25,180,open_anchor,0,5,9116,11.4507,471,0.591627,6094,200,0
SW,59597,ws25,180,proximity,2,5,13451,16.8959,471,0.591627,8335,200,0
SW,59597,ws25,180,cell2_ground,0,1,624,0.783811,471,0.591627,362,200,0
SW,59597,ws25,180,cell1_baseline,0,2,9881,12.4116,471,0.591627,5803,200,0
SW,59597,ws25,180,open_anchor,2,1,11717,14.7178,471,0.591627,7317,200,0
SW,59597,ws25,180,cell1_baseline,2,4,9740,12.2345,471,0.591627,6204,200,0
SW,59597,ws25,180,cell1_baseline,0,4,12139,15.2479,471,0.591627,8232,200,0
SW,59597,ws25,180,cell1_baseline,0,3,14408,18.098,471,0.591627,9217,200,0
SW,59597,ws25,180,cell1_baseline,2,5,12071,15.1625,471,0.591627,7498,200,0
SW,59597,ws25,180,cell2_ground,0,2,13953,17.5265,471,0.591627,7870,200,0
SW,59597,ws25,180,cell1_baseline,2,2,15966,20.055,471,0.591627,9700,200,0
SW,59597,ws25,180,cell1_baseline,0,5,16620,20.8765,471,0.591627,10045,200,0
SW,59597,ws25,180,cell1_baseline,2,1,16249,20.4105,471,0.591627,9852,200,0
SW,59597,ws25,180,cell2_ground,0,4,15551,19.5337,471,0.591627,9163,200,0
SW,59597,ws25,180,cell2_ground,0,5,15841,19.898,471,0.591627,9257,200,0
SW,59597,ws25,180,cell2_ground,2,1,15121,18.9936,471,0.591627,9123,200,0
SW,59597,ws25,180,cell2_ground,0,3,17264,21.6854,471,0.591627,9952,200,0
SW,59597,ws25,180,cell2_ground,2,3,17385,21.8374,471,0.591627,10014,200,0
SW,59597,ws25,180,cell2_ground,2,2,18604,23.3686,471,0.591627,10364,200,0
SW,59597,ws25,180,cell4_highonly,0,1,52,0.0653176,471,0.591627,37,200,0
SW,59597,ws25,180,cell4_highonly,0,3,68,0.0854153,471,0.591627,48,200,0
SW,59597,ws25,180,cell4_highonly,0,2,90,0.11305,471,0.591627,63,200,0
SW,59597,ws25,180,cell4_highonly,0,4,32,0.0401955,471,0.591627,27,200,0
SW,59597,ws25,180,cell4_highonly,0,5,51,0.0640615,471,0.591627,39,200,0
SW,59597,ws25,180,cell2_ground,2,4,14090,17.6986,471,0.591627,8578,200,0
SW,59597,ws25,180,cell4_highonly,2,1,148,0.185904,471,0.591627,59,200,0
SW,59597,ws25,180,cell4_highonly,2,2,152,0.190928,471,0.591627,63,200,0
SW,59597,ws25,180,cell4_highonly,2,4,101,0.126867,471,0.591627,46,200,0
SW,59597,ws25,180,cell4_highonly,2,3,118,0.148221,471,0.591627,59,200,0
SW,59597,ws25,180,cell4_highonly,2,5,131,0.16455,471,0.591627,57,200,0
SW,59597,ws25,180,cell2_ground,2,5,18232,22.9014,471,0.591627,10395,200,0
SW,59597,ws25,180,cell3_lowonly,0,1,20300,25.499,471,0.591627,11333,200,0
SW,59597,ws25,180,cell3_lowonly,0,2,20132,25.288,471,0.591627,11209,200,0
SW,59597,ws25,180,cell3_lowonly,0,3,19913,25.0129,471,0.591627,11151,200,0
SW,59597,ws25,180,cell3_lowonly,0,4,19561,24.5707,471,0.591627,10877,200,0
SW,59597,ws25,180,cell3_lowonly,2,2,20187,25.357,471,0.591627,11368,200,0
SW,59597,ws25,180,cell3_lowonly,0,5,19827,24.9049,471,0.591627,11007,200,0
SW,59597,ws25,180,cell3_lowonly,2,3,19933,25.038,471,0.591627,11124,200,0
SW,59597,ws25,180,cell3_lowonly,2,1,20294,25.4915,471,0.591627,11362,200,0
SW,59597,ws25,180,cell3_lowonly,2,4,19569,24.5808,471,0.591627,10922,200,0
SW,59597,ws25,180,cell3_lowonly,2,5,19870,24.9589,471,0.591627,11080,200,0
SW,59597,ws25,180,cell5_hilly,0,2,20130,25.2854,471,0.591627,11245,200,0
SW,59597,ws25,180,cell5_hilly,0,3,19902,24.9991,471,0.591627,11063,200,0
SW,59597,ws25,180,cell5_hilly,0,1,20281,25.4751,471,0.591627,11295,200,0
SW,59597,ws25,180,cell5_hilly,0,5,19793,24.8621,471,0.591627,10972,200,0
SW,59597,ws25,180,cell5_hilly,0,4,19501,24.4954,471,0.591627,10815,200,0
SW,59597,ws25,180,cell5_hilly,2,2,20138,25.2955,471,0.591627,11209,200,0
SW,59597,ws25,180,cell5_hilly,2,3,19914,25.0141,471,0.591627,11062,200,0
SW,59597,ws25,270,none,0,1,5245,6.58829,0,0.0,1798,200,0
SW,59597,ws25,270,none,0,2,5214,6.54935,0,0.0,1787,200,0
SW,59597,ws25,270,none,0,3,5090,6.39359,0,0.0,1718,200,0
SW,59597,ws25,180,cell6_barriers,0,1,20300,25.499,471,0.591627,11333,200,0
SW,59597,ws25,270,none,0,4,4826,6.06198,0,0.0,1638,200,0
SW,59597,ws25,270,none,0,5,4980,6.25542,0,0.0,1675,200,0
SW,59597,ws25,180,cell5_hilly,2,5,19827,24.9049,471,0.591627,10907,200,0
SW,59597,ws25,270,random,0,1,4617,5.79945,471,0.591627,1581,200,0
SW,59597,ws25,270,random,0,2,5193,6.52297,471,0.591627,1782,200,0
SW,59597,ws25,270,random,0,4,4625,5.8095,471,0.591627,1536,200,0
SW,59597,ws25,270,random,0,3,5063,6.35967,471,0.591627,1690,200,0
SW,59597,ws25,270,random,0,5,4977,6.25165,471,0.591627,1674,200,0
SW,59597,ws25,270,random,2,1,4615,5.79694,471,0.591627,1573,200,0
SW,59597,ws25,270,random,2,2,5193,6.52297,471,0.591627,1773,200,0
SW,59597,ws25,180,cell5_hilly,2,4,19499,24.4928,471,0.591627,10804,200,0
SW,59597,ws25,270,random,2,3,5066,6.36344,471,0.591627,1720,200,0
SW,59597,ws25,270,random,2,4,4803,6.03309,471,0.591627,1631,200,0
SW,59597,ws25,270,random,2,5,4974,6.24788,471,0.591627,1666,200,0
SW,59597,ws25,180,cell6_barriers,0,3,19913,25.0129,471,0.591627,11151,200,0
SW,59597,ws25,180,cell5_hilly,2,1,20283,25.4776,471,0.591627,11240,200,0
SW,59597,ws25,180,cell6_barriers,0,2,20132,25.288,471,0.591627,11209,200,0
SW,59597,ws25,180,cell6_barriers,0,4,19561,24.5707,471,0.591627,10877,200,0
SW,59597,ws25,270,proximity,0,3,68,0.0854153,471,0.591627,47,200,0
SW,59597,ws25,270,proximity,0,2,416,0.522541,471,0.591627,299,200,0
SW,59597,ws25,270,proximity,0,4,377,0.473553,471,0.591627,228,200,0
SW,59597,ws25,270,proximity,0,1,527,0.661969,471,0.591627,375,200,0
SW,59597,ws25,270,proximity,0,5,374,0.469784,471,0.591627,270,200,0
SW,59597,ws25,270,proximity,2,2,226,0.28388,471,0.591627,104,200,0
SW,59597,ws25,270,proximity,2,4,381,0.478577,471,0.591627,204,200,0
SW,59597,ws25,270,proximity,2,3,564,0.708445,471,0.591627,294,200,0
SW,59597,ws25,270,proximity,2,1,691,0.86797,471,0.591627,330,200,0
SW,59597,ws25,270,proximity,2,5,562,0.705933,471,0.591627,316,200,0
SW,59597,ws25,270,open_anchor,0,1,597,0.749896,471,0.591627,367,200,0
SW,59597,ws25,270,open_anchor,0,3,325,0.408235,471,0.591627,216,200,0
SW,59597,ws25,270,open_anchor,0,2,288,0.361759,471,0.591627,205,200,0
SW,59597,ws25,270,open_anchor,0,4,294,0.369296,471,0.591627,186,200,0
SW,59597,ws25,270,open_anchor,0,5,324,0.406979,471,0.591627,223,200,0
SW,59597,ws25,270,open_anchor,2,1,421,0.528821,471,0.591627,218,200,0
SW,59597,ws25,270,open_anchor,2,2,477,0.599163,471,0.591627,234,200,0
SW,59597,ws25,180,cell6_barriers,0,5,19827,24.9049,471,0.591627,11007,200,0
SW,59597,ws25,270,open_anchor,2,3,418,0.525053,471,0.591627,204,200,0
SW,59597,ws25,270,open_anchor,2,5,456,0.572785,471,0.591627,229,200,0
SW,59597,ws25,270,open_anchor,2,4,432,0.542639,471,0.591627,215,200,0
SW,59597,ws25,270,cell1_baseline,0,1,342,0.429589,471,0.591627,249,200,0
SW,59597,ws25,270,cell1_baseline,2,1,513,0.644383,471,0.591627,269,200,0
SW,59597,ws25,270,cell1_baseline,0,2,276,0.346686,471,0.591627,187,200,0
SW,59597,ws25,270,cell1_baseline,2,2,254,0.319051,471,0.591627,107,200,0
SW,59597,ws25,270,cell1_baseline,0,3,342,0.429589,471,0.591627,231,200,0
SW,59597,ws25,270,cell1_baseline,0,4,537,0.67453,471,0.591627,315,200,0
SW,59597,ws25,270,cell1_baseline,0,5,366,0.459735,471,0.591627,232,200,0
SW,59597,ws25,270,cell1_baseline,2,4,484,0.607956,471,0.591627,270,200,0
SW,59597,ws25,270,cell2_ground,0,4,349,0.438382,471,0.591627,212,200,0
SW,59597,ws25,270,cell1_baseline,2,5,486,0.610468,471,0.591627,244,200,0
SW,59597,ws25,270,cell2_ground,0,1,359,0.450943,471,0.591627,230,200,0
SW,59597,ws25,270,cell1_baseline,2,3,669,0.840336,471,0.591627,370,200,0
SW,59597,ws25,270,cell2_ground,2,1,236,0.296441,471,0.591627,100,200,0
SW,59597,ws25,270,cell2_ground,0,2,606,0.761201,471,0.591627,363,200,0
SW,59597,ws25,270,cell2_ground,0,3,415,0.521285,471,0.591627,269,200,0
SW,59597,ws25,270,cell2_ground,0,5,359,0.450943,471,0.591627,221,200,0
SW,59597,ws25,270,cell2_ground,2,5,184,0.231124,471,0.591627,69,200,0
SW,59597,ws25,270,cell2_ground,2,2,259,0.325332,471,0.591627,106,200,0
SW,59597,ws25,270,cell2_ground,2,4,197,0.247453,471,0.591627,87,200,0
SW,59597,ws25,270,cell2_ground,2,3,1459,1.83266,471,0.591627,425,200,0
SW,59597,ws25,180,cell6_barriers,2,4,19569,24.5808,471,0.591627,10922,200,0
SW,59597,ws25,180,cell6_barriers,2,2,20187,25.357,471,0.591627,11368,200,0
SW,59597,ws25,180,cell6_barriers,2,1,20294,25.4915,471,0.591627,11362,200,0
SW,59597,ws25,180,cell6_barriers,2,3,19933,25.038,471,0.591627,11124,200,0
SW,59597,ws25,270,cell3_lowonly,0,1,5172,6.49659,471,0.591627,1774,200,0
SW,59597,ws25,270,cell3_lowonly,0,4,4763,5.98284,471,0.591627,1611,200,0
SW,59597,ws25,270,cell3_lowonly,0,3,5035,6.3245,471,0.591627,1700,200,0
SW,59597,ws25,270,cell3_lowonly,0,2,5164,6.48654,471,0.591627,1779,200,0
SW,59597,ws25,270,cell3_lowonly,0,5,4863,6.10845,471,0.591627,1642,200,0
SW,59597,ws25,270,cell4_highonly,0,1,106,0.133147,471,0.591627,72,200,0
SW,59597,ws25,270,cell3_lowonly,2,1,5221,6.55814,471,0.591627,1772,200,0
SW,59597,ws25,270,cell3_lowonly,2,3,5072,6.37098,471,0.591627,1704,200,0
SW,59597,ws25,270,cell4_highonly,0,5,45,0.0565249,471,0.591627,33,200,0
SW,59597,ws25,270,cell3_lowonly,2,2,5188,6.51669,471,0.591627,1750,200,0
SW,59597,ws25,270,cell4_highonly,2,1,159,0.199721,471,0.591627,76,200,0
SW,59597,ws25,270,cell4_highonly,0,3,64,0.0803909,471,0.591627,42,200,0
SW,59597,ws25,270,cell4_highonly,2,2,154,0.193441,471,0.591627,71,200,0
SW,59597,ws25,270,cell3_lowonly,2,4,4808,6.03937,471,0.591627,1626,200,0
SW,59597,ws25,270,cell4_highonly,2,4,233,0.292673,471,0.591627,94,200,0
SW,59597,ws25,270,cell4_highonly,2,5,157,0.197209,471,0.591627,60,200,0
SW,59597,ws25,270,cell3_lowonly,2,5,4963,6.23406,471,0.591627,1662,200,0
SW,59597,ws25,270,cell4_highonly,0,2,938,1.17823,471,0.591627,480,200,0
SW,59597,ws25,180,cell6_barriers,2,5,19870,24.9589,471,0.591627,11080,200,0
SW,59597,ws25,270,cell4_highonly,2,3,1138,1.42945,471,0.591627,385,200,0
SW,59597,ws25,270,cell4_highonly,0,4,1304,1.63796,471,0.591627,745,200,0
SW,59597,ws25,270,cell5_hilly,0,1,5222,6.5594,471,0.591627,1789,200,0
SW,59597,ws25,270,cell5_hilly,2,4,4802,6.03183,471,0.591627,1613,200,0
SW,59597,ws25,270,cell5_hilly,2,1,5182,6.50915,471,0.591627,1786,200,0
SW,59597,ws25,270,cell5_hilly,0,4,4802,6.03183,471,0.591627,1633,200,0
SW,59597,ws25,270,cell5_hilly,0,2,5134,6.44886,471,0.591627,1754,200,0
SW,59597,ws25,270,cell5_hilly,0,3,5050,6.34334,471,0.591627,1705,200,0
SW,59597,ws25,270,cell5_hilly,0,5,4949,6.21648,471,0.591627,1654,200,0
SW,59597,ws25,270,cell6_barriers,0,1,5172,6.49659,471,0.591627,1774,200,0
SW,59597,ws25,270,cell5_hilly,2,5,4945,6.21145,471,0.591627,1650,200,0
SW,59597,ws43,0,none,0,1,6909,8.67845,0,0.0,2651,200,0
SW,59597,ws43,0,none,0,2,6838,8.58927,0,0.0,2598,200,0
SW,59597,ws43,0,none,0,3,6669,8.37698,0,0.0,2584,200,0
SW,59597,ws43,0,none,0,4,6495,8.15842,0,0.0,2537,200,0
SW,59597,ws25,270,cell5_hilly,2,3,5064,6.36093,471,0.591627,1699,200,0
SW,59597,ws25,270,cell5_hilly,2,2,5180,6.50664,471,0.591627,1757,200,0
SW,59597,ws43,0,none,0,5,6811,8.55535,0,0.0,2640,200,0
SW,59597,ws43,0,random,0,1,6869,8.6282,471,0.591627,2631,200,0
SW,59597,ws43,0,random,0,3,6631,8.32925,471,0.591627,2583,200,0
SW,59597,ws43,0,random,0,4,6472,8.12953,471,0.591627,2536,200,0
SW,59597,ws43,0,random,0,2,6828,8.5767,471,0.591627,2602,200,0
SW,59597,ws43,0,random,0,5,6795,8.53525,471,0.591627,2642,200,0
SW,59597,ws43,0,random,2,1,6878,8.63951,471,0.591627,2639,200,0
SW,59597,ws43,0,random,2,3,6641,8.34181,471,0.591627,2591,200,0
SW,59597,ws43,0,random,2,2,6827,8.57545,471,0.591627,2608,200,0
SW,59597,ws25,270,cell6_barriers,0,2,5164,6.48654,471,0.591627,1779,200,0
SW,59597,ws43,0,random,2,4,6477,8.13581,471,0.591627,2522,200,0
SW,59597,ws43,0,random,2,5,6803,8.5453,471,0.591627,2661,200,0
SW,59597,ws25,270,cell6_barriers,0,4,4763,5.98284,471,0.591627,1611,200,0
SW,59597,ws25,270,cell6_barriers,0,3,5035,6.3245,471,0.591627,1700,200,0
SW,59597,ws43,0,proximity,2,2,404,0.507468,471,0.591627,177,200,0
SW,59597,ws43,0,proximity,0,1,1221,1.53371,471,0.591627,810,200,0
SW,59597,ws25,270,cell6_barriers,0,5,4863,6.10845,471,0.591627,1642,200,0
SW,59597,ws25,270,cell6_barriers,2,1,5221,6.55814,471,0.591627,1772,200,0
SW,59597,ws25,270,cell6_barriers,2,4,4808,6.03937,471,0.591627,1626,200,0
SW,59597,ws25,270,cell6_barriers,2,2,5188,6.51669,471,0.591627,1750,200,0
SW,59597,ws25,270,cell6_barriers,2,3,5072,6.37098,471,0.591627,1704,200,0
SW,59597,ws25,270,cell6_barriers,2,5,4963,6.23406,471,0.591627,1662,200,0
SW,59597,ws43,0,proximity,0,5,1211,1.52115,471,0.591627,826,200,0
SW,59597,ws43,0,proximity,2,5,238,0.298954,471,0.591627,94,200,0
SW,59597,ws43,0,proximity,0,3,1757,2.20698,471,0.591627,1162,200,0
SW,59597,ws43,0,proximity,2,3,1901,2.38786,471,0.591627,1107,200,0
SW,59597,ws43,0,proximity,2,1,2057,2.58381,471,0.591627,1207,200,0
SW,59597,ws43,0,proximity,0,2,2114,2.65541,471,0.591627,1321,200,0
SW,59597,ws43,0,proximity,0,4,2139,2.68681,471,0.591627,1286,200,0
SW,59597,ws43,0,proximity,2,4,1781,2.23713,471,0.591627,896,200,0
SW,59597,ws43,0,open_anchor,2,5,259,0.325332,471,0.591627,87,200,0
SW,59597,ws43,0,open_anchor,0,4,783,0.983532,471,0.591627,528,200,0
SW,59597,ws43,0,cell1_baseline,0,2,80,0.100489,471,0.591627,61,200,0
SW,59597,ws43,0,open_anchor,0,2,1916,2.4067,471,0.591627,1078,200,0
SW,59597,ws43,0,open_anchor,2,1,1945,2.44313,471,0.591627,951,200,0
SW,59597,ws43,0,open_anchor,0,1,2126,2.67049,471,0.591627,1196,200,0
SW,59597,ws43,0,open_anchor,0,3,2228,2.79861,471,0.591627,1268,200,0
SW,59597,ws43,0,open_anchor,0,5,2315,2.90789,471,0.591627,1274,200,0
SW,59597,ws43,0,open_anchor,2,2,2289,2.87523,471,0.591627,1045,200,0
SW,59597,ws43,0,open_anchor,2,3,2298,2.88654,471,0.591627,1033,200,0
SW,59597,ws43,0,cell1_baseline,2,4,214,0.268807,471,0.591627,98,200,0
SW,59597,ws43,0,open_anchor,2,4,1948,2.4469,471,0.591627,948,200,0
SW,59597,ws43,0,cell1_baseline,0,4,1604,2.0148,471,0.591627,843,200,0
SW,59597,ws43,0,cell1_baseline,0,1,1871,2.35018,471,0.591627,1120,200,0
SW,59597,ws43,0,cell1_baseline,0,3,1789,2.24718,471,0.591627,1021,200,0
SW,59597,ws43,0,cell1_baseline,2,1,1816,2.28109,471,0.591627,903,200,0
SW,59597,ws43,0,cell2_ground,0,4,184,0.231124,471,0.591627,130,200,0
SW,59597,ws43,0,cell1_baseline,2,2,1929,2.42303,471,0.591627,865,200,0
SW,59597,ws43,0,cell1_baseline,0,5,2051,2.57628,471,0.591627,1142,200,0
SW,59597,ws43,0,cell1_baseline,2,5,1800,2.26099,471,0.591627,968,200,0
SW,59597,ws43,0,cell1_baseline,2,3,2051,2.57628,471,0.591627,955,200,0
SW,59597,ws43,0,cell2_ground,0,3,2576,3.23573,471,0.591627,1374,200,0
SW,59597,ws43,0,cell2_ground,2,2,2003,2.51598,471,0.591627,923,200,0
SW,59597,ws43,0,cell2_ground,0,1,4758,5.97656,471,0.591627,2107,200,0
SW,59597,ws43,0,cell2_ground,2,4,4940,6.20517,471,0.591627,1935,200,0
SW,59597,ws43,0,cell2_ground,0,2,5911,7.42485,471,0.591627,2662,200,0
SW,59597,ws43,0,cell2_ground,2,1,4285,5.38242,471,0.591627,1810,200,0
SW,59597,ws43,0,cell2_ground,2,3,4836,6.07454,471,0.591627,1906,200,0
SW,59597,ws43,0,cell2_ground,0,5,5228,6.56693,471,0.591627,2461,200,0
SW,59597,ws43,0,cell2_ground,2,5,4526,5.68514,471,0.591627,2031,200,0
SW,59597,ws43,0,cell4_highonly,0,1,178,0.223587,471,0.591627,123,200,0
SW,59597,ws43,0,cell4_highonly,0,3,64,0.0803909,471,0.591627,46,200,0
SW,59597,ws43,0,cell4_highonly,0,4,40,0.0502443,471,0.591627,33,200,0
SW,59597,ws43,0,cell3_lowonly,0,2,6769,8.50259,471,0.591627,2611,200,0
SW,59597,ws43,0,cell4_highonly,0,5,57,0.0715981,471,0.591627,41,200,0
SW,59597,ws43,0,cell3_lowonly,0,4,6455,8.10818,471,0.591627,2514,200,0
SW,59597,ws43,0,cell3_lowonly,0,3,6616,8.31041,471,0.591627,2579,200,0
SW,59597,ws43,0,cell3_lowonly,0,1,6824,8.57168,471,0.591627,2656,200,0
SW,59597,ws43,0,cell4_highonly,2,3,145,0.182136,471,0.591627,64,200,0
SW,59597,ws43,0,cell4_highonly,2,4,112,0.140684,471,0.591627,50,200,0
SW,59597,ws43,0,cell3_lowonly,0,5,6694,8.40839,471,0.591627,2622,200,0
SW,59597,ws43,0,cell4_highonly,2,5,121,0.151989,471,0.591627,53,200,0
SW,59597,ws43,0,cell3_lowonly,2,2,6798,8.53902,471,0.591627,2565,200,0
SW,59597,ws43,0,cell3_lowonly,2,1,6863,8.62067,471,0.591627,2605,200,0
SW,59597,ws43,0,cell3_lowonly,2,3,6646,8.34809,471,0.591627,2577,200,0
SW,59597,ws43,0,cell3_lowonly,2,4,6476,8.13455,471,0.591627,2517,200,0
SW,59597,ws43,0,cell4_highonly,2,1,4168,5.23546,471,0.591627,1346,200,0
SW,59597,ws43,0,cell3_lowonly,2,5,6786,8.52395,471,0.591627,2623,200,0
SW,59597,ws43,0,cell4_highonly,0,2,5356,6.72771,471,0.591627,2237,200,0
SW,59597,ws43,0,cell4_highonly,2,2,5647,7.09324,471,0.591627,2039,200,0
SW,59597,ws43,0,cell5_hilly,0,1,6872,8.63197,471,0.591627,2649,200,0
SW,59597,ws43,0,cell5_hilly,0,2,6796,8.53651,471,0.591627,2598,200,0
SW,59597,ws43,0,cell5_hilly,2,1,6881,8.64328,471,0.591627,2631,200,0
SW,59597,ws43,0,cell5_hilly,0,4,6472,8.12953,471,0.591627,2524,200,0
SW,59597,ws43,0,cell5_hilly,0,3,6648,8.3506,471,0.591627,2576,200,0
SW,59597,ws43,0,cell5_hilly,0,5,6720,8.44104,471,0.591627,2633,200,0
SW,59597,ws43,0,cell5_hilly,2,4,6472,8.12953,471,0.591627,2520,200,0
SW,59597,ws43,0,cell5_hilly,2,2,6798,8.53902,471,0.591627,2582,200,0
SW,59597,ws43,0,cell5_hilly,2,3,6647,8.34935,471,0.591627,2553,200,0
SW,59597,ws43,0,cell6_barriers,0,3,6616,8.31041,471,0.591627,2579,200,0
SW,59597,ws43,90,none,0,1,22475,28.231,0,0.0,11988,200,0
SW,59597,ws43,0,cell5_hilly,2,5,6786,8.52395,471,0.591627,2629,200,0
SW,59597,ws43,90,none,0,3,22159,27.8341,0,0.0,11833,200,0
SW,59597,ws43,90,none,0,2,22324,28.0414,0,0.0,11976,200,0
SW,59597,ws43,90,random,0,1,22401,28.1381,471,0.591627,11872,200,0
SW,59597,ws43,90,none,0,4,22062,27.7122,0,0.0,11836,200,0
SW,59597,ws43,90,none,0,5,22206,27.8931,0,0.0,11823,200,0
SW,59597,ws43,0,cell6_barriers,0,1,6824,8.57168,471,0.591627,2656,200,0
SW,59597,ws43,0,cell6_barriers,0,4,6455,8.10818,471,0.591627,2514,200,0
SW,59597,ws43,90,random,0,2,22106,27.7675,471,0.591627,11722,200,0
SW,59597,ws43,90,random,0,3,21958,27.5816,471,0.591627,11695,200,0
SW,59597,ws43,90,random,0,4,21914,27.5263,471,0.591627,11748,200,0
SW,59597,ws43,90,random,2,4,21901,27.51,471,0.591627,11697,200,0
SW,59597,ws43,90,random,0,5,22054,27.7022,471,0.591627,11655,200,0
SW,59597,ws43,90,random,2,1,22395,28.1305,471,0.591627,11868,200,0
SW,59597,ws43,90,random,2,2,22089,27.7462,471,0.591627,11713,200,0
SW,59597,ws43,90,random,2,3,21966,27.5917,471,0.591627,11658,200,0
SW,59597,ws43,90,random,2,5,22065,27.716,471,0.591627,11665,200,0
SW,59597,ws43,0,cell6_barriers,0,2,6769,8.50259,471,0.591627,2611,200,0
SW,59597,ws43,90,proximity,2,3,242,0.303978,471,0.591627,93,200,0
SW,59597,ws43,0,cell6_barriers,0,5,6694,8.40839,471,0.591627,2622,200,0
SW,59597,ws43,0,cell6_barriers,2,4,6476,8.13455,471,0.591627,2517,200,0
SW,59597,ws43,0,cell6_barriers,2,1,6863,8.62067,471,0.591627,2605,200,0
SW,59597,ws43,0,cell6_barriers,2,3,6646,8.34809,471,0.591627,2577,200,0
SW,59597,ws43,0,cell6_barriers,2,2,6798,8.53902,471,0.591627,2565,200,0
SW,59597,ws43,0,cell6_barriers,2,5,6786,8.52395,471,0.591627,2623,200,0
SW,59597,ws43,90,open_anchor,0,1,238,0.298954,471,0.591627,157,200,0
SW,59597,ws43,90,open_anchor,0,4,294,0.369296,471,0.591627,188,200,0
SW,59597,ws43,90,open_anchor,2,1,114,0.143196,471,0.591627,50,200,0
SW,59597,ws43,90,proximity,0,3,6505,8.17098,471,0.591627,3824,200,0
SW,59597,ws43,90,proximity,0,5,7489,9.40699,471,0.591627,4442,200,0
SW,59597,ws43,90,proximity,0,2,7591,9.53511,471,0.591627,4798,200,0
SW,59597,ws43,90,open_anchor,0,5,1558,1.95702,471,0.591627,979,200,0
SW,59597,ws43,90,open_anchor,2,5,262,0.3291,471,0.591627,110,200,0
SW,59597,ws43,90,proximity,2,4,8793,11.045,471,0.591627,5099,200,0
SW,59597,ws43,90,proximity,0,1,10829,13.6024,471,0.591627,7078,200,0
SW,59597,ws43,90,proximity,2,1,13701,17.2099,471,0.591627,8400,200,0
SW,59597,ws43,90,cell1_baseline,0,5,227,0.285136,471,0.591627,135,200,0
SW,59597,ws43,90,open_anchor,0,2,14081,17.6873,471,0.591627,8273,200,0
SW,59597,ws43,90,proximity,2,5,11453,14.3862,471,0.591627,6812,200,0
SW,59597,ws43,90,proximity,2,2,16592,20.8413,471,0.591627,9705,200,0
SW,59597,ws43,90,open_anchor,2,2,14420,18.1131,471,0.591627,8515,200,0
SW,59597,ws43,90,open_anchor,2,4,14556,18.2839,471,0.591627,8269,200,0
SW,59597,ws43,90,proximity,0,4,15087,18.9509,471,0.591627,9573,200,0
SW,59597,ws43,90,open_anchor,0,3,15143,19.0212,471,0.591627,9175,200,0
SW,59597,ws43,90,cell1_baseline,0,2,12845,16.1347,471,0.591627,7960,200,0
SW,59597,ws43,90,cell2_ground,0,5,72,0.0904398,471,0.591627,48,200,0
SW,59597,ws43,90,open_anchor,2,3,14873,18.6821,471,0.591627,8872,200,0
SW,59597,ws43,90,cell1_baseline,0,3,14040,17.6358,471,0.591627,8527,200,0
SW,59597,ws43,90,cell1_baseline,0,4,12817,16.0995,471,0.591627,7910,200,0
SW,59597,ws43,90,cell1_baseline,0,1,15648,19.6556,471,0.591627,9181,200,0
SW,59597,ws43,90,cell1_baseline,2,5,12867,16.1623,471,0.591627,7669,200,0
SW,59597,ws43,90,cell1_baseline,2,2,16366,20.5575,471,0.591627,9474,200,0
SW,59597,ws43,90,cell1_baseline,2,1,15656,19.6656,471,0.591627,8824,200,0
SW,59597,ws43,90,cell1_baseline,2,3,16679,20.9506,471,0.591627,9286,200,0
SW,59597,ws43,90,cell1_baseline,2,4,15708,19.7309,471,0.591627,9040,200,0
SW,59597,ws43,90,cell2_ground,0,1,19826,24.9036,471,0.591627,11318,200,0
SW,59597,ws43,90,cell2_ground,2,5,17331,21.7696,471,0.591627,9644,200,0
SW,59597,ws43,90,cell2_ground,0,4,20068,25.2076,471,0.591627,11341,200,0
SW,59597,ws43,90,cell2_ground,2,1,18583,23.3423,471,0.591627,10486,200,0
SW,59597,ws43,90,cell2_ground,0,3,20302,25.5015,471,0.591627,10984,200,0
SW,59597,ws43,90,cell2_ground,0,2,18778,23.5872,471,0.591627,10870,200,0
SW,59597,ws43,90,cell2_ground,2,2,18723,23.5181,471,0.591627,10370,200,0
SW,59597,ws43,90,cell4_highonly,0,2,55,0.0690859,471,0.591627,39,200,0
SW,59597,ws43,90,cell4_highonly,0,1,78,0.0979764,471,0.591627,55,200,0
SW,59597,ws43,90,cell2_ground,2,4,18292,22.9767,471,0.591627,10517,200,0
SW,59597,ws43,90,cell2_ground,2,3,20528,25.7854,471,0.591627,10938,200,0
SW,59597,ws43,90,cell4_highonly,0,5,37,0.046476,471,0.591627,27,200,0
SW,59597,ws43,90,cell4_highonly,0,3,60,0.0753665,471,0.591627,42,200,0
SW,59597,ws43,90,cell4_highonly,2,1,124,0.155757,471,0.591627,51,200,0
SW,59597,ws43,90,cell4_highonly,2,2,147,0.184648,471,0.591627,56,200,0
SW,59597,ws43,90,cell4_highonly,2,5,100,0.125611,471,0.591627,43,200,0
SW,59597,ws43,90,cell3_lowonly,0,1,22332,28.0514,471,0.591627,11850,200,0
SW,59597,ws43,90,cell3_lowonly,0,3,22053,27.7009,471,0.591627,11805,200,0
SW,59597,ws43,90,cell3_lowonly,0,4,21925,27.5402,471,0.591627,11700,200,0
SW,59597,ws43,90,cell3_lowonly,0,5,22046,27.6922,471,0.591627,11704,200,0
SW,59597,ws43,90,cell3_lowonly,0,2,22171,27.8492,471,0.591627,11794,200,0
SW,59597,ws43,90,cell3_lowonly,2,2,22213,27.9019,471,0.591627,11812,200,0
SW,59597,ws43,90,cell4_highonly,2,3,20934,26.2954,471,0.591627,10633,200,0
SW,59597,ws43,90,cell3_lowonly,2,1,22364,28.0916,471,0.591627,11871,200,0
SW,59597,ws43,90,cell3_lowonly,2,4,21970,27.5967,471,0.591627,11729,200,0
SW,59597,ws43,90,cell4_highonly,2,4,19786,24.8533,471,0.591627,10360,200,0
SW,59597,ws43,90,cell4_highonly,0,4,20624,25.906,471,0.591627,10965,200,0
SW,59597,ws43,90,cell3_lowonly,2,3,22007,27.6432,471,0.591627,11715,200,0
SW,59597,ws43,90,cell3_lowonly,2,5,22074,27.7273,471,0.591627,11646,200,0
SW,59597,ws43,90,cell5_hilly,0,1,22262,27.9635,471,0.591627,11807,200,0
SW,59597,ws43,90,cell5_hilly,2,1,22243,27.9396,471,0.591627,11761,200,0
SW,59597,ws43,90,cell5_hilly,0,3,22033,27.6758,471,0.591627,11684,200,0
SW,59597,ws43,90,cell5_hilly,0,2,22101,27.7612,471,0.591627,11685,200,0
SW,59597,ws43,90,cell5_hilly,0,4,21836,27.4284,471,0.591627,11646,200,0
SW,59597,ws43,90,cell5_hilly,0,5,21972,27.5992,471,0.591627,11635,200,0
SW,59597,ws43,90,cell5_hilly,2,2,22170,27.8479,471,0.591627,11794,200,0
SW,59597,ws43,90,cell5_hilly,2,4,21910,27.5213,471,0.591627,11669,200,0
SW,59597,ws43,180,none,0,1,19210,24.1298,0,0.0,10689,200,0
SW,59597,ws43,180,none,0,3,18797,23.6111,0,0.0,10403,200,0
SW,59597,ws43,180,none,0,2,19071,23.9552,0,0.0,10673,200,0
SW,59597,ws43,180,none,0,4,18479,23.2116,0,0.0,10288,200,0
SW,59597,ws43,180,none,0,5,18809,23.6261,0,0.0,10525,200,0
SW,59597,ws43,90,cell5_hilly,2,3,21922,27.5364,471,0.591627,11669,200,0
SW,59597,ws43,90,cell6_barriers,0,2,22171,27.8492,471,0.591627,11794,200,0
SW,59597,ws43,180,random,0,1,19146,24.0494,471,0.591627,10669,200,0
SW,59597,ws43,180,random,0,2,18954,23.8083,471,0.591627,10607,200,0
SW,59597,ws43,180,random,0,3,18690,23.4767,471,0.591627,10350,200,0
SW,59597,ws43,180,random,0,4,18436,23.1576,471,0.591627,10268,200,0
SW,59597,ws43,180,random,2,1,19146,24.0494,471,0.591627,10629,200,0
SW,59597,ws43,180,random,0,5,18705,23.4955,471,0.591627,10385,200,0
SW,59597,ws43,180,random,2,2,18971,23.8296,471,0.591627,10557,200,0
SW,59597,ws43,180,random,2,3,18678,23.4616,471,0.591627,10268,200,0
SW,59597,ws43,180,random,2,4,18437,23.1589,471,0.591627,10256,200,0
SW,59597,ws43,180,random,2,5,18700,23.4892,471,0.591627,10403,200,0
SW,59597,ws43,90,cell5_hilly,2,5,21948,27.5691,471,0.591627,11586,200,0
SW,59597,ws43,90,cell6_barriers,0,5,22046,27.6922,471,0.591627,11704,200,0
SW,59597,ws43,180,proximity,0,4,26,0.0326588,471,0.591627,20,200,0
SW,59597,ws43,90,cell6_barriers,0,4,21925,27.5402,471,0.591627,11700,200,0
SW,59597,ws43,90,cell6_barriers,0,1,22332,28.0514,471,0.591627,11850,200,0
SW,59597,ws43,90,cell6_barriers,0,3,22053,27.7009,471,0.591627,11805,200,0
SW,59597,ws43,90,cell6_barriers,2,2,22213,27.9019,471,0.591627,11812,200,0
SW,59597,ws43,180,proximity,2,4,124,0.155757,471,0.591627,53,200,0
SW,59597,ws43,90,cell6_barriers,2,1,22364,28.0916,471,0.591627,11871,200,0
SW,59597,ws43,90,cell6_barriers,2,3,22007,27.6432,471,0.591627,11715,200,0
SW,59597,ws43,180,open_anchor,0,3,182,0.228612,471,0.591627,118,200,0
SW,59597,ws43,180,proximity,0,5,2236,2.80866,471,0.591627,1566,200,0
SW,59597,ws43,180,open_anchor,0,4,92,0.115562,471,0.591627,67,200,0
SW,59597,ws43,180,proximity,0,3,3887,4.88249,471,0.591627,2694,200,0
SW,59597,ws43,180,proximity,0,1,3268,4.10496,471,0.591627,2239,200,0
SW,59597,ws43,180,open_anchor,0,2,1638,2.0575,471,0.591627,1125,200,0
SW,59597,ws43,180,open_anchor,0,5,84,0.105513,471,0.591627,63,200,0
SW,59597,ws43,180,proximity,2,5,3155,3.96302,471,0.591627,1931,200,0
SW,59597,ws43,90,cell6_barriers,2,4,21970,27.5967,471,0.591627,11729,200,0
SW,59597,ws43,180,cell1_baseline,0,1,147,0.184648,471,0.591627,103,200,0
SW,59597,ws43,180,open_anchor,2,4,780,0.979764,471,0.591627,385,200,0
SW,59597,ws43,90,cell6_barriers,2,5,22074,27.7273,471,0.591627,11646,200,0
SW,59597,ws43,180,proximity,2,3,5405,6.78926,471,0.591627,3437,200,0
SW,59597,ws43,180,open_anchor,0,1,3478,4.36874,471,0.591627,2392,200,0
SW,59597,ws43,180,proximity,2,2,6218,7.81048,471,0.591627,3924,200,0
SW,59597,ws43,180,open_anchor,2,1,2258,2.83629,471,0.591627,1353,200,0
SW,59597,ws43,180,open_anchor,2,5,2578,3.23825,471,0.591627,1596,200,0
SW,59597,ws43,180,open_anchor,2,3,3276,4.11501,471,0.591627,2062,200,0
SW,59597,ws43,180,cell2_ground,0,2,119,0.149477,471,0.591627,92,200,0
SW,59597,ws43,180,proximity,0,2,15662,19.6732,471,0.591627,9892,200,0
SW,59597,ws43,180,cell2_ground,0,3,133,0.167062,471,0.591627,95,200,0
SW,59597,ws43,180,open_anchor,2,2,4984,6.26044,471,0.591627,3102,200,0
SW,59597,ws43,180,proximity,2,1,15001,18.8429,471,0.591627,8969,200,0
SW,59597,ws43,180,cell2_ground,0,5,91,0.114306,471,0.591627,67,200,0
SW,59597,ws43,180,cell1_baseline,0,4,12062,15.1512,471,0.591627,7868,200,0
SW,59597,ws43,180,cell1_baseline,2,5,10427,13.0974,471,0.591627,6549,200,0
SW,59597,ws43,180,cell1_baseline,0,3,14878,18.6884,471,0.591627,8728,200,0
SW,59597,ws43,180,cell1_baseline,0,2,12341,15.5016,471,0.591627,7916,200,0
SW,59597,ws43,180,cell1_baseline,0,5,11348,14.2543,471,0.591627,7458,200,0
SW,59597,ws43,180,cell1_baseline,2,1,11501,14.4465,471,0.591627,7341,200,0
SW,59597,ws43,180,cell1_baseline,2,4,12418,15.5983,471,0.591627,7728,200,0
SW,59597,ws43,180,cell1_baseline,2,3,15955,20.0412,471,0.591627,8900,200,0
SW,59597,ws43,180,cell1_baseline,2,2,14568,18.299,471,0.591627,8910,200,0
SW,59597,ws43,180,cell2_ground,2,2,14403,18.0917,471,0.591627,8018,200,0
SW,59597,ws43,180,cell2_ground,0,1,16946,21.286,471,0.591627,10024,200,0
SW,59597,ws43,180,cell2_ground,2,4,12115,15.2177,471,0.591627,7517,200,0
SW,59597,ws43,180,cell2_ground,0,4,16155,20.2924,471,0.591627,9754,200,0
SW,59597,ws43,180,cell4_highonly,0,1,55,0.0690859,471,0.591627,43,200,0
SW,59597,ws43,180,cell2_ground,2,1,17254,21.6729,471,0.591627,10057,200,0
SW,59597,ws43,180,cell2_ground,2,3,17489,21.9681,471,0.591627,9625,200,0
SW,59597,ws43,180,cell4_highonly,0,2,42,0.0527565,471,0.591627,34,200,0
SW,59597,ws43,180,cell4_highonly,0,3,54,0.0678298,471,0.591627,38,200,0
SW,59597,ws43,180,cell4_highonly,0,4,33,0.0414516,471,0.591627,28,200,0
SW,59597,ws43,180,cell4_highonly,0,5,35,0.0439638,471,0.591627,30,200,0
SW,59597,ws43,180,cell4_highonly,2,1,148,0.185904,471,0.591627,65,200,0
SW,59597,ws43,180,cell2_ground,2,5,16541,20.7773,471,0.591627,9300,200,0
SW,59597,ws43,180,cell4_highonly,2,2,125,0.157013,471,0.591627,57,200,0
SW,59597,ws43,180,cell4_highonly,2,4,112,0.140684,471,0.591627,47,200,0
SW,59597,ws43,180,cell4_highonly,2,3,117,0.146965,471,0.591627,49,200,0
SW,59597,ws43,180,cell4_highonly,2,5,128,0.160782,471,0.591627,52,200,0
SW,59597,ws43,180,cell3_lowonly,0,2,18943,23.7944,471,0.591627,10559,200,0
SW,59597,ws43,180,cell3_lowonly,0,1,19087,23.9753,471,0.591627,10577,200,0
SW,59597,ws43,180,cell3_lowonly,0,5,18653,23.4302,471,0.591627,10356,200,0
SW,59597,ws43,180,cell3_lowonly,0,4,18346,23.0446,471,0.591627,10134,200,0
SW,59597,ws43,180,cell3_lowonly,0,3,18666,23.4465,471,0.591627,10399,200,0
SW,59597,ws43,180,cell3_lowonly,2,1,19110,24.0042,471,0.591627,10613,200,0
SW,59597,ws43,180,cell3_lowonly,2,2,18988,23.851,471,0.591627,10539,200,0
SW,59597,ws43,180,cell3_lowonly,2,3,18686,23.4716,471,0.591627,10314,200,0
SW,59597,ws43,180,cell3_lowonly,2,4,18382,23.0898,471,0.591627,10194,200,0
SW,59597,ws43,180,cell3_lowonly,2,5,18698,23.4867,471,0.591627,10374,200,0
SW,59597,ws43,180,cell5_hilly,0,2,18948,23.8007,471,0.591627,10507,200,0
SW,59597,ws43,180,cell5_hilly,0,3,18662,23.4415,471,0.591627,10220,200,0
SW,59597,ws43,180,cell5_hilly,0,4,18339,23.0358,471,0.591627,10156,200,0
SW,59597,ws43,180,cell5_hilly,0,1,19087,23.9753,471,0.591627,10561,200,0
SW,59597,ws43,180,cell5_hilly,2,1,19092,23.9816,471,0.591627,10561,200,0
SW,59597,ws43,180,cell5_hilly,0,5,18676,23.4591,471,0.591627,10350,200,0
SW,59597,ws43,180,cell5_hilly,2,3,18670,23.4515,471,0.591627,10256,200,0
SW,59597,ws43,270,none,0,1,4623,5.80699,0,0.0,1624,200,0
SW,59597,ws43,270,none,0,2,4604,5.78312,0,0.0,1615,200,0
SW,59597,ws43,270,none,0,3,4424,5.55702,0,0.0,1546,200,0
SW,59597,ws43,270,none,0,4,4126,5.1827,0,0.0,1429,200,0
SW,59597,ws43,270,none,0,5,4284,5.38117,0,0.0,1512,200,0
SW,59597,ws43,270,random,0,1,4068,5.10985,471,0.591627,1414,200,0
SW,59597,ws43,270,random,0,2,4589,5.76428,471,0.591627,1613,200,0
SW,59597,ws43,180,cell5_hilly,2,4,18353,23.0533,471,0.591627,10111,200,0
SW,59597,ws43,270,random,0,3,4410,5.53944,471,0.591627,1538,200,0
SW,59597,ws43,270,random,0,5,4283,5.37991,471,0.591627,1511,200,0
SW,59597,ws43,270,random,0,4,3999,5.02318,471,0.591627,1359,200,0
SW,59597,ws43,270,random,2,1,4532,5.69268,471,0.591627,1614,200,0
SW,59597,ws43,270,random,2,2,4589,5.76428,471,0.591627,1612,200,0
SW,59597,ws43,270,random,2,3,4398,5.52436,471,0.591627,1532,200,0
SW,59597,ws43,270,random,2,4,3998,5.02192,471,0.591627,1349,200,0
SW,59597,ws43,270,random,2,5,4283,5.37991,471,0.591627,1511,200,0
SW,59597,ws43,180,cell5_hilly,2,2,18961,23.8171,471,0.591627,10510,200,0
SW,59597,ws43,180,cell5_hilly,2,5,18687,23.4729,471,0.591627,10324,200,0
SW,59597,ws43,180,cell6_barriers,0,1,19087,23.9753,471,0.591627,10577,200,0
SW,59597,ws43,270,proximity,0,4,199,0.249965,471,0.591627,131,200,0
SW,59597,ws43,270,proximity,0,3,436,0.547663,471,0.591627,318,200,0
SW,59597,ws43,270,proximity,0,2,406,0.50998,471,0.591627,294,200,0
SW,59597,ws43,270,proximity,0,1,541,0.679554,471,0.591627,381,200,0
SW,59597,ws43,270,proximity,0,5,299,0.375576,471,0.591627,221,200,0
SW,59597,ws43,270,proximity,2,1,317,0.398186,471,0.591627,135,200,0
SW,59597,ws43,270,proximity,2,2,422,0.530078,471,0.591627,194,200,0
SW,59597,ws43,270,proximity,2,3,583,0.732311,471,0.591627,317,200,0
SW,59597,ws43,270,proximity,2,4,412,0.517516,471,0.591627,187,200,0
SW,59597,ws43,180,cell6_barriers,0,4,18346,23.0446,471,0.591627,10134,200,0
SW,59597,ws43,270,proximity,2,5,542,0.68081,471,0.591627,304,200,0
SW,59597,ws43,180,cell6_barriers,0,2,18943,23.7944,471,0.591627,10559,200,0
SW,59597,ws43,180,cell6_barriers,0,3,18666,23.4465,471,0.591627,10399,200,0
SW,59597,ws43,270,open_anchor,0,1,366,0.459735,471,0.591627,252,200,0
SW,59597,ws43,270,open_anchor,0,3,344,0.432101,471,0.591627,237,200,0
SW,59597,ws43,270,open_anchor,0,2,421,0.528821,471,0.591627,303,200,0
SW,59597,ws43,270,open_anchor,0,4,312,0.391906,471,0.591627,229,200,0
SW,59597,ws43,270,open_anchor,0,5,314,0.394418,471,0.591627,225,200,0
SW,59597,ws43,270,open_anchor,2,4,438,0.550175,471,0.591627,225,200,0
SW,59597,ws43,270,open_anchor,2,2,536,0.673274,471,0.591627,286,200,0
SW,59597,ws43,270,open_anchor,2,1,515,0.646896,471,0.591627,283,200,0
SW,59597,ws43,270,open_anchor,2,3,487,0.611725,471,0.591627,262,200,0
SW,59597,ws43,270,open_anchor,2,5,489,0.614237,471,0.591627,271,200,0
SW,59597,ws43,270,cell1_baseline,0,1,657,0.825263,471,0.591627,399,200,0
SW,59597,ws43,270,cell1_baseline,0,2,423,0.531334,471,0.591627,311,200,0
SW,59597,ws43,270,cell1_baseline,2,2,443,0.556456,471,0.591627,150,200,0
SW,59597,ws43,270,cell1_baseline,0,3,402,0.504955,471,0.591627,273,200,0
SW,59597,ws43,270,cell1_baseline,2,1,637,0.800141,471,0.591627,297,200,0
SW,59597,ws43,270,cell1_baseline,0,4,397,0.498675,471,0.591627,254,200,0
SW,59597,ws43,270,cell1_baseline,0,5,366,0.459735,471,0.591627,265,200,0
SW,59597,ws43,270,cell1_baseline,2,3,533,0.669505,471,0.591627,289,200,0
SW,59597,ws43,270,cell1_baseline,2,5,468,0.587858,471,0.591627,257,200,0
SW,59597,ws43,270,cell1_baseline,2,4,477,0.599163,471,0.591627,236,200,0
SW,59597,ws43,270,cell2_ground,0,4,339,0.425821,471,0.591627,212,200,0
SW,59597,ws43,270,cell2_ground,0,1,469,0.589115,471,0.591627,295,200,0
SW,59597,ws43,270,cell2_ground,0,3,443,0.556456,471,0.591627,292,200,0
SW,59597,ws43,270,cell2_ground,0,2,580,0.728543,471,0.591627,342,200,0
SW,59597,ws43,270,cell2_ground,0,5,638,0.801397,471,0.591627,366,200,0
SW,59597,ws43,270,cell2_ground,2,1,1370,1.72087,471,0.591627,450,200,0
SW,59597,ws43,270,cell2_ground,2,5,175,0.219819,471,0.591627,71,200,0
SW,59597,ws43,270,cell2_ground,2,4,183,0.229868,471,0.591627,66,200,0
SW,59597,ws43,270,cell2_ground,2,2,896,1.12547,471,0.591627,322,200,0
SW,59597,ws43,180,cell6_barriers,0,5,18653,23.4302,471,0.591627,10356,200,0
SW,59597,ws43,270,cell2_ground,2,3,809,1.01619,471,0.591627,304,200,0
SW,59597,ws43,180,cell6_barriers,2,1,19110,24.0042,471,0.591627,10613,200,0
SW,59597,ws43,180,cell6_barriers,2,2,18988,23.851,471,0.591627,10539,200,0
SW,59597,ws43,180,cell6_barriers,2,3,18686,23.4716,471,0.591627,10314,200,0
SW,59597,ws43,180,cell6_barriers,2,4,18382,23.0898,471,0.591627,10194,200,0
SW,59597,ws43,270,cell4_highonly,0,2,77,0.0967203,471,0.591627,55,200,0
SW,59597,ws43,270,cell4_highonly,0,1,65,0.081647,471,0.591627,48,200,0
SW,59597,ws43,270,cell3_lowonly,0,2,4487,5.63616,471,0.591627,1563,200,0
SW,59597,ws43,270,cell3_lowonly,0,1,4559,5.7266,471,0.591627,1598,200,0
SW,59597,ws43,180,cell6_barriers,2,5,18698,23.4867,471,0.591627,10374,200,0
SW,59597,ws43,270,cell4_highonly,0,4,38,0.0477321,471,0.591627,29,200,0
SW,59597,ws43,270,cell4_highonly,0,3,37,0.046476,471,0.591627,29,200,0
SW,59597,ws43,270,cell3_lowonly,0,3,4350,5.46407,471,0.591627,1533,200,0
SW,59597,ws43,270,cell4_highonly,0,5,32,0.0401955,471,0.591627,29,200,0
SW,59597,ws43,270,cell3_lowonly,0,4,4081,5.12618,471,0.591627,1437,200,0
SW,59597,ws43,270,cell3_lowonly,0,5,4191,5.26435,471,0.591627,1500,200,0
SW,59597,ws43,270,cell4_highonly,2,4,136,0.170831,471,0.591627,54,200,0
SW,59597,ws43,270,cell3_lowonly,2,1,4595,5.77182,471,0.591627,1604,200,0
SW,59597,ws43,270,cell4_highonly,2,1,119,0.149477,471,0.591627,56,200,0
SW,59597,ws43,270,cell4_highonly,2,3,108,0.13566,471,0.591627,50,200,0
SW,59597,ws43,270,cell3_lowonly,2,4,4070,5.11236,471,0.591627,1423,200,0
SW,59597,ws43,270,cell3_lowonly,2,5,4250,5.33846,471,0.591627,1499,200,0
SW,59597,ws43,270,cell4_highonly,2,5,110,0.138172,471,0.591627,51,200,0
SW,59597,ws43,270,cell3_lowonly,2,2,4586,5.76051,471,0.591627,1613,200,0
SW,59597,ws43,270,cell3_lowonly,2,3,4411,5.54069,471,0.591627,1543,200,0
SW,59597,ws43,270,cell4_highonly,2,2,1093,1.37293,471,0.591627,408,200,0
SW,59597,ws43,270,cell5_hilly,2,3,4381,5.50301,471,0.591627,1536,200,0
SW,59597,ws43,270,cell5_hilly,0,1,4594,5.77056,471,0.591627,1620,200,0
SW,59597,ws43,270,cell5_hilly,0,4,4106,5.15758,471,0.591627,1432,200,0
SW,59597,ws43,270,cell5_hilly,0,2,4559,5.7266,471,0.591627,1596,200,0
SW,59597,ws43,270,cell5_hilly,0,5,4249,5.3372,471,0.591627,1507,200,0
SW,59597,ws43,270,cell6_barriers,0,1,4559,5.7266,471,0.591627,1598,200,0
SW,59597,ws43,270,cell5_hilly,0,3,4404,5.5319,471,0.591627,1542,200,0
SW,59597,ws43,270,cell5_hilly,2,2,4548,5.71278,471,0.591627,1582,200,0
SW,59597,ws43,270,cell5_hilly,2,4,4104,5.15507,471,0.591627,1419,200,0
SE,59709,ws10,0,none,0,1,17680,22.208,0,0.0,9527,200,0
SW,59597,ws43,270,cell6_barriers,0,3,4350,5.46407,471,0.591627,1533,200,0
SW,59597,ws43,270,cell5_hilly,2,1,4596,5.77307,471,0.591627,1604,200,0
SW,59597,ws43,270,cell6_barriers,0,2,4487,5.63616,471,0.591627,1563,200,0
SE,59709,ws10,0,none,0,2,17571,22.0711,0,0.0,9478,200,0
SE,59709,ws10,0,none,0,3,17550,22.0447,0,0.0,9475,200,0
SW,59597,ws43,270,cell5_hilly,2,5,4239,5.32464,471,0.591627,1488,200,0
SE,59709,ws10,0,none,0,4,17524,22.012,0,0.0,9442,200,0
SE,59709,ws10,0,none,0,5,18103,22.7393,0,0.0,9785,200,0
SE,59709,ws10,0,random,0,1,17547,22.0409,471,0.591627,9322,200,0
SE,59709,ws10,0,random,0,2,17489,21.9681,471,0.591627,9414,200,0
SW,59597,ws43,270,cell6_barriers,0,4,4081,5.12618,471,0.591627,1437,200,0
SE,59709,ws10,0,random,0,3,17454,21.9241,471,0.591627,9374,200,0
SE,59709,ws10,0,random,0,5,18050,22.6727,471,0.591627,9735,200,0
SE,59709,ws10,0,random,0,4,17303,21.7344,471,0.591627,9240,200,0
SE,59709,ws10,0,random,2,1,17560,22.0573,471,0.591627,9383,200,0
SE,59709,ws10,0,random,2,2,17498,21.9794,471,0.591627,9398,200,0
SE,59709,ws10,0,random,2,3,17477,21.953,471,0.591627,9344,200,0
SE,59709,ws10,0,random,2,4,17362,21.8085,471,0.591627,9291,200,0
SE,59709,ws10,0,random,2,5,18051,22.674,471,0.591627,9717,200,0
SW,59597,ws43,270,cell6_barriers,0,5,4191,5.26435,471,0.591627,1500,200,0
SW,59597,ws43,270,cell6_barriers,2,4,4070,5.11236,471,0.591627,1423,200,0
SW,59597,ws43,270,cell6_barriers,2,5,4250,5.33846,471,0.591627,1499,200,0
SW,59597,ws43,270,cell6_barriers,2,2,4586,5.76051,471,0.591627,1613,200,0
SW,59597,ws43,270,cell6_barriers,2,1,4595,5.77182,471,0.591627,1604,200,0
SW,59597,ws43,270,cell6_barriers,2,3,4411,5.54069,471,0.591627,1543,200,0
SE,59709,ws10,0,proximity,0,1,1685,2.11654,471,0.591627,1180,200,0
SE,59709,ws10,0,proximity,2,3,4868,6.11473,471,0.591627,2867,200,0
SE,59709,ws10,0,proximity,2,1,5439,6.83197,471,0.591627,3072,200,0
SE,59709,ws10,0,proximity,2,5,5768,7.24523,471,0.591627,3316,200,0
SE,59709,ws10,0,proximity,2,4,6055,7.60573,471,0.591627,3484,200,0
SE,59709,ws10,0,open_anchor,0,2,10328,12.9731,471,0.591627,5890,200,0
SE,59709,ws10,0,open_anchor,0,5,4942,6.20768,471,0.591627,3075,200,0
SE,59709,ws10,0,open_anchor,0,4,8772,11.0186,471,0.591627,5330,200,0
SE,59709,ws10,0,proximity,0,2,10150,12.7495,471,0.591627,6015,200,0
SE,59709,ws10,0,proximity,0,5,13674,17.176,471,0.591627,8115,200,0
SE,59709,ws10,0,proximity,2,2,14368,18.0478,471,0.591627,8066,200,0
SE,59709,ws10,0,proximity,0,3,14376,18.0578,471,0.591627,8074,200,0
SE,59709,ws10,0,open_anchor,2,3,6204,7.79289,471,0.591627,3507,200,0
SE,59709,ws10,0,proximity,0,4,15861,19.9231,471,0.591627,9060,200,0
SE,59709,ws10,0,open_anchor,0,1,16882,21.2056,471,0.591627,9339,200,0
SE,59709,ws10,0,open_anchor,0,3,16185,20.3301,471,0.591627,8975,200,0
SE,59709,ws10,0,open_anchor,2,4,8656,10.8729,471,0.591627,4873,200,0
SE,59709,ws10,0,open_anchor,2,5,11817,14.8434,471,0.591627,6509,200,0
SE,59709,ws10,0,open_anchor,2,1,16760,21.0524,471,0.591627,8764,200,0
SE,59709,ws10,0,cell1_baseline,0,2,12303,15.4539,471,0.591627,6987,200,0
SE,59709,ws10,0,open_anchor,2,2,16686,20.9594,471,0.591627,8757,200,0
SE,59709,ws10,0,cell1_baseline,0,3,11168,14.0282,471,0.591627,6469,200,0
SE,59709,ws10,0,cell1_baseline,0,1,15478,19.442,471,0.591627,8863,200,0
SE,59709,ws10,0,cell1_baseline,2,2,5501,6.90985,471,0.591627,3103,200,0
SE,59709,ws10,0,cell1_baseline,2,5,5651,7.09826,471,0.591627,3278,200,0
SE,59709,ws10,0,cell1_baseline,2,1,15051,18.9057,471,0.591627,8108,200,0
SE,59709,ws10,0,cell1_baseline,0,5,12481,15.6775,471,0.591627,7143,200,0
SE,59709,ws10,0,cell1_baseline,0,4,16608,20.8614,471,0.591627,9256,200,0
SE,59709,ws10,0,cell1_baseline,2,4,10813,13.5823,471,0.591627,5759,200,0
SE,59709,ws10,0,cell2_ground,0,1,14440,18.1382,471,0.591627,8096,200,0
SE,59709,ws10,0,cell1_baseline,2,3,15588,19.5802,471,0.591627,8632,200,0
SE,59709,ws10,0,cell2_ground,0,3,10321,12.9643,471,0.591627,5815,200,0
SE,59709,ws10,0,cell2_ground,0,2,14974,18.809,471,0.591627,8341,200,0
SE,59709,ws10,0,cell2_ground,0,4,14589,18.3254,471,0.591627,8171,200,0
SE,59709,ws10,0,cell2_ground,2,1,13871,17.4235,471,0.591627,7358,200,0
SE,59709,ws10,0,cell2_ground,2,2,15963,20.0512,471,0.591627,8561,200,0
SE,59709,ws10,0,cell2_ground,2,4,13710,17.2212,471,0.591627,7402,200,0
SE,59709,ws10,0,cell2_ground,0,5,15333,19.2599,471,0.591627,8578,200,0
SE,59709,ws10,0,cell2_ground,2,5,13941,17.5114,471,0.591627,7427,200,0
SE,59709,ws10,0,cell2_ground,2,3,15950,20.0349,471,0.591627,8522,200,0
SE,59709,ws10,0,cell3_lowonly,0,1,17592,22.0974,471,0.591627,9468,200,0
SE,59709,ws10,0,cell3_lowonly,0,2,17504,21.9869,471,0.591627,9390,200,0
SE,59709,ws10,0,cell3_lowonly,0,3,17424,21.8864,471,0.591627,9367,200,0
SE,59709,ws10,0,cell3_lowonly,0,4,17440,21.9065,471,0.591627,9429,200,0
SE,59709,ws10,0,cell3_lowonly,0,5,17979,22.5836,471,0.591627,9690,200,0
SE,59709,ws10,0,cell3_lowonly,2,1,17586,22.0899,471,0.591627,9486,200,0
SE,59709,ws10,0,cell3_lowonly,2,2,17513,21.9982,471,0.591627,9397,200,0
SE,59709,ws10,0,cell3_lowonly,2,3,17428,21.8914,471,0.591627,9382,200,0
SE,59709,ws10,0,cell3_lowonly,2,4,17445,21.9128,471,0.591627,9392,200,0
SE,59709,ws10,0,cell4_highonly,0,1,16972,21.3187,471,0.591627,9051,200,0
SE,59709,ws10,0,cell4_highonly,0,2,17073,21.4455,471,0.591627,9234,200,0
SE,59709,ws10,0,cell3_lowonly,2,5,18003,22.6137,471,0.591627,9660,200,0
SE,59709,ws10,0,cell4_highonly,0,3,16970,21.3161,471,0.591627,9078,200,0
SE,59709,ws10,0,cell4_highonly,0,4,16928,21.2634,471,0.591627,9156,200,0
SE,59709,ws10,0,cell4_highonly,2,1,16556,20.7961,471,0.591627,8666,200,0
SE,59709,ws10,0,cell4_highonly,2,2,16016,20.1178,471,0.591627,8296,200,0
SE,59709,ws10,0,cell4_highonly,0,5,17515,22.0007,471,0.591627,9517,200,0
SE,59709,ws10,0,cell4_highonly,2,3,16558,20.7986,471,0.591627,8703,200,0
SE,59709,ws10,0,cell4_highonly,2,4,15019,18.8655,471,0.591627,7729,200,0
SE,59709,ws10,0,cell4_highonly,2,5,16647,20.9104,471,0.591627,8761,200,0
SE,59709,ws10,0,cell5_hilly,0,1,17520,22.007,471,0.591627,9410,200,0
SE,59709,ws10,0,cell5_hilly,0,2,17399,21.855,471,0.591627,9307,200,0
SE,59709,ws10,0,cell5_hilly,0,3,17369,21.8173,471,0.591627,9329,200,0
SE,59709,ws10,0,cell5_hilly,0,4,17303,21.7344,471,0.591627,9268,200,0
SE,59709,ws10,0,cell5_hilly,2,2,17366,21.8136,471,0.591627,9302,200,0
SE,59709,ws10,0,cell5_hilly,2,1,17517,22.0032,471,0.591627,9381,200,0
SE,59709,ws10,0,cell5_hilly,0,5,17865,22.4404,471,0.591627,9580,200,0
SE,59709,ws10,0,cell5_hilly,2,3,17386,21.8387,471,0.591627,9340,200,0
SE,59709,ws10,90,none,0,1,16650,20.9142,0,0.0,8853,200,0
SE,59709,ws10,90,none,0,2,16548,20.7861,0,0.0,8795,200,0
SE,59709,ws10,90,none,0,3,16699,20.9757,0,0.0,8906,200,0
SE,59709,ws10,90,none,0,4,16642,20.9041,0,0.0,8880,200,0
SE,59709,ws10,90,none,0,5,17102,21.482,0,0.0,9137,200,0
SE,59709,ws10,90,random,0,1,16535,20.7697,471,0.591627,8723,200,0
SE,59709,ws10,90,random,0,2,16465,20.6818,471,0.591627,8699,200,0
SE,59709,ws10,90,random,0,3,16592,20.8413,471,0.591627,8826,200,0
SE,59709,ws10,90,random,0,4,16273,20.4406,471,0.591627,8739,200,0
SE,59709,ws10,90,random,2,1,16558,20.7986,471,0.591627,8729,200,0
SE,59709,ws10,90,random,0,5,17078,21.4518,471,0.591627,9116,200,0
SE,59709,ws10,90,random,2,2,16475,20.6944,471,0.591627,8713,200,0
SE,59709,ws10,90,random,2,3,16599,20.8501,471,0.591627,8822,200,0
SE,59709,ws10,90,random,2,4,16195,20.3427,471,0.591627,8685,200,0
SE,59709,ws10,90,random,2,5,17070,21.4418,471,0.591627,9112,200,0
SE,59709,ws10,0,cell6_barriers,0,1,17592,22.0974,471,0.591627,9468,200,0
SE,59709,ws10,0,cell5_hilly,2,4,17334,21.7734,471,0.591627,9296,200,0
SE,59709,ws10,0,cell5_hilly,2,5,17929,22.5208,471,0.591627,9615,200,0
SE,59709,ws10,0,cell6_barriers,0,3,17424,21.8864,471,0.591627,9367,200,0
SE,59709,ws10,0,cell6_barriers,0,2,17504,21.9869,471,0.591627,9390,200,0
SE,59709,ws10,90,proximity,0,2,3010,3.78088,471,0.591627,1950,200,0
SE,59709,ws10,0,cell6_barriers,0,4,17440,21.9065,471,0.591627,9429,200,0
SE,59709,ws10,90,proximity,0,4,2157,2.70942,471,0.591627,1453,200,0
SE,59709,ws10,0,cell6_barriers,0,5,17979,22.5836,471,0.591627,9690,200,0
SE,59709,ws10,0,cell6_barriers,2,3,17428,21.8914,471,0.591627,9382,200,0
SE,59709,ws10,0,cell6_barriers,2,1,17586,22.0899,471,0.591627,9486,200,0
SE,59709,ws10,90,proximity,0,3,5633,7.07566,471,0.591627,3537,200,0
SE,59709,ws10,0,cell6_barriers,2,4,17445,21.9128,471,0.591627,9392,200,0
SE,59709,ws10,0,cell6_barriers,2,2,17513,21.9982,471,0.591627,9397,200,0
SE,59709,ws10,90,proximity,2,3,8415,10.5701,471,0.591627,4585,200,0
SE,59709,ws10,90,proximity,2,2,6465,8.12074,471,0.591627,3880,200,0
SE,59709,ws10,90,proximity,2,1,6546,8.22248,471,0.591627,3859,200,0
SE,59709,ws10,90,proximity,0,1,11789,14.8083,471,0.591627,6637,200,0
SE,59709,ws10,0,cell6_barriers,2,5,18003,22.6137,471,0.591627,9660,200,0
SE,59709,ws10,90,proximity,2,4,8464,10.6317,471,0.591627,4860,200,0
SE,59709,ws10,90,open_anchor,0,2,5212,6.54683,471,0.591627,3189,200,0
SE,59709,ws10,90,proximity,2,5,6364,7.99387,471,0.591627,3797,200,0
SE,59709,ws10,90,proximity,0,5,15349,19.28,471,0.591627,8286,200,0
SE,59709,ws10,90,cell1_baseline,0,2,2027,2.54613,471,0.591627,1373,200,0
SE,59709,ws10,90,open_anchor,0,5,4781,6.00545,471,0.591627,2942,200,0
SE,59709,ws10,90,open_anchor,0,4,8753,10.9947,471,0.591627,5204,200,0
SE,59709,ws10,90,open_anchor,2,5,6946,8.72492,471,0.591627,3940,200,0
SE,59709,ws10,90,open_anchor,0,3,10688,13.4253,471,0.591627,6087,200,0
SE,59709,ws10,90,open_anchor,0,1,13873,17.426,471,0.591627,7764,200,0
SE,59709,ws10,90,open_anchor,2,1,14452,18.1533,471,0.591627,7806,200,0
SE,59709,ws10,90,open_anchor,2,2,14298,17.9598,471,0.591627,7730,200,0
SE,59709,ws10,90,cell1_baseline,0,1,13114,16.4726,471,0.591627,7423,200,0
SE,59709,ws10,90,cell1_baseline,2,2,6075,7.63085,471,0.591627,3281,200,0
SE,59709,ws10,90,cell1_baseline,0,4,11140,13.993,471,0.591627,6142,200,0
SE,59709,ws10,90,open_anchor,2,3,16117,20.2447,471,0.591627,8598,200,0
SE,59709,ws10,90,cell1_baseline,2,4,5277,6.62848,471,0.591627,2974,200,0
SE,59709,ws10,90,cell1_baseline,2,5,5324,6.68752,471,0.591627,3035,200,0
SE,59709,ws10,90,open_anchor,2,4,15834,19.8892,471,0.591627,8418,200,0
SE,59709,ws10,90,cell1_baseline,2,1,11706,14.704,471,0.591627,6280,200,0
SE,59709,ws10,90,cell1_baseline,0,3,13558,17.0303,471,0.591627,7435,200,0
SE,59709,ws10,90,cell1_baseline,2,3,12839,16.1272,471,0.591627,6897,200,0
SE,59709,ws10,90,cell1_baseline,0,5,15616,19.6154,471,0.591627,8539,200,0
SE,59709,ws10,90,cell2_ground,0,5,6443,8.0931,471,0.591627,3799,200,0
SE,59709,ws10,90,cell2_ground,0,1,14462,18.1658,471,0.591627,7986,200,0
SE,59709,ws10,90,cell2_ground,2,3,11975,15.0419,471,0.591627,6480,200,0
SE,59709,ws10,90,cell2_ground,2,1,13812,17.3494,471,0.591627,7212,200,0
SE,59709,ws10,90,cell2_ground,2,4,11242,14.1212,471,0.591627,5990,200,0
SE,59709,ws10,90,cell2_ground,0,2,12747,16.0116,471,0.591627,7192,200,0
SE,59709,ws10,90,cell2_ground,2,2,12918,16.2264,471,0.591627,6836,200,0
SE,59709,ws10,90,cell2_ground,0,4,13061,16.406,471,0.591627,7388,200,0
SE,59709,ws10,90,cell2_ground,0,3,13834,17.377,471,0.591627,7565,200,0
SE,59709,ws10,90,cell2_ground,2,5,12920,16.2289,471,0.591627,6959,200,0
SE,59709,ws10,90,cell3_lowonly,0,1,16504,20.7308,471,0.591627,8761,200,0
SE,59709,ws10,90,cell3_lowonly,0,2,16455,20.6693,471,0.591627,8717,200,0
SE,59709,ws10,90,cell3_lowonly,0,3,16630,20.8891,471,0.591627,8793,200,0
SE,59709,ws10,90,cell3_lowonly,0,4,16530,20.7635,471,0.591627,8757,200,0
SE,59709,ws10,90,cell3_lowonly,0,5,16836,21.1478,471,0.591627,8973,200,0
SE,59709,ws10,90,cell3_lowonly,2,1,16533,20.7672,471,0.591627,8758,200,0
SE,59709,ws10,90,cell3_lowonly,2,2,16419,20.624,471,0.591627,8673,200,0
SE,59709,ws10,90,cell4_highonly,0,1,14345,18.0189,471,0.591627,7765,200,0
SE,59709,ws10,90,cell4_highonly,0,2,15682,19.6983,471,0.591627,8471,200,0
SE,59709,ws10,90,cell4_highonly,0,3,14564,18.294,471,0.591627,7838,200,0
SE,59709,ws10,90,cell3_lowonly,2,5,17015,21.3727,471,0.591627,9099,200,0
SE,59709,ws10,90,cell3_lowonly,2,3,16636,20.8966,471,0.591627,8825,200,0
SE,59709,ws10,90,cell3_lowonly,2,4,16567,20.8099,471,0.591627,8774,200,0
SE,59709,ws10,90,cell4_highonly,0,4,14691,18.4535,471,0.591627,7977,200,0
SE,59709,ws10,90,cell4_highonly,2,1,14556,18.2839,471,0.591627,7501,200,0
SE,59709,ws10,90,cell4_highonly,0,5,15830,19.8842,471,0.591627,8602,200,0
SE,59709,ws10,90,cell4_highonly,2,3,16089,20.2095,471,0.591627,8327,200,0
SE,59709,ws10,90,cell4_highonly,2,2,15442,19.3968,471,0.591627,7989,200,0
SE,59709,ws10,90,cell4_highonly,2,4,14171,17.8003,471,0.591627,7171,200,0
SE,59709,ws10,90,cell4_highonly,2,5,14438,18.1357,471,0.591627,7412,200,0
SE,59709,ws10,90,cell5_hilly,0,2,16361,20.5512,471,0.591627,8620,200,0
SE,59709,ws10,90,cell5_hilly,0,1,16365,20.5562,471,0.591627,8612,200,0
SE,59709,ws10,90,cell5_hilly,0,3,16513,20.7421,471,0.591627,8727,200,0
SE,59709,ws10,90,cell5_hilly,0,4,16419,20.624,471,0.591627,8659,200,0
SE,59709,ws10,90,cell5_hilly,2,1,16547,20.7848,471,0.591627,8763,200,0
SE,59709,ws10,90,cell5_hilly,2,2,16346,20.5323,471,0.591627,8602,200,0
SE,59709,ws10,90,cell5_hilly,2,3,16418,20.6228,471,0.591627,8662,200,0
SE,59709,ws10,90,cell5_hilly,0,5,16983,21.3325,471,0.591627,9067,200,0
SE,59709,ws10,180,none,0,1,30240,37.9847,0,0.0,17631,200,0
SE,59709,ws10,180,none,0,2,30229,37.9709,0,0.0,17570,200,0
SE,59709,ws10,180,none,0,3,30040,37.7335,0,0.0,17453,200,0
SE,59709,ws10,180,none,0,4,29929,37.5941,0,0.0,17538,200,0
SE,59709,ws10,180,none,0,5,30637,38.4834,0,0.0,17872,200,0
SE,59709,ws10,180,random,0,1,29677,37.2775,471,0.591627,17247,200,0
SE,59709,ws10,180,random,0,2,30051,37.7473,471,0.591627,17372,200,0
SE,59709,ws10,180,random,0,3,29835,37.476,471,0.591627,17290,200,0
SE,59709,ws10,180,random,0,4,29152,36.6181,471,0.591627,17180,200,0
SE,59709,ws10,180,random,0,5,30524,38.3414,471,0.591627,17780,200,0
SE,59709,ws10,180,random,2,1,29710,37.319,471,0.591627,17301,200,0
SE,59709,ws10,180,random,2,2,29829,37.4684,471,0.591627,17275,200,0
SE,59709,ws10,180,random,2,3,29723,37.3353,471,0.591627,17188,200,0
SE,59709,ws10,90,cell5_hilly,2,4,16447,20.6592,471,0.591627,8709,200,0
SE,59709,ws10,180,random,2,4,28723,36.0792,471,0.591627,16843,200,0
SE,59709,ws10,180,random,2,5,30512,38.3264,471,0.591627,17730,200,0
SE,59709,ws10,90,cell6_barriers,0,1,16504,20.7308,471,0.591627,8761,200,0
SE,59709,ws10,90,cell6_barriers,0,2,16455,20.6693,471,0.591627,8717,200,0
SE,59709,ws10,90,cell5_hilly,2,5,16973,21.3199,471,0.591627,9067,200,0
SE,59709,ws10,90,cell6_barriers,0,4,16530,20.7635,471,0.591627,8757,200,0
SE,59709,ws10,90,cell6_barriers,0,3,16630,20.8891,471,0.591627,8793,200,0
SE,59709,ws10,90,cell6_barriers,2,1,16533,20.7672,471,0.591627,8758,200,0
SE,59709,ws10,90,cell6_barriers,0,5,16836,21.1478,471,0.591627,8973,200,0
SE,59709,ws10,90,cell6_barriers,2,3,16636,20.8966,471,0.591627,8825,200,0
SE,59709,ws10,90,cell6_barriers,2,2,16419,20.624,471,0.591627,8673,200,0
SE,59709,ws10,90,cell6_barriers,2,5,17015,21.3727,471,0.591627,9099,200,0
SE,59709,ws10,180,proximity,0,5,12256,15.3949,471,0.591627,7758,200,0
SE,59709,ws10,90,cell6_barriers,2,4,16567,20.8099,471,0.591627,8774,200,0
SE,59709,ws10,180,proximity,0,3,18516,23.2581,471,0.591627,11367,200,0
SE,59709,ws10,180,proximity,0,2,21566,27.0892,471,0.591627,13615,200,0
SE,59709,ws10,180,open_anchor,0,1,19182,24.0947,471,0.591627,11870,200,0
SE,59709,ws10,180,open_anchor,0,5,16127,20.2573,471,0.591627,10110,200,0
SE,59709,ws10,180,proximity,0,1,25345,31.8361,471,0.591627,15472,200,0
SE,59709,ws10,180,open_anchor,2,2,6941,8.71864,471,0.591627,4174,200,0
SE,59709,ws10,180,proximity,2,3,23043,28.9445,471,0.591627,13769,200,0
SE,59709,ws10,180,proximity,2,2,22653,28.4546,471,0.591627,13747,200,0
SE,59709,ws10,180,proximity,0,4,27146,34.0983,471,0.591627,16314,200,0
SE,59709,ws10,180,proximity,2,1,26225,32.9414,471,0.591627,15382,200,0
SE,59709,ws10,180,proximity,2,4,25609,32.1677,471,0.591627,15414,200,0
SE,59709,ws10,180,open_anchor,0,4,22077,27.7311,471,0.591627,13520,200,0
SE,59709,ws10,180,cell1_baseline,0,3,11456,14.39,471,0.591627,7392,200,0
SE,59709,ws10,180,open_anchor,0,3,26167,32.8686,471,0.591627,15624,200,0
SE,59709,ws10,180,proximity,2,5,29797,37.4282,471,0.591627,17399,200,0
SE,59709,ws10,180,open_anchor,0,2,28488,35.784,471,0.591627,17018,200,0
SE,59709,ws10,180,open_anchor,2,4,19774,24.8383,471,0.591627,11952,200,0
SE,59709,ws10,180,cell1_baseline,0,5,8532,10.7171,471,0.591627,5655,200,0
SE,59709,ws10,180,open_anchor,2,1,25243,31.7079,471,0.591627,15089,200,0
SE,59709,ws10,180,open_anchor,2,5,23139,29.0651,471,0.591627,13900,200,0
SE,59709,ws10,180,cell1_baseline,0,2,19132,24.0319,471,0.591627,12215,200,0
SE,59709,ws10,180,cell1_baseline,0,1,22423,28.1657,471,0.591627,13719,200,0
SE,59709,ws10,180,open_anchor,2,3,27550,34.6058,471,0.591627,16291,200,0
SE,59709,ws10,180,cell1_baseline,0,4,25427,31.9391,471,0.591627,15436,200,0
SE,59709,ws10,180,cell1_baseline,2,3,20096,25.2427,471,0.591627,12366,200,0
SE,59709,ws10,180,cell1_baseline,2,1,27481,34.5191,471,0.591627,16385,200,0
SE,59709,ws10,180,cell1_baseline,2,4,22792,28.6292,471,0.591627,14015,200,0
SE,59709,ws10,180,cell2_ground,2,1,16887,21.2119,471,0.591627,10402,200,0
SE,59709,ws10,180,cell2_ground,0,4,22441,28.1883,471,0.591627,13588,200,0
SE,59709,ws10,180,cell1_baseline,2,2,27813,34.9361,471,0.591627,16249,200,0
SE,59709,ws10,180,cell2_ground,0,3,23334,29.31,471,0.591627,14562,200,0
SE,59709,ws10,180,cell1_baseline,2,5,26374,33.1286,471,0.591627,15897,200,0
SE,59709,ws10,180,cell2_ground,0,1,27674,34.7615,471,0.591627,16616,200,0
SE,59709,ws10,180,cell2_ground,0,5,23844,29.9506,471,0.591627,14135,200,0
SE,59709,ws10,180,cell2_ground,0,2,28418,35.6961,471,0.591627,17207,200,0
SE,59709,ws10,180,cell2_ground,2,2,22636,28.4333,471,0.591627,13155,200,0
SE,59709,ws10,180,cell2_ground,2,3,25528,32.0659,471,0.591627,14898,200,0
SE,59709,ws10,180,cell2_ground,2,5,21348,26.8154,471,0.591627,12649,200,0
SE,59709,ws10,180,cell2_ground,2,4,27970,35.1333,471,0.591627,16643,200,0
SE,59709,ws10,180,cell4_highonly,0,4,7770,9.75996,471,0.591627,4394,200,0
SE,59709,ws10,180,cell3_lowonly,0,1,30080,37.7837,471,0.591627,17504,200,0
SE,59709,ws10,180,cell3_lowonly,0,2,30049,37.7448,471,0.591627,17385,200,0
SE,59709,ws10,180,cell3_lowonly,0,3,29788,37.4169,471,0.591627,17237,200,0
SE,59709,ws10,180,cell3_lowonly,0,4,29756,37.3767,471,0.591627,17298,200,0
SE,59709,ws10,180,cell3_lowonly,2,1,30065,37.7649,471,0.591627,17483,200,0
SE,59709,ws10,180,cell3_lowonly,0,5,30449,38.2472,471,0.591627,17665,200,0
SE,59709,ws10,180,cell3_lowonly,2,2,30037,37.7297,471,0.591627,17383,200,0
SE,59709,ws10,180,cell3_lowonly,2,3,29891,37.5463,471,0.591627,17344,200,0
SE,59709,ws10,180,cell4_highonly,0,1,26980,33.8898,471,0.591627,15525,200,0
SE,59709,ws10,180,cell3_lowonly,2,4,29731,37.3453,471,0.591627,17316,200,0
SE,59709,ws10,180,cell3_lowonly,2,5,30445,38.2422,471,0.591627,17708,200,0
SE,59709,ws10,180,cell4_highonly,0,2,28500,35.7991,471,0.591627,16626,200,0
SE,59709,ws10,180,cell4_highonly,0,3,29138,36.6005,471,0.591627,17066,200,0
SE,59709,ws10,180,cell4_highonly,0,5,29319,36.8278,471,0.591627,17212,200,0
SE,59709,ws10,180,cell4_highonly,2,1,29390,36.917,471,0.591627,16903,200,0
SE,59709,ws10,180,cell4_highonly,2,3,25052,31.468,471,0.591627,14269,200,0
SE,59709,ws10,180,cell4_highonly,2,5,27317,34.3131,471,0.591627,15513,200,0
SE,59709,ws10,180,cell4_highonly,2,2,28606,35.9322,471,0.591627,16294,200,0
SE,59709,ws10,180,cell4_highonly,2,4,26374,33.1286,471,0.591627,15077,200,0
SE,59709,ws10,180,cell5_hilly,0,2,30067,37.7674,471,0.591627,17422,200,0
SE,59709,ws10,180,cell5_hilly,2,2,29889,37.5438,471,0.591627,17237,200,0
SE,59709,ws10,180,cell5_hilly,0,1,30024,37.7134,471,0.591627,17450,200,0
SE,59709,ws10,180,cell5_hilly,0,3,29534,37.0979,471,0.591627,17132,200,0
SE,59709,ws10,180,cell5_hilly,2,1,30068,37.7687,471,0.591627,17385,200,0
SE,59709,ws10,180,cell5_hilly,0,4,29723,37.3353,471,0.591627,17169,200,0
SE,59709,ws10,180,cell5_hilly,0,5,30264,38.0148,471,0.591627,17678,200,0
SE,59709,ws10,270,none,0,1,29026,36.4598,0,0.0,17086,200,0
SE,59709,ws10,270,none,0,2,29034,36.4698,0,0.0,17123,200,0
SE,59709,ws10,270,none,0,3,29258,36.7512,0,0.0,17272,200,0
SE,59709,ws10,270,none,0,4,29482,37.0326,0,0.0,17468,200,0
SE,59709,ws10,270,none,0,5,29466,37.0125,0,0.0,17354,200,0
SE,59709,ws10,270,random,0,1,28650,35.9875,471,0.591627,16849,200,0
SE,59709,ws10,270,random,0,2,28820,36.201,471,0.591627,16915,200,0
SE,59709,ws10,270,random,0,3,29041,36.4786,471,0.591627,16998,200,0
SE,59709,ws10,270,random,0,4,28931,36.3405,471,0.591627,17049,200,0
SE,59709,ws10,270,random,0,5,29336,36.8492,471,0.591627,17251,200,0
SE,59709,ws10,270,random,2,1,28605,35.931,471,0.591627,16771,200,0
SE,59709,ws10,270,random,2,2,28842,36.2287,471,0.591627,16911,200,0
SE,59709,ws10,270,random,2,3,29021,36.4535,471,0.591627,17089,200,0
SE,59709,ws10,270,random,2,4,29079,36.5264,471,0.591627,17111,200,0
SE,59709,ws10,270,random,2,5,29348,36.8643,471,0.591627,17228,200,0
SE,59709,ws10,180,cell5_hilly,2,3,29850,37.4948,471,0.591627,17274,200,0
SE,59709,ws10,180,cell5_hilly,2,5,30320,38.0852,471,0.591627,17552,200,0
SE,59709,ws10,180,cell6_barriers,0,2,30049,37.7448,471,0.591627,17385,200,0
SE,59709,ws10,180,cell6_barriers,0,1,30080,37.7837,471,0.591627,17504,200,0
SE,59709,ws10,180,cell5_hilly,2,4,29574,37.1481,471,0.591627,17232,200,0
SE,59709,ws10,180,cell6_barriers,0,3,29788,37.4169,471,0.591627,17237,200,0
SE,59709,ws10,180,cell6_barriers,0,4,29704,37.3114,471,0.591627,17240,200,0
SE,59709,ws10,180,cell6_barriers,2,4,29731,37.3453,471,0.591627,17316,200,0
SE,59709,ws10,180,cell6_barriers,2,1,30065,37.7649,471,0.591627,17483,200,0
SE,59709,ws10,180,cell6_barriers,0,5,30449,38.2472,471,0.591627,17665,200,0
SE,59709,ws10,180,cell6_barriers,2,2,30037,37.7297,471,0.591627,17383,200,0
SE,59709,ws10,180,cell6_barriers,2,3,29891,37.5463,471,0.591627,17344,200,0
SE,59709,ws10,270,proximity,2,1,17514,21.9995,471,0.591627,10818,200,0
SE,59709,ws10,180,cell6_barriers,2,5,30445,38.2422,471,0.591627,17708,200,0
SE,59709,ws10,270,proximity,0,2,25693,32.2732,471,0.591627,15474,200,0
SE,59709,ws10,270,proximity,0,1,26816,33.6838,471,0.591627,16093,200,0
SE,59709,ws10,270,proximity,0,3,22557,28.334,471,0.591627,13824,200,0
SE,59709,ws10,270,proximity,2,2,19787,24.8546,471,0.591627,12324,200,0
SE,59709,ws10,270,proximity,0,4,24761,31.1025,471,0.591627,14848,200,0
SE,59709,ws10,270,proximity,0,5,26905,33.7956,471,0.591627,16129,200,0
SE,59709,ws10,270,proximity,2,3,23593,29.6354,471,0.591627,14219,200,0
SE,59709,ws10,270,open_anchor,0,3,21293,26.7463,471,0.591627,13389,200,0
SE,59709,ws10,270,open_anchor,0,2,20727,26.0353,471,0.591627,13086,200,0
SE,59709,ws10,270,open_anchor,0,1,21162,26.5818,471,0.591627,13192,200,0
SE,59709,ws10,270,open_anchor,0,4,19819,24.8948,471,0.591627,12448,200,0
SE,59709,ws10,270,open_anchor,2,2,22787,28.6229,471,0.591627,13738,200,0
SE,59709,ws10,270,open_anchor,2,3,21685,27.2387,471,0.591627,13280,200,0
SE,59709,ws10,270,proximity,2,5,24786,31.1339,471,0.591627,14775,200,0
SE,59709,ws10,270,proximity,2,4,23470,29.4809,471,0.591627,13826,200,0
SE,59709,ws10,270,cell1_baseline,0,4,7350,9.23239,471,0.591627,4350,200,0
SE,59709,ws10,270,cell1_baseline,0,1,20220,25.3985,471,0.591627,12583,200,0
SE,59709,ws10,270,open_anchor,2,1,26563,33.366,471,0.591627,15788,200,0
SE,59709,ws10,270,open_anchor,0,5,26486,33.2693,471,0.591627,15775,200,0
SE,59709,ws10,270,open_anchor,2,4,27620,34.6937,471,0.591627,16132,200,0
SE,59709,ws10,270,open_anchor,2,5,28138,35.3444,471,0.591627,16459,200,0
SE,59709,ws10,270,cell1_baseline,2,2,20880,26.2275,471,0.591627,12836,200,0
SE,59709,ws10,270,cell1_baseline,2,3,22209,27.8969,471,0.591627,13579,200,0
SE,59709,ws10,270,cell1_baseline,0,5,25381,31.8813,471,0.591627,15523,200,0
SE,59709,ws10,270,cell1_baseline,0,3,25881,32.5093,471,0.591627,15834,200,0
SE,59709,ws10,270,cell1_baseline,0,2,27469,34.504,471,0.591627,16443,200,0
SE,59709,ws10,270,cell1_baseline,2,4,24737,31.0723,471,0.591627,14930,200,0
SE,59709,ws10,270,cell1_baseline,2,1,27840,34.97,471,0.591627,16349,200,0
SE,59709,ws10,270,cell2_ground,0,2,25307,31.7883,471,0.591627,15177,200,0
SE,59709,ws10,270,cell1_baseline,2,5,27484,34.5229,471,0.591627,16442,200,0
SE,59709,ws10,270,cell2_ground,0,1,26735,33.582,471,0.591627,15869,200,0
SE,59709,ws10,270,cell2_ground,2,4,16564,20.8062,471,0.591627,9581,200,0
SE,59709,ws10,270,cell2_ground,0,3,26910,33.8019,471,0.591627,15990,200,0
SE,59709,ws10,270,cell2_ground,0,4,28265,35.5039,471,0.591627,16917,200,0
SE,59709,ws10,270,cell2_ground,2,2,22428,28.172,471,0.591627,13505,200,0
SE,59709,ws10,270,cell2_ground,2,1,23876,29.9908,471,0.591627,13814,200,0
SE,59709,ws10,270,cell2_ground,0,5,28134,35.3393,471,0.591627,16812,200,0
SE,59709,ws10,270,cell2_ground,2,3,27198,34.1636,471,0.591627,15987,200,0
SE,59709,ws10,270,cell2_ground,2,5,25992,32.6488,471,0.591627,15586,200,0
SE,59709,ws10,270,cell3_lowonly,0,1,28858,36.2488,471,0.591627,16960,200,0
SE,59709,ws10,270,cell3_lowonly,0,2,28881,36.2776,471,0.591627,16926,200,0
SE,59709,ws10,270,cell3_lowonly,0,3,29079,36.5264,471,0.591627,17088,200,0
SE,59709,ws10,270,cell3_lowonly,0,4,29275,36.7726,471,0.591627,17162,200,0
SE,59709,ws10,270,cell3_lowonly,0,5,29306,36.8115,471,0.591627,17200,200,0
SE,59709,ws10,270,cell3_lowonly,2,1,28864,36.2563,471,0.591627,16929,200,0
SE,59709,ws10,270,cell3_lowonly,2,2,28793,36.1671,471,0.591627,16869,200,0
SE,59709,ws10,270,cell3_lowonly,2,3,29103,36.5565,471,0.591627,17126,200,0
SE,59709,ws10,270,cell4_highonly,0,1,25384,31.885,471,0.591627,14785,200,0
SE,59709,ws10,270,cell3_lowonly,2,4,29283,36.7826,471,0.591627,17135,200,0
SE,59709,ws10,270,cell3_lowonly,2,5,29326,36.8366,471,0.591627,17258,200,0
SE,59709,ws10,270,cell4_highonly,0,3,25411,31.919,471,0.591627,14860,200,0
SE,59709,ws10,270,cell4_highonly,0,2,27948,35.1057,471,0.591627,16356,200,0
SE,59709,ws10,270,cell4_highonly,0,4,26150,32.8472,471,0.591627,15221,200,0
SE,59709,ws10,270,cell4_highonly,0,5,24803,31.1552,471,0.591627,14354,200,0
SE,59709,ws10,270,cell4_highonly,2,2,24456,30.7194,471,0.591627,13808,200,0
SE,59709,ws10,270,cell4_highonly,2,1,25712,32.297,471,0.591627,14697,200,0
SE,59709,ws10,270,cell4_highonly,2,3,25632,32.1966,471,0.591627,14636,200,0
SE,59709,ws10,270,cell4_highonly,2,4,27473,34.5091,471,0.591627,15794,200,0
SE,59709,ws10,270,cell4_highonly,2,5,26156,32.8548,471,0.591627,14970,200,0
SE,59709,ws10,270,cell5_hilly,0,1,28878,36.2739,471,0.591627,16996,200,0
SE,59709,ws10,270,cell5_hilly,0,2,28871,36.2651,471,0.591627,16928,200,0
SE,59709,ws10,270,cell5_hilly,0,3,29097,36.549,471,0.591627,17076,200,0
SE,59709,ws10,270,cell5_hilly,0,4,29203,36.6821,471,0.591627,17134,200,0
SE,59709,ws10,270,cell5_hilly,0,5,29306,36.8115,471,0.591627,17141,200,0
SE,59709,ws10,270,cell5_hilly,2,1,28785,36.1571,471,0.591627,16857,200,0
SE,59709,ws10,270,cell5_hilly,2,2,28875,36.2701,471,0.591627,16947,200,0
SE,59709,ws25,0,none,0,1,11085,13.924,0,0.0,4903,200,0
SE,59709,ws10,270,cell5_hilly,2,3,29107,36.5615,471,0.591627,17155,200,0
SE,59709,ws25,0,none,0,2,10918,13.7142,0,0.0,4785,200,0
SE,59709,ws25,0,none,0,3,10784,13.5459,0,0.0,4666,200,0
SE,59709,ws25,0,none,0,4,10749,13.5019,0,0.0,4651,200,0
SE,59709,ws25,0,random,0,1,10989,13.8034,471,0.591627,4771,200,0
SE,59709,ws25,0,none,0,5,11392,14.3096,0,0.0,5046,200,0
SE,59709,ws25,0,random,0,2,10869,13.6526,471,0.591627,4756,200,0
SE,59709,ws25,0,random,0,3,10746,13.4981,471,0.591627,4622,200,0
SE,59709,ws25,0,random,0,4,10660,13.3901,471,0.591627,4422,200,0
SE,59709,ws25,0,random,2,1,11013,13.8335,471,0.591627,4761,200,0
SE,59709,ws25,0,random,0,5,11366,14.2769,471,0.591627,5049,200,0
SE,59709,ws25,0,random,2,2,10888,13.6765,471,0.591627,4763,200,0
SE,59709,ws25,0,random,2,4,10653,13.3813,471,0.591627,4407,200,0
SE,59709,ws25,0,random,2,3,10750,13.5032,471,0.591627,4660,200,0
SE,59709,ws25,0,random,2,5,11368,14.2794,471,0.591627,5023,200,0
SE,59709,ws10,270,cell5_hilly,2,4,29290,36.7914,471,0.591627,17241,200,0
SE,59709,ws10,270,cell5_hilly,2,5,29292,36.7939,471,0.591627,17215,200,0
SE,59709,ws10,270,cell6_barriers,0,1,28858,36.2488,471,0.591627,16960,200,0
SE,59709,ws25,0,proximity,0,1,3894,4.89128,471,0.591627,2352,200,0
SE,59709,ws25,0,proximity,0,3,2345,2.94557,471,0.591627,1524,200,0
SE,59709,ws25,0,proximity,0,2,4313,5.41759,471,0.591627,2541,200,0
SE,59709,ws25,0,proximity,0,4,2991,3.75702,471,0.591627,1681,200,0
SE,59709,ws10,270,cell6_barriers,0,2,28881,36.2776,471,0.591627,16926,200,0
SE,59709,ws25,0,proximity,2,2,2440,3.0649,471,0.591627,1320,200,0
SE,59709,ws10,270,cell6_barriers,0,3,29079,36.5264,471,0.591627,17088,200,0
SE,59709,ws25,0,proximity,0,5,3841,4.82471,471,0.591627,2418,200,0
SE,59709,ws25,0,open_anchor,0,2,847,1.06392,471,0.591627,459,200,0
SE,59709,ws10,270,cell6_barriers,0,4,29275,36.7726,471,0.591627,17162,200,0
SE,59709,ws25,0,proximity,2,1,4613,5.79443,471,0.591627,2471,200,0
SE,59709,ws25,0,proximity,2,3,4536,5.69771,471,0.591627,2351,200,0
SE,59709,ws25,0,proximity,2,4,3260,4.09491,471,0.591627,1851,200,0
SE,59709,ws25,0,proximity,2,5,4543,5.7065,471,0.591627,2381,200,0
SE,59709,ws10,270,cell6_barriers,0,5,29306,36.8115,471,0.591627,17200,200,0
SE,59709,ws25,0,open_anchor,2,4,4239,5.32464,471,0.591627,1611,200,0
SE,59709,ws25,0,open_anchor,0,4,3285,4.12631,471,0.591627,1919,200,0
SE,59709,ws25,0,open_anchor,0,5,3298,4.14264,471,0.591627,1966,200,0
SE,59709,ws25,0,open_anchor,2,3,3421,4.29714,471,0.591627,1844,200,0
SE,59709,ws25,0,open_anchor,0,1,9988,12.546,471,0.591627,4665,200,0
SE,59709,ws25,0,open_anchor,2,1,9565,12.0147,471,0.591627,4269,200,0
SE,59709,ws25,0,open_anchor,2,2,6931,8.70608,471,0.591627,3042,200,0
SE,59709,ws10,270,cell6_barriers,2,1,28864,36.2563,471,0.591627,16929,200,0
SE,59709,ws25,0,open_anchor,0,3,9948,12.4958,471,0.591627,4570,200,0
SE,59709,ws10,270,cell6_barriers,2,3,29103,36.5565,471,0.591627,17126,200,0
SE,59709,ws25,0,cell1_baseline,0,3,1960,2.46197,471,0.591627,1249,200,0
SE,59709,ws25,0,open_anchor,2,5,3384,4.25067,471,0.591627,1807,200,0
SE,59709,ws10,270,cell6_barriers,2,4,29283,36.7826,471,0.591627,17135,200,0
SE,59709,ws25,0,cell1_baseline,0,1,3594,4.51445,471,0.591627,2238,200,0
SE,59709,ws10,270,cell6_barriers,2,2,28793,36.1671,471,0.591627,16869,200,0
SE,59709,ws10,270,cell6_barriers,2,5,29326,36.8366,471,0.591627,17258,200,0
SE,59709,ws25,0,cell1_baseline,0,2,4886,6.13734,471,0.591627,2764,200,0
SE,59709,ws25,0,cell1_baseline,0,5,3518,4.41899,471,0.591627,2128,200,0
SE,59709,ws25,0,cell1_baseline,2,2,2989,3.75451,471,0.591627,1646,200,0
SE,59709,ws25,0,cell1_baseline,2,1,3975,4.99303,471,0.591627,2105,200,0
SE,59709,ws25,0,cell1_baseline,2,5,3691,4.63629,471,0.591627,1860,200,0
SE,59709,ws25,0,cell1_baseline,0,4,8292,10.4156,471,0.591627,3820,200,0
SE,59709,ws25,0,cell2_ground,0,3,3558,4.46923,471,0.591627,2041,200,0
SE,59709,ws25,0,cell1_baseline,2,4,7542,9.47357,471,0.591627,3279,200,0
SE,59709,ws25,0,cell1_baseline,2,3,9398,11.8049,471,0.591627,3999,200,0
SE,59709,ws25,0,cell2_ground,0,1,6136,7.70748,471,0.591627,3149,200,0
SE,59709,ws25,0,cell2_ground,0,2,9470,11.8953,471,0.591627,4585,200,0
SE,59709,ws25,0,cell2_ground,0,4,6023,7.56554,471,0.591627,3053,200,0
SE,59709,ws25,0,cell2_ground,2,3,5080,6.38103,471,0.591627,2575,200,0
SE,59709,ws25,0,cell2_ground,2,5,4112,5.16512,471,0.591627,2192,200,0
SE,59709,ws25,0,cell2_ground,2,1,9270,11.6441,471,0.591627,4169,200,0
SE,59709,ws25,0,cell2_ground,2,4,5051,6.3446,471,0.591627,2638,200,0
SE,59709,ws25,0,cell2_ground,2,2,7392,9.28515,471,0.591627,3514,200,0
SE,59709,ws25,0,cell2_ground,0,5,9439,11.8564,471,0.591627,4582,200,0
SE,59709,ws25,0,cell3_lowonly,0,1,11003,13.821,471,0.591627,4873,200,0
SE,59709,ws25,0,cell3_lowonly,0,3,10682,13.4177,471,0.591627,4636,200,0
SE,59709,ws25,0,cell3_lowonly,0,2,10711,13.4542,471,0.591627,4652,200,0
SE,59709,ws25,0,cell3_lowonly,0,4,10683,13.419,471,0.591627,4637,200,0
SE,59709,ws25,0,cell3_lowonly,2,3,10729,13.4768,471,0.591627,4595,200,0
SE,59709,ws25,0,cell3_lowonly,0,5,11319,14.2179,471,0.591627,4996,200,0
SE,59709,ws25,0,cell3_lowonly,2,2,10875,13.6602,471,0.591627,4766,200,0
SE,59709,ws25,0,cell3_lowonly,2,1,10982,13.7946,471,0.591627,4802,200,0
SE,59709,ws25,0,cell3_lowonly,2,4,10709,13.4517,471,0.591627,4620,200,0
SE,59709,ws25,0,cell4_highonly,0,3,9477,11.9041,471,0.591627,4273,200,0
SE,59709,ws25,0,cell3_lowonly,2,5,11337,14.2405,471,0.591627,4985,200,0
SE,59709,ws25,0,cell4_highonly,0,2,10302,12.9404,471,0.591627,4777,200,0
SE,59709,ws25,0,cell4_highonly,0,1,10256,12.8826,471,0.591627,4627,200,0
SE,59709,ws25,0,cell4_highonly,0,4,9972,12.5259,471,0.591627,4347,200,0
SE,59709,ws25,0,cell4_highonly,2,2,9164,11.511,471,0.591627,3703,200,0
SE,59709,ws25,0,cell4_highonly,2,3,8552,10.7422,471,0.591627,3326,200,0
SE,59709,ws25,0,cell4_highonly,2,1,9152,11.4959,471,0.591627,3850,200,0
SE,59709,ws25,0,cell4_highonly,2,4,9045,11.3615,471,0.591627,3610,200,0
SE,59709,ws25,0,cell4_highonly,0,5,10462,13.1414,471,0.591627,4756,200,0
SE,59709,ws25,0,cell4_highonly,2,5,9148,11.4909,471,0.591627,3856,200,0
SE,59709,ws25,0,cell5_hilly,0,1,11026,13.8498,471,0.591627,4847,200,0
SE,59709,ws25,0,cell5_hilly,0,2,10855,13.635,471,0.591627,4737,200,0
SE,59709,ws25,0,cell5_hilly,0,3,10719,13.4642,471,0.591627,4613,200,0
SE,59709,ws25,0,cell5_hilly,0,4,10697,13.4366,471,0.591627,4609,200,0
SE,59709,ws25,0,cell5_hilly,2,2,10854,13.6338,471,0.591627,4701,200,0
SE,59709,ws25,0,cell5_hilly,2,3,10723,13.4692,471,0.591627,4613,200,0
SE,59709,ws25,0,cell5_hilly,2,1,11025,13.8486,471,0.591627,4861,200,0
SE,59709,ws25,90,none,0,1,12344,15.5054,0,0.0,5705,200,0
SE,59709,ws25,0,cell5_hilly,0,5,11303,14.1978,471,0.591627,4995,200,0
SE,59709,ws25,90,none,0,2,12266,15.4074,0,0.0,5607,200,0
SE,59709,ws25,90,none,0,3,12353,15.5167,0,0.0,5648,200,0
SE,59709,ws25,90,none,0,4,12410,15.5883,0,0.0,5695,200,0
SE,59709,ws25,90,none,0,5,12745,16.0091,0,0.0,5885,200,0
SE,59709,ws25,90,random,0,2,12199,15.3233,471,0.591627,5571,200,0
SE,59709,ws25,90,random,0,1,12254,15.3923,471,0.591627,5761,200,0
SE,59709,ws25,90,random,0,4,11609,14.5822,471,0.591627,5403,200,0
SE,59709,ws25,90,random,0,3,12273,15.4162,471,0.591627,5561,200,0
SE,59709,ws25,90,random,0,5,12734,15.9953,471,0.591627,5873,200,0
SE,59709,ws25,90,random,2,1,12250,15.3873,471,0.591627,5763,200,0
SE,59709,ws25,90,random,2,2,12224,15.3547,471,0.591627,5575,200,0
SE,59709,ws25,90,random,2,3,12198,15.322,471,0.591627,5543,200,0
SE,59709,ws25,90,random,2,4,11624,14.601,471,0.591627,5400,200,0
SE,59709,ws25,90,random,2,5,12736,15.9978,471,0.591627,5879,200,0
SE,59709,ws25,0,cell5_hilly,2,4,10703,13.4441,471,0.591627,4609,200,0
SE,59709,ws25,0,cell6_barriers,0,1,11003,13.821,471,0.591627,4873,200,0
SE,59709,ws25,0,cell6_barriers,0,2,10711,13.4542,471,0.591627,4652,200,0
SE,59709,ws25,0,cell6_barriers,0,3,10682,13.4177,471,0.591627,4636,200,0
SE,59709,ws25,0,cell5_hilly,2,5,11317,14.2154,471,0.591627,4981,200,0
SE,59709,ws25,90,proximity,0,1,1134,1.42443,471,0.591627,786,200,0
SE,59709,ws25,0,cell6_barriers,0,4,10683,13.419,471,0.591627,4637,200,0
SE,59709,ws25,90,proximity,0,2,1771,2.22457,471,0.591627,1124,200,0
SE,59709,ws25,90,proximity,0,4,1114,1.3993,471,0.591627,783,200,0
SE,59709,ws25,90,proximity,0,5,1141,1.43322,471,0.591627,769,200,0
SE,59709,ws25,90,proximity,2,4,526,0.660713,471,0.591627,231,200,0
SE,59709,ws25,0,cell6_barriers,0,5,11319,14.2179,471,0.591627,4996,200,0
SE,59709,ws25,0,cell6_barriers,2,1,10982,13.7946,471,0.591627,4802,200,0
SE,59709,ws25,0,cell6_barriers,2,2,10875,13.6602,471,0.591627,4766,200,0
SE,59709,ws25,90,open_anchor,0,4,302,0.379345,471,0.591627,171,200,0
SE,59709,ws25,90,open_anchor,0,1,815,1.02373,471,0.591627,469,200,0
SE,59709,ws25,0,cell6_barriers,2,3,10729,13.4768,471,0.591627,4595,200,0
SE,59709,ws25,90,proximity,0,3,4539,5.70147,471,0.591627,2476,200,0
SE,59709,ws25,90,open_anchor,2,1,401,0.503699,471,0.591627,162,200,0
SE,59709,ws25,0,cell6_barriers,2,4,10709,13.4517,471,0.591627,4620,200,0
SE,59709,ws25,90,open_anchor,0,3,1175,1.47593,471,0.591627,784,200,0
SE,59709,ws25,0,cell6_barriers,2,5,11337,14.2405,471,0.591627,4985,200,0
SE,59709,ws25,90,proximity,2,2,4690,5.89115,471,0.591627,2729,200,0
SE,59709,ws25,90,proximity,2,1,7804,9.80267,471,0.591627,3831,200,0
SE,59709,ws25,90,proximity,2,5,4243,5.32967,471,0.591627,2417,200,0
SE,59709,ws25,90,open_anchor,0,2,5112,6.42122,471,0.591627,2829,200,0
SE,59709,ws25,90,open_anchor,2,5,4251,5.33971,471,0.591627,2309,200,0
SE,59709,ws25,90,cell1_baseline,0,1,3194,4.01201,471,0.591627,1896,200,0
SE,59709,ws25,90,cell1_baseline,0,4,2507,3.14906,471,0.591627,1587,200,0
SE,59709,ws25,90,cell1_baseline,2,2,1399,1.75729,471,0.591627,774,200,0
SE,59709,ws25,90,open_anchor,0,5,5917,7.43239,471,0.591627,3144,200,0
SE,59709,ws25,90,open_anchor,2,4,9275,11.6504,471,0.591627,3949,200,0
SE,59709,ws25,90,proximity,2,3,10260,12.8877,471,0.591627,4810,200,0
SE,59709,ws25,90,cell1_baseline,0,5,3144,3.9492,471,0.591627,1856,200,0
SE,59709,ws25,90,open_anchor,2,2,7908,9.9333,471,0.591627,3750,200,0
SE,59709,ws25,90,open_anchor,2,3,9641,12.1101,471,0.591627,4613,200,0
SE,59709,ws25,90,cell1_baseline,0,2,6491,8.1534,471,0.591627,3603,200,0
SE,59709,ws25,90,cell1_baseline,0,3,7867,9.8818,471,0.591627,4075,200,0
SE,59709,ws25,90,cell1_baseline,2,5,2379,2.98828,471,0.591627,1265,200,0
SE,59709,ws25,90,cell1_baseline,2,1,9708,12.1943,471,0.591627,4426,200,0
SE,59709,ws25,90,cell1_baseline,2,3,7915,9.94209,471,0.591627,3899,200,0
SE,59709,ws25,90,cell2_ground,0,2,6288,7.89841,471,0.591627,3095,200,0
SE,59709,ws25,90,cell1_baseline,2,4,6739,8.46491,471,0.591627,3391,200,0
SE,59709,ws25,90,cell2_ground,2,5,4910,6.16749,471,0.591627,2505,200,0
SE,59709,ws25,90,cell2_ground,0,3,6815,8.56038,471,0.591627,3474,200,0
SE,59709,ws25,90,cell2_ground,0,5,8144,10.2297,471,0.591627,4363,200,0
SE,59709,ws25,90,cell2_ground,2,1,7905,9.92953,471,0.591627,3878,200,0
SE,59709,ws25,90,cell2_ground,0,1,10308,12.948,471,0.591627,5169,200,0
SE,59709,ws25,90,cell2_ground,0,4,9583,12.0373,471,0.591627,4767,200,0
SE,59709,ws25,90,cell2_ground,2,3,7534,9.46352,471,0.591627,3746,200,0
SE,59709,ws25,90,cell2_ground,2,2,9055,11.3741,471,0.591627,4255,200,0
SE,59709,ws25,90,cell2_ground,2,4,8764,11.0085,471,0.591627,4234,200,0
SE,59709,ws25,90,cell3_lowonly,0,1,12272,15.415,471,0.591627,5663,200,0
SE,59709,ws25,90,cell3_lowonly,0,2,12179,15.2981,471,0.591627,5510,200,0
SE,59709,ws25,90,cell3_lowonly,0,3,12272,15.415,471,0.591627,5580,200,0
SE,59709,ws25,90,cell3_lowonly,0,4,12321,15.4765,471,0.591627,5662,200,0
SE,59709,ws25,90,cell3_lowonly,0,5,12593,15.8182,471,0.591627,5820,200,0
SE,59709,ws25,90,cell3_lowonly,2,1,12307,15.4589,471,0.591627,5662,200,0
SE,59709,ws25,90,cell3_lowonly,2,2,12201,15.3258,471,0.591627,5576,200,0
SE,59709,ws25,90,cell3_lowonly,2,3,12299,15.4489,471,0.591627,5614,200,0
SE,59709,ws25,90,cell4_highonly,0,1,10845,13.6225,471,0.591627,5081,200,0
SE,59709,ws25,90,cell3_lowonly,2,4,12299,15.4489,471,0.591627,5643,200,0
SE,59709,ws25,90,cell4_highonly,0,4,9917,12.4568,471,0.591627,4660,200,0
SE,59709,ws25,90,cell4_highonly,0,3,10995,13.8109,471,0.591627,5183,200,0
SE,59709,ws25,90,cell4_highonly,0,2,10754,13.5082,471,0.591627,5022,200,0
SE,59709,ws25,90,cell3_lowonly,2,5,12651,15.891,471,0.591627,5834,200,0
SE,59709,ws25,90,cell4_highonly,0,5,10318,12.9605,471,0.591627,4824,200,0
SE,59709,ws25,90,cell4_highonly,2,5,7075,8.88696,471,0.591627,2787,200,0
SE,59709,ws25,90,cell4_highonly,2,1,10579,13.2884,471,0.591627,4614,200,0
SE,59709,ws25,90,cell4_highonly,2,2,10392,13.0535,471,0.591627,4347,200,0
SE,59709,ws25,90,cell4_highonly,2,3,10796,13.5609,471,0.591627,4619,200,0
SE,59709,ws25,90,cell4_highonly,2,4,11234,14.1111,471,0.591627,4813,200,0
SE,59709,ws25,90,cell5_hilly,0,1,12238,15.3722,471,0.591627,5653,200,0
SE,59709,ws25,90,cell5_hilly,0,2,11861,14.8987,471,0.591627,5406,200,0
SE,59709,ws25,90,cell5_hilly,0,3,12168,15.2843,471,0.591627,5580,200,0
SE,59709,ws25,90,cell5_hilly,0,4,12149,15.2605,471,0.591627,5585,200,0
SE,59709,ws25,90,cell5_hilly,2,2,12155,15.268,471,0.591627,5548,200,0
SE,59709,ws25,90,cell5_hilly,2,1,12161,15.2755,471,0.591627,5631,200,0
SE,59709,ws25,90,cell5_hilly,2,3,12285,15.4313,471,0.591627,5657,200,0
SE,59709,ws25,90,cell5_hilly,0,5,12555,15.7704,471,0.591627,5755,200,0
SE,59709,ws25,180,none,0,1,23693,29.761,0,0.0,12562,200,0
SE,59709,ws25,180,none,0,2,23950,30.0838,0,0.0,12709,200,0
SE,59709,ws25,180,none,0,3,24057,30.2182,0,0.0,12689,200,0
SE,59709,ws25,180,none,0,4,23741,29.8213,0,0.0,12590,200,0
SE,59709,ws25,180,none,0,5,24030,30.1843,0,0.0,12683,200,0
SE,59709,ws25,180,random,0,1,23493,29.5097,471,0.591627,12359,200,0
SE,59709,ws25,180,random,0,2,23803,29.8991,471,0.591627,12530,200,0
SE,59709,ws25,180,random,0,3,23756,29.8401,471,0.591627,12455,200,0
SE,59709,ws25,180,random,0,4,23690,29.7572,471,0.591627,12526,200,0
SE,59709,ws25,180,random,0,5,23948,30.0813,471,0.591627,12599,200,0
SE,59709,ws25,180,random,2,1,23496,29.5135,471,0.591627,12324,200,0
SE,59709,ws25,180,random,2,2,23729,29.8062,471,0.591627,12517,200,0
SE,59709,ws25,180,random,2,3,23662,29.722,471,0.591627,12392,200,0
SE,59709,ws25,180,random,2,4,23661,29.7208,471,0.591627,12557,200,0
SE,59709,ws25,180,random,2,5,23967,30.1051,471,0.591627,12614,200,0
SE,59709,ws25,90,cell5_hilly,2,4,12145,15.2554,471,0.591627,5552,200,0
SE,59709,ws25,90,cell6_barriers,0,1,12272,15.415,471,0.591627,5663,200,0
SE,59709,ws25,90,cell5_hilly,2,5,12655,15.896,471,0.591627,5791,200,0
SE,59709,ws25,90,cell6_barriers,0,2,12179,15.2981,471,0.591627,5510,200,0
SE,59709,ws25,90,cell6_barriers,0,3,12272,15.415,471,0.591627,5580,200,0
SE,59709,ws25,90,cell6_barriers,0,4,12321,15.4765,471,0.591627,5662,200,0
SE,59709,ws25,90,cell6_barriers,0,5,12593,15.8182,471,0.591627,5820,200,0
SE,59709,ws25,180,proximity,0,2,4482,5.62988,471,0.591627,2568,200,0
SE,59709,ws25,90,cell6_barriers,2,1,12307,15.4589,471,0.591627,5662,200,0
SE,59709,ws25,90,cell6_barriers,2,2,12201,15.3258,471,0.591627,5576,200,0
SE,59709,ws25,90,cell6_barriers,2,3,12299,15.4489,471,0.591627,5614,200,0
SE,59709,ws25,90,cell6_barriers,2,4,12299,15.4489,471,0.591627,5643,200,0
SE,59709,ws25,90,cell6_barriers,2,5,12651,15.891,471,0.591627,5834,200,0
SE,59709,ws25,180,proximity,0,5,9963,12.5146,471,0.591627,5742,200,0
SE,59709,ws25,180,open_anchor,0,4,66,0.0829031,471,0.591627,47,200,0
SE,59709,ws25,180,proximity,0,4,10481,13.1653,471,0.591627,6202,200,0
SE,59709,ws25,180,proximity,2,2,10214,12.8299,471,0.591627,5810,200,0
SE,59709,ws25,180,proximity,2,1,12190,15.312,471,0.591627,6869,200,0
SE,59709,ws25,180,proximity,0,1,15134,19.0099,471,0.591627,8822,200,0
SE,59709,ws25,180,proximity,2,5,7178,9.01634,471,0.591627,3836,200,0
SE,59709,ws25,180,proximity,0,3,17738,22.2808,471,0.591627,10382,200,0
SE,59709,ws25,180,proximity,2,3,13062,16.4073,471,0.591627,7557,200,0
SE,59709,ws25,180,open_anchor,0,1,14724,18.4949,471,0.591627,8492,200,0
SE,59709,ws25,180,open_anchor,0,5,12391,15.5644,471,0.591627,6966,200,0
SE,59709,ws25,180,open_anchor,0,3,13045,16.3859,471,0.591627,7615,200,0
SE,59709,ws25,180,open_anchor,2,1,15042,18.8944,471,0.591627,8300,200,0
SE,59709,ws25,180,open_anchor,0,2,15440,19.3943,471,0.591627,8642,200,0
SE,59709,ws25,180,open_anchor,2,3,13723,17.2376,471,0.591627,7801,200,0
SE,59709,ws25,180,open_anchor,2,4,14741,18.5163,471,0.591627,8075,200,0
SE,59709,ws25,180,proximity,2,4,19986,25.1046,471,0.591627,10535,200,0
SE,59709,ws25,180,open_anchor,2,2,16726,21.0097,471,0.591627,9268,200,0
SE,59709,ws25,180,cell1_baseline,0,5,4760,5.97907,471,0.591627,2995,200,0
SE,59709,ws25,180,cell1_baseline,0,1,14590,18.3266,471,0.591627,8291,200,0
SE,59709,ws25,180,open_anchor,2,5,18914,23.758,471,0.591627,10149,200,0
SE,59709,ws25,180,cell1_baseline,0,3,14310,17.9749,471,0.591627,7874,200,0
SE,59709,ws25,180,cell1_baseline,0,4,14399,18.0867,471,0.591627,8043,200,0
SE,59709,ws25,180,cell1_baseline,0,2,17387,21.8399,471,0.591627,9746,200,0
SE,59709,ws25,180,cell2_ground,0,3,4670,5.86602,471,0.591627,2905,200,0
SE,59709,ws25,180,cell1_baseline,2,1,16280,20.4494,471,0.591627,9185,200,0
SE,59709,ws25,180,cell2_ground,0,4,9047,11.364,471,0.591627,5264,200,0
SE,59709,ws25,180,cell1_baseline,2,5,16932,21.2684,471,0.591627,8744,200,0
SE,59709,ws25,180,cell1_baseline,2,3,16922,21.2559,471,0.591627,9405,200,0
SE,59709,ws25,180,cell2_ground,0,5,12609,15.8383,471,0.591627,6741,200,0
SE,59709,ws25,180,cell1_baseline,2,2,19957,25.0681,471,0.591627,10698,200,0
SE,59709,ws25,180,cell2_ground,0,1,17805,22.365,471,0.591627,10123,200,0
SE,59709,ws25,180,cell1_baseline,2,4,20025,25.1536,471,0.591627,10867,200,0
SE,59709,ws25,180,cell2_ground,0,2,21018,26.4009,471,0.591627,11493,200,0
SE,59709,ws25,180,cell2_ground,2,2,10751,13.5044,471,0.591627,5761,200,0
SE,59709,ws25,180,cell2_ground,2,1,17531,22.0208,471,0.591627,9727,200,0
SE,59709,ws25,180,cell2_ground,2,4,16112,20.2384,471,0.591627,8949,200,0
SE,59709,ws25,180,cell2_ground,2,3,15294,19.2109,471,0.591627,8184,200,0
SE,59709,ws25,180,cell4_highonly,0,3,730,0.916959,471,0.591627,403,200,0
SE,59709,ws25,180,cell4_highonly,0,4,38,0.0477321,471,0.591627,30,200,0
SE,59709,ws25,180,cell2_ground,2,5,19256,24.1876,471,0.591627,10319,200,0
SE,59709,ws25,180,cell3_lowonly,0,1,23529,29.555,471,0.591627,12393,200,0
SE,59709,ws25,180,cell3_lowonly,0,3,23813,29.9117,471,0.591627,12520,200,0
SE,59709,ws25,180,cell3_lowonly,0,4,23521,29.5449,471,0.591627,12431,200,0
SE,59709,ws25,180,cell3_lowonly,2,1,23489,29.5047,471,0.591627,12405,200,0
SE,59709,ws25,180,cell3_lowonly,0,2,23764,29.8501,471,0.591627,12528,200,0
SE,59709,ws25,180,cell3_lowonly,0,5,23787,29.879,471,0.591627,12558,200,0
SE,59709,ws25,180,cell3_lowonly,2,2,23795,29.8891,471,0.591627,12605,200,0
SE,59709,ws25,180,cell3_lowonly,2,3,23850,29.9582,471,0.591627,12514,200,0
SE,59709,ws25,180,cell4_highonly,0,1,19283,24.2215,471,0.591627,10074,200,0
SE,59709,ws25,180,cell3_lowonly,2,5,23879,29.9946,471,0.591627,12561,200,0
SE,59709,ws25,180,cell3_lowonly,2,4,23578,29.6165,471,0.591627,12468,200,0
SE,59709,ws25,180,cell4_highonly,0,2,21048,26.4386,471,0.591627,11209,200,0
SE,59709,ws25,180,cell4_highonly,2,1,19052,23.9314,471,0.591627,9484,200,0
SE,59709,ws25,180,cell4_highonly,0,5,23140,29.0663,471,0.591627,12158,200,0
SE,59709,ws25,180,cell4_highonly,2,4,20113,25.2641,471,0.591627,10154,200,0
SE,59709,ws25,180,cell4_highonly,2,2,22166,27.8429,471,0.591627,11140,200,0
SE,59709,ws25,180,cell4_highonly,2,3,22756,28.584,471,0.591627,11652,200,0
SE,59709,ws25,180,cell4_highonly,2,5,21679,27.2312,471,0.591627,10891,200,0
SE,59709,ws25,180,cell5_hilly,0,1,23525,29.5499,471,0.591627,12477,200,0
SE,59709,ws25,180,cell5_hilly,0,2,23705,29.776,471,0.591627,12615,200,0
SE,59709,ws25,180,cell5_hilly,0,4,23490,29.506,471,0.591627,12434,200,0
SE,59709,ws25,180,cell5_hilly,0,3,23395,29.3866,471,0.591627,12313,200,0
SE,59709,ws25,180,cell5_hilly,0,5,23700,29.7698,471,0.591627,12490,200,0
SE,59709,ws25,180,cell5_hilly,2,1,23461,29.4695,471,0.591627,12335,200,0
SE,59709,ws25,180,cell5_hilly,2,2,23709,29.7811,471,0.591627,12570,200,0
SE,59709,ws25,270,none,0,1,25359,31.8536,0,0.0,13976,200,0
SE,59709,ws25,180,cell5_hilly,2,3,23658,29.717,471,0.591627,12482,200,0
SE,59709,ws25,270,none,0,2,25341,31.831,0,0.0,13999,200,0
SE,59709,ws25,270,none,0,3,25336,31.8247,0,0.0,13986,200,0
SE,59709,ws25,270,none,0,4,25373,31.8712,0,0.0,13931,200,0
SE,59709,ws25,270,none,0,5,25698,32.2795,0,0.0,14128,200,0
SE,59709,ws25,270,random,0,1,25149,31.5899,471,0.591627,13786,200,0
SE,59709,ws25,270,random,0,2,25157,31.5999,471,0.591627,13800,200,0
SE,59709,ws25,270,random,0,4,24798,31.149,471,0.591627,13575,200,0
SE,59709,ws25,270,random,0,3,25165,31.61,471,0.591627,13749,200,0
SE,59709,ws25,270,random,2,1,25145,31.5848,471,0.591627,13810,200,0
SE,59709,ws25,270,random,0,5,25599,32.1551,471,0.591627,14049,200,0
SE,59709,ws25,270,random,2,3,25167,31.6125,471,0.591627,13771,200,0
SE,59709,ws25,270,random,2,2,25145,31.5848,471,0.591627,13797,200,0
SE,59709,ws25,180,cell5_hilly,2,4,23672,29.7346,471,0.591627,12491,200,0
SE,59709,ws25,270,random,2,4,24796,31.1464,471,0.591627,13620,200,0
SE,59709,ws25,270,random,2,5,25604,32.1614,471,0.591627,14035,200,0
SE,59709,ws25,180,cell5_hilly,2,5,23708,29.7798,471,0.591627,12508,200,0
SE,59709,ws25,180,cell6_barriers,0,1,23529,29.555,471,0.591627,12393,200,0
SE,59709,ws25,180,cell6_barriers,0,2,23764,29.8501,471,0.591627,12528,200,0
SE,59709,ws25,180,cell6_barriers,0,3,23813,29.9117,471,0.591627,12520,200,0
SE,59709,ws25,180,cell6_barriers,0,4,23557,29.5901,471,0.591627,12447,200,0
SE,59709,ws25,270,proximity,0,1,13720,17.2338,471,0.591627,8371,200,0
SE,59709,ws25,180,cell6_barriers,2,3,23850,29.9582,471,0.591627,12514,200,0
SE,59709,ws25,270,proximity,2,4,219,0.275088,471,0.591627,109,200,0
SE,59709,ws25,180,cell6_barriers,2,5,23879,29.9946,471,0.591627,12561,200,0
SE,59709,ws25,180,cell6_barriers,0,5,23787,29.879,471,0.591627,12558,200,0
SE,59709,ws25,180,cell6_barriers,2,2,23795,29.8891,471,0.591627,12605,200,0
SE,59709,ws25,180,cell6_barriers,2,1,23489,29.5047,471,0.591627,12405,200,0
SE,59709,ws25,180,cell6_barriers,2,4,23578,29.6165,471,0.591627,12468,200,0
SE,59709,ws25,270,open_anchor,0,5,237,0.297698,471,0.591627,140,200,0
SE,59709,ws25,270,proximity,0,3,18151,22.7996,471,0.591627,11237,200,0
SE,59709,ws25,270,proximity,0,2,18609,23.3749,471,0.591627,11371,200,0
SE,59709,ws25,270,proximity,0,4,19971,25.0857,471,0.591627,11690,200,0
SE,59709,ws25,270,proximity,2,2,16991,21.3425,471,0.591627,9999,200,0
SE,59709,ws25,270,proximity,0,5,17414,21.8739,471,0.591627,10638,200,0
SE,59709,ws25,270,cell1_baseline,0,1,279,0.350454,471,0.591627,180,200,0
SE,59709,ws25,270,proximity,2,1,19443,24.4225,471,0.591627,11460,200,0
SE,59709,ws25,270,proximity,2,5,15586,19.5777,471,0.591627,8624,200,0
SE,59709,ws25,270,open_anchor,0,4,13918,17.4825,471,0.591627,8082,200,0
SE,59709,ws25,270,cell1_baseline,0,4,418,0.525053,471,0.591627,257,200,0
SE,59709,ws25,270,proximity,2,3,23404,29.3979,471,0.591627,12711,200,0
SE,59709,ws25,270,open_anchor,0,2,18239,22.9102,471,0.591627,10878,200,0
SE,59709,ws25,270,open_anchor,2,5,17410,21.8688,471,0.591627,9465,200,0
SE,59709,ws25,270,open_anchor,2,3,20222,25.401,471,0.591627,11740,200,0
SE,59709,ws25,270,open_anchor,0,1,19339,24.2919,471,0.591627,11718,200,0
SE,59709,ws25,270,open_anchor,0,3,20074,25.2151,471,0.591627,12139,200,0
SE,59709,ws25,270,open_anchor,2,2,20210,25.3859,471,0.591627,11858,200,0
SE,59709,ws25,270,open_anchor,2,4,20566,25.8331,471,0.591627,11803,200,0
SE,59709,ws25,270,cell1_baseline,0,2,13349,16.7678,471,0.591627,8294,200,0
SE,59709,ws25,270,open_anchor,2,1,23438,29.4407,471,0.591627,12939,200,0
SE,59709,ws25,270,cell1_baseline,0,3,19308,24.2529,471,0.591627,11646,200,0
SE,59709,ws25,270,cell1_baseline,0,5,21660,27.2073,471,0.591627,12726,200,0
SE,59709,ws25,270,cell1_baseline,2,4,17947,22.5434,471,0.591627,10155,200,0
SE,59709,ws25,270,cell1_baseline,2,2,20294,25.4915,471,0.591627,11702,200,0
SE,59709,ws25,270,cell2_ground,2,5,428,0.537614,471,0.591627,207,200,0
SE,59709,ws25,270,cell1_baseline,2,3,21006,26.3858,471,0.591627,12132,200,0
SE,59709,ws25,270,cell2_ground,0,4,17509,21.9932,471,0.591627,9665,200,0
SE,59709,ws25,270,cell2_ground,0,5,18129,22.772,471,0.591627,10080,200,0
SE,59709,ws25,270,cell2_ground,0,1,19737,24.7918,471,0.591627,11749,200,0
SE,59709,ws25,270,cell1_baseline,2,1,23782,29.8728,471,0.591627,13269,200,0
SE,59709,ws25,270,cell1_baseline,2,5,21831,27.4221,471,0.591627,12171,200,0
SE,59709,ws25,270,cell2_ground,0,2,21055,26.4473,471,0.591627,11821,200,0
SE,59709,ws25,270,cell2_ground,2,1,21234,26.6722,471,0.591627,12257,200,0
SE,59709,ws25,270,cell2_ground,0,3,23598,29.6416,471,0.591627,13536,200,0
SE,59709,ws25,270,cell2_ground,2,2,23557,29.5901,471,0.591627,13199,200,0
SE,59709,ws25,270,cell2_ground,2,4,16989,21.34,471,0.591627,9179,200,0
SE,59709,ws25,270,cell4_highonly,0,2,198,0.248709,471,0.591627,119,200,0
SE,59709,ws25,270,cell2_ground,2,3,22083,27.7386,471,0.591627,12447,200,0
SE,59709,ws25,270,cell4_highonly,0,4,125,0.157013,471,0.591627,87,200,0
SE,59709,ws25,270,cell3_lowonly,0,2,25196,31.6489,471,0.591627,13809,200,0
SE,59709,ws25,270,cell4_highonly,2,2,528,0.663225,471,0.591627,199,200,0
SE,59709,ws25,270,cell3_lowonly,0,3,25173,31.62,471,0.591627,13856,200,0
SE,59709,ws25,270,cell3_lowonly,0,1,25197,31.6501,471,0.591627,13862,200,0
SE,59709,ws25,270,cell3_lowonly,0,4,25194,31.6464,471,0.591627,13724,200,0
SE,59709,ws25,270,cell3_lowonly,0,5,25424,31.9353,471,0.591627,13921,200,0
SE,59709,ws25,270,cell3_lowonly,2,1,25234,31.6966,471,0.591627,13863,200,0
SE,59709,ws25,270,cell3_lowonly,2,2,25203,31.6577,471,0.591627,13811,200,0
SE,59709,ws25,270,cell4_highonly,2,1,19571,24.5833,471,0.591627,9726,200,0
SE,59709,ws25,270,cell3_lowonly,2,4,25226,31.6866,471,0.591627,13750,200,0
SE,59709,ws25,270,cell3_lowonly,2,3,25175,31.6225,471,0.591627,13865,200,0
SE,59709,ws25,270,cell3_lowonly,2,5,25563,32.1099,471,0.591627,14047,200,0
SE,59709,ws25,270,cell4_highonly,0,1,23979,30.1202,471,0.591627,13230,200,0
SE,59709,ws25,270,cell4_highonly,0,3,23487,29.5022,471,0.591627,12867,200,0
SE,59709,ws25,270,cell4_highonly,0,5,23402,29.3954,471,0.591627,12672,200,0
SE,59709,ws25,270,cell4_highonly,2,3,17606,22.115,471,0.591627,8879,200,0
SE,59709,ws25,270,cell4_highonly,2,5,22853,28.7058,471,0.591627,11949,200,0
SE,59709,ws25,270,cell4_highonly,2,4,24164,30.3526,471,0.591627,12795,200,0
SE,59709,ws25,270,cell5_hilly,0,1,25186,31.6363,471,0.591627,13825,200,0
SE,59709,ws25,270,cell5_hilly,0,2,25167,31.6125,471,0.591627,13795,200,0
SE,59709,ws25,270,cell5_hilly,0,3,25157,31.5999,471,0.591627,13753,200,0
SE,59709,ws25,270,cell5_hilly,0,4,25208,31.664,471,0.591627,13781,200,0
SE,59709,ws25,270,cell5_hilly,0,5,25556,32.1011,471,0.591627,14034,200,0
SE,59709,ws25,270,cell5_hilly,2,2,25197,31.6501,471,0.591627,13835,200,0
SE,59709,ws25,270,cell5_hilly,2,4,25180,31.6288,471,0.591627,13753,200,0
SE,59709,ws25,270,cell5_hilly,2,1,25221,31.6803,471,0.591627,13819,200,0
SE,59709,ws43,0,none,0,1,8970,11.2673,0,0.0,3669,200,0
SE,59709,ws43,0,none,0,2,8846,11.1115,0,0.0,3637,200,0
SE,59709,ws43,0,none,0,3,8706,10.9357,0,0.0,3542,200,0
SE,59709,ws43,0,none,0,4,8698,10.9256,0,0.0,3542,200,0
SE,59709,ws43,0,none,0,5,9197,11.5524,0,0.0,3821,200,0
SE,59709,ws43,0,random,0,1,8884,11.1593,471,0.591627,3566,200,0
SE,59709,ws43,0,random,0,2,8813,11.0701,471,0.591627,3617,200,0
SE,59709,ws43,0,random,0,3,8673,10.8942,471,0.591627,3518,200,0
SE,59709,ws43,0,random,0,4,8620,10.8276,471,0.591627,3323,200,0
SE,59709,ws43,0,random,0,5,9172,11.521,471,0.591627,3802,200,0
SE,59709,ws43,0,random,2,1,8893,11.1706,471,0.591627,3562,200,0
SE,59709,ws25,270,cell6_barriers,0,1,25197,31.6501,471,0.591627,13862,200,0
SE,59709,ws43,0,random,2,2,8821,11.0801,471,0.591627,3623,200,0
SE,59709,ws43,0,random,2,3,8676,10.898,471,0.591627,3543,200,0
SE,59709,ws43,0,random,2,4,8633,10.844,471,0.591627,3310,200,0
SE,59709,ws43,0,random,2,5,9155,11.4997,471,0.591627,3781,200,0
SE,59709,ws25,270,cell5_hilly,2,3,25138,31.576,471,0.591627,13776,200,0
SE,59709,ws25,270,cell5_hilly,2,5,25543,32.0848,471,0.591627,14039,200,0
SE,59709,ws43,0,proximity,0,2,949,1.19205,471,0.591627,639,200,0
SE,59709,ws43,0,proximity,0,4,944,1.18577,471,0.591627,614,200,0
SE,59709,ws25,270,cell6_barriers,0,2,25196,31.6489,471,0.591627,13809,200,0
SE,59709,ws43,0,proximity,0,5,1627,2.04369,471,0.591627,1026,200,0
SE,59709,ws43,0,proximity,0,1,2525,3.17167,471,0.591627,1679,200,0
SE,59709,ws43,0,proximity,0,3,3027,3.80224,471,0.591627,1794,200,0
SE,59709,ws43,0,proximity,2,1,3665,4.60364,471,0.591627,1959,200,0
SE,59709,ws25,270,cell6_barriers,0,4,25194,31.6464,471,0.591627,13724,200,0
SE,59709,ws43,0,open_anchor,0,2,122,0.153245,471,0.591627,82,200,0
SE,59709,ws25,270,cell6_barriers,0,3,25173,31.62,471,0.591627,13856,200,0
SE,59709,ws43,0,proximity,2,3,2358,2.9619,471,0.591627,1182,200,0
SE,59709,ws43,0,proximity,2,2,2760,3.46686,471,0.591627,1523,200,0
SE,59709,ws43,0,open_anchor,0,4,1015,1.27495,471,0.591627,601,200,0
SE,59709,ws43,0,proximity,2,4,3429,4.30719,471,0.591627,1849,200,0
SE,59709,ws43,0,open_anchor,0,3,2442,3.06742,471,0.591627,1380,200,0
SE,59709,ws43,0,proximity,2,5,3539,4.44537,471,0.591627,1965,200,0
SE,59709,ws43,0,open_anchor,0,1,7399,9.29394,471,0.591627,3374,200,0
SE,59709,ws43,0,open_anchor,0,5,3618,4.5446,471,0.591627,2170,200,0
SE,59709,ws25,270,cell6_barriers,2,5,25563,32.1099,471,0.591627,14047,200,0
SE,59709,ws43,0,open_anchor,2,3,5093,6.39736,471,0.591627,2277,200,0
SE,59709,ws43,0,open_anchor,2,1,5536,6.95381,471,0.591627,2497,200,0
SE,59709,ws43,0,open_anchor,2,2,6895,8.66086,471,0.591627,2477,200,0
SE,59709,ws43,0,cell1_baseline,0,1,2259,2.83755,471,0.591627,1493,200,0
SE,59709,ws43,0,open_anchor,2,5,5008,6.29059,471,0.591627,2374,200,0
SE,59709,ws25,270,cell6_barriers,2,2,25203,31.6577,471,0.591627,13811,200,0
SE,59709,ws25,270,cell6_barriers,2,1,25234,31.6966,471,0.591627,13863,200,0
SE,59709,ws25,270,cell6_barriers,2,4,25226,31.6866,471,0.591627,13750,200,0
SE,59709,ws25,270,cell6_barriers,0,5,25424,31.9353,471,0.591627,13921,200,0
SE,59709,ws43,0,cell1_baseline,0,2,1540,1.93441,471,0.591627,1042,200,0
SE,59709,ws43,0,open_anchor,2,4,4690,5.89115,471,0.591627,2148,200,0
SE,59709,ws43,0,cell1_baseline,0,3,2652,3.3312,471,0.591627,1540,200,0
SE,59709,ws43,0,cell1_baseline,2,2,3325,4.17656,471,0.591627,1664,200,0
SE,59709,ws43,0,cell1_baseline,0,4,4404,5.5319,471,0.591627,2443,200,0
SE,59709,ws25,270,cell6_barriers,2,3,25175,31.6225,471,0.591627,13865,200,0
SE,59709,ws43,0,cell1_baseline,0,5,3411,4.28458,471,0.591627,2011,200,0
SE,59709,ws43,0,cell1_baseline,2,4,3516,4.41648,471,0.591627,1793,200,0
SE,59709,ws43,0,cell1_baseline,2,1,6174,7.75521,471,0.591627,2565,200,0
SE,59709,ws43,0,cell1_baseline,2,3,3738,4.69533,471,0.591627,1794,200,0
SE,59709,ws43,0,cell2_ground,0,2,3526,4.42904,471,0.591627,2001,200,0
SE,59709,ws43,0,cell1_baseline,2,5,4166,5.23295,471,0.591627,2128,200,0
SE,59709,ws43,0,cell2_ground,0,5,3297,4.14139,471,0.591627,1935,200,0
SE,59709,ws43,0,cell2_ground,0,4,4932,6.19512,471,0.591627,2431,200,0
SE,59709,ws43,0,cell2_ground,2,1,3590,4.50943,471,0.591627,1838,200,0
SE,59709,ws43,0,cell2_ground,0,1,7723,9.70092,471,0.591627,3650,200,0
SE,59709,ws43,0,cell2_ground,0,3,6356,7.98382,471,0.591627,3011,200,0
SE,59709,ws43,0,cell2_ground,2,2,4063,5.10357,471,0.591627,1910,200,0
SE,59709,ws43,0,cell2_ground,2,5,3586,4.5044,471,0.591627,1886,200,0
SE,59709,ws43,0,cell4_highonly,0,1,38,0.0477321,471,0.591627,30,200,0
SE,59709,ws43,0,cell2_ground,2,3,3854,4.84104,471,0.591627,1911,200,0
SE,59709,ws43,0,cell4_highonly,0,2,134,0.168318,471,0.591627,87,200,0
SE,59709,ws43,0,cell2_ground,2,4,3807,4.782,471,0.591627,1946,200,0
SE,59709,ws43,0,cell4_highonly,0,3,62,0.0778787,471,0.591627,48,200,0
SE,59709,ws43,0,cell4_highonly,0,4,32,0.0401955,471,0.591627,26,200,0
SE,59709,ws43,0,cell4_highonly,2,3,265,0.332869,471,0.591627,95,200,0
SE,59709,ws43,0,cell3_lowonly,0,1,8880,11.1542,471,0.591627,3653,200,0
SE,59709,ws43,0,cell3_lowonly,0,3,8605,10.8088,471,0.591627,3463,200,0
SE,59709,ws43,0,cell3_lowonly,0,2,8639,10.8515,471,0.591627,3517,200,0
SE,59709,ws43,0,cell3_lowonly,0,4,8624,10.8327,471,0.591627,3535,200,0
SE,59709,ws43,0,cell3_lowonly,0,5,9110,11.4431,471,0.591627,3727,200,0
SE,59709,ws43,0,cell3_lowonly,2,2,8814,11.0713,471,0.591627,3625,200,0
SE,59709,ws43,0,cell3_lowonly,2,1,8931,11.2183,471,0.591627,3649,200,0
SE,59709,ws43,0,cell3_lowonly,2,3,8676,10.898,471,0.591627,3513,200,0
SE,59709,ws43,0,cell3_lowonly,2,4,8662,10.8804,471,0.591627,3542,200,0
SE,59709,ws43,0,cell4_highonly,0,5,8086,10.1569,471,0.591627,3684,200,0
SE,59709,ws43,0,cell4_highonly,2,1,5331,6.69631,471,0.591627,2179,200,0
SE,59709,ws43,0,cell3_lowonly,2,5,9163,11.5097,471,0.591627,3800,200,0
SE,59709,ws43,0,cell4_highonly,2,2,6892,8.65709,471,0.591627,2728,200,0
SE,59709,ws43,0,cell4_highonly,2,4,6507,8.17349,471,0.591627,2599,200,0
SE,59709,ws43,0,cell5_hilly,0,1,8930,11.217,471,0.591627,3632,200,0
SE,59709,ws43,0,cell4_highonly,2,5,7184,9.02388,471,0.591627,2842,200,0
SE,59709,ws43,0,cell5_hilly,0,2,8780,11.0286,471,0.591627,3555,200,0
SE,59709,ws43,0,cell5_hilly,0,3,8645,10.8591,471,0.591627,3514,200,0
SE,59709,ws43,0,cell5_hilly,0,4,8650,10.8653,471,0.591627,3510,200,0
SE,59709,ws43,0,cell5_hilly,2,1,8921,11.2057,471,0.591627,3650,200,0
SE,59709,ws43,0,cell5_hilly,2,4,8657,10.8741,471,0.591627,3517,200,0
SE,59709,ws43,0,cell5_hilly,2,3,8653,10.8691,471,0.591627,3518,200,0
SE,59709,ws43,0,cell5_hilly,0,5,9147,11.4896,471,0.591627,3791,200,0
SE,59709,ws43,0,cell5_hilly,2,2,8789,11.0399,471,0.591627,3560,200,0
SE,59709,ws43,90,none,0,1,9855,12.3789,0,0.0,4235,200,0
SE,59709,ws43,0,cell5_hilly,2,5,9139,11.4796,471,0.591627,3771,200,0
SE,59709,ws43,90,none,0,2,9774,12.2772,0,0.0,4163,200,0
SE,59709,ws43,90,none,0,3,9846,12.3676,0,0.0,4179,200,0
SE,59709,ws43,90,none,0,5,10284,12.9178,0,0.0,4490,200,0
SE,59709,ws43,90,none,0,4,9913,12.4518,0,0.0,4219,200,0
SE,59709,ws43,90,random,0,1,9751,12.2483,471,0.591627,4384,200,0
SE,59709,ws43,90,random,0,3,9801,12.3111,471,0.591627,4156,200,0
SE,59709,ws43,90,random,0,2,9729,12.2207,471,0.591627,4125,200,0
SE,59709,ws43,90,random,0,4,9020,11.3301,471,0.591627,3831,200,0
SE,59709,ws43,90,random,2,1,9752,12.2496,471,0.591627,4363,200,0
SE,59709,ws43,90,random,0,5,10275,12.9065,471,0.591627,4490,200,0
SE,59709,ws43,90,random,2,4,8995,11.2987,471,0.591627,3839,200,0
SE,59709,ws43,90,random,2,2,9729,12.2207,471,0.591627,4143,200,0
SE,59709,ws43,90,random,2,3,9805,12.3161,471,0.591627,4141,200,0
SE,59709,ws43,90,random,2,5,10272,12.9027,471,0.591627,4492,200,0
SE,59709,ws43,0,cell6_barriers,0,1,8880,11.1542,471,0.591627,3653,200,0
SE,59709,ws43,0,cell6_barriers,0,2,8639,10.8515,471,0.591627,3517,200,0
SE,59709,ws43,90,proximity,0,3,176,0.221075,471,0.591627,118,200,0
SE,59709,ws43,0,cell6_barriers,0,3,8605,10.8088,471,0.591627,3463,200,0
SE,59709,ws43,90,proximity,2,1,425,0.533846,471,0.591627,229,200,0
SE,59709,ws43,90,proximity,0,5,493,0.619261,471,0.591627,350,200,0
SE,59709,ws43,90,proximity,0,4,515,0.646896,471,0.591627,353,200,0
SE,59709,ws43,90,proximity,2,2,343,0.430845,471,0.591627,166,200,0
SE,59709,ws43,90,proximity,2,3,498,0.625542,471,0.591627,273,200,0
SE,59709,ws43,90,proximity,2,4,419,0.526309,471,0.591627,246,200,0
SE,59709,ws43,90,open_anchor,0,1,257,0.32282,471,0.591627,158,200,0
SE,59709,ws43,0,cell6_barriers,0,4,8631,10.8415,471,0.591627,3494,200,0
SE,59709,ws43,90,proximity,2,5,570,0.715981,471,0.591627,299,200,0
SE,59709,ws43,90,proximity,0,1,3514,4.41396,471,0.591627,1788,200,0
SE,59709,ws43,0,cell6_barriers,0,5,9110,11.4431,471,0.591627,3727,200,0
SE,59709,ws43,90,open_anchor,0,2,733,0.920727,471,0.591627,460,200,0
SE,59709,ws43,90,open_anchor,0,3,202,0.253734,471,0.591627,137,200,0
SE,59709,ws43,90,open_anchor,2,1,135,0.169575,471,0.591627,65,200,0
SE,59709,ws43,0,cell6_barriers,2,1,8931,11.2183,471,0.591627,3649,200,0
SE,59709,ws43,90,open_anchor,2,3,332,0.417028,471,0.591627,150,200,0
SE,59709,ws43,0,cell6_barriers,2,2,8814,11.0713,471,0.591627,3625,200,0
SE,59709,ws43,90,open_anchor,2,4,128,0.160782,471,0.591627,52,200,0
SE,59709,ws43,90,open_anchor,0,5,564,0.708445,471,0.591627,324,200,0
SE,59709,ws43,90,open_anchor,2,5,674,0.846617,471,0.591627,379,200,0
SE,59709,ws43,90,cell1_baseline,0,5,166,0.208514,471,0.591627,109,200,0
SE,59709,ws43,0,cell6_barriers,2,3,8676,10.898,471,0.591627,3513,200,0
SE,59709,ws43,90,cell1_baseline,2,1,396,0.497419,471,0.591627,201,200,0
SE,59709,ws43,90,cell1_baseline,0,3,525,0.659457,471,0.591627,363,200,0
SE,59709,ws43,0,cell6_barriers,2,4,8662,10.8804,471,0.591627,3542,200,0
SE,59709,ws43,90,cell1_baseline,0,1,963,1.20963,471,0.591627,599,200,0
SE,59709,ws43,90,cell1_baseline,2,4,237,0.297698,471,0.591627,116,200,0
SE,59709,ws43,90,cell1_baseline,2,3,544,0.683323,471,0.591627,303,200,0
SE,59709,ws43,0,cell6_barriers,2,5,9163,11.5097,471,0.591627,3800,200,0
SE,59709,ws43,90,cell1_baseline,2,2,1893,2.37781,471,0.591627,852,200,0
SE,59709,ws43,90,cell1_baseline,2,5,566,0.710957,471,0.591627,306,200,0
SE,59709,ws43,90,open_anchor,2,2,3627,4.5559,471,0.591627,1731,200,0
SE,59709,ws43,90,open_anchor,0,4,3448,4.33106,471,0.591627,1931,200,0
SE,59709,ws43,90,cell2_ground,0,3,301,0.378088,471,0.591627,198,200,0
SE,59709,ws43,90,cell2_ground,0,1,771,0.968459,471,0.591627,452,200,0
SE,59709,ws43,90,proximity,0,2,7706,9.67957,471,0.591627,3763,200,0
SE,59709,ws43,90,cell2_ground,2,3,390,0.489882,471,0.591627,209,200,0
SE,59709,ws43,90,cell2_ground,2,2,834,1.04759,471,0.591627,357,200,0
SE,59709,ws43,90,cell2_ground,2,4,595,0.747384,471,0.591627,316,200,0
SE,59709,ws43,90,cell1_baseline,0,2,7007,8.80155,471,0.591627,3566,200,0
SE,59709,ws43,90,cell1_baseline,0,4,8705,10.9344,471,0.591627,4056,200,0
SE,59709,ws43,90,cell2_ground,2,5,7360,9.24495,471,0.591627,3600,200,0
SE,59709,ws43,90,cell2_ground,0,2,7155,8.98745,471,0.591627,3715,200,0
SE,59709,ws43,90,cell2_ground,0,4,6600,8.29031,471,0.591627,3439,200,0
SE,59709,ws43,90,cell2_ground,2,1,6289,7.89966,471,0.591627,2831,200,0
SE,59709,ws43,90,cell2_ground,0,5,7026,8.82541,471,0.591627,3532,200,0
SE,59709,ws43,90,cell4_highonly,0,1,40,0.0502443,471,0.591627,31,200,0
SE,59709,ws43,90,cell4_highonly,0,2,37,0.046476,471,0.591627,30,200,0
SE,59709,ws43,90,cell4_highonly,0,5,119,0.149477,471,0.591627,79,200,0
SE,59709,ws43,90,cell4_highonly,0,4,36,0.0452199,471,0.591627,31,200,0
SE,59709,ws43,90,cell3_lowonly,0,1,9772,12.2747,471,0.591627,4205,200,0
SE,59709,ws43,90,cell4_highonly,2,4,113,0.14194,471,0.591627,47,200,0
SE,59709,ws43,90,cell4_highonly,2,1,776,0.97474,471,0.591627,316,200,0
SE,59709,ws43,90,cell3_lowonly,0,2,9695,12.178,471,0.591627,4146,200,0
SE,59709,ws43,90,cell3_lowonly,0,3,9770,12.2722,471,0.591627,4171,200,0
SE,59709,ws43,90,cell3_lowonly,0,4,9772,12.2747,471,0.591627,4181,200,0
SE,59709,ws43,90,cell3_lowonly,2,2,9734,12.227,471,0.591627,4161,200,0
SE,59709,ws43,90,cell3_lowonly,2,1,9821,12.3362,471,0.591627,4245,200,0
SE,59709,ws43,90,cell3_lowonly,0,5,10144,12.742,471,0.591627,4451,200,0
SE,59709,ws43,90,cell3_lowonly,2,3,9801,12.3111,471,0.591627,4144,200,0
SE,59709,ws43,90,cell4_highonly,2,5,1138,1.42945,471,0.591627,365,200,0
SE,59709,ws43,90,cell3_lowonly,2,4,9872,12.4003,471,0.591627,4178,200,0
SE,59709,ws43,90,cell4_highonly,0,3,8715,10.947,471,0.591627,3785,200,0
SE,59709,ws43,90,cell3_lowonly,2,5,10241,12.8638,471,0.591627,4467,200,0
SE,59709,ws43,90,cell4_highonly,2,2,8877,11.1505,471,0.591627,3745,200,0
SE,59709,ws43,90,cell4_highonly,2,3,8367,10.5099,471,0.591627,3124,200,0
SE,59709,ws43,90,cell5_hilly,0,2,9639,12.1076,471,0.591627,4105,200,0
SE,59709,ws43,90,cell5_hilly,0,1,9707,12.193,471,0.591627,4136,200,0
SE,59709,ws43,90,cell5_hilly,0,3,9569,12.0197,471,0.591627,4069,200,0
SE,59709,ws43,90,cell5_hilly,0,4,9704,12.1893,471,0.591627,4113,200,0
SE,59709,ws43,90,cell5_hilly,2,2,9631,12.0976,471,0.591627,4081,200,0
SE,59709,ws43,90,cell5_hilly,2,4,9684,12.1641,471,0.591627,4111,200,0
SE,59709,ws43,90,cell5_hilly,2,3,9641,12.1101,471,0.591627,4084,200,0
SE,59709,ws43,90,cell5_hilly,2,1,9698,12.1817,471,0.591627,4152,200,0
SE,59709,ws43,180,none,0,1,18436,23.1576,0,0.0,9157,200,0
SE,59709,ws43,180,none,0,2,18530,23.2757,0,0.0,9288,200,0
SE,59709,ws43,90,cell5_hilly,0,5,9996,12.5561,471,0.591627,4429,200,0
SE,59709,ws43,180,none,0,3,18510,23.2506,0,0.0,9241,200,0
SE,59709,ws43,180,none,0,4,18628,23.3988,0,0.0,9301,200,0
SE,59709,ws43,180,none,0,5,18962,23.8183,0,0.0,9418,200,0
SE,59709,ws43,180,random,0,1,18366,23.0697,471,0.591627,9125,200,0
SE,59709,ws43,180,random,0,2,18334,23.0295,471,0.591627,9176,200,0
SE,59709,ws43,180,random,0,3,18345,23.0433,471,0.591627,9118,200,0
SE,59709,ws43,180,random,0,4,18592,23.3536,471,0.591627,9259,200,0
SE,59709,ws43,180,random,0,5,18902,23.7429,471,0.591627,9357,200,0
SE,59709,ws43,180,random,2,1,18363,23.0659,471,0.591627,9121,200,0
SE,59709,ws43,180,random,2,2,18327,23.0207,471,0.591627,9131,200,0
SE,59709,ws43,180,random,2,3,18358,23.0596,471,0.591627,9037,200,0
SE,59709,ws43,180,random,2,4,18503,23.2418,471,0.591627,9201,200,0
SE,59709,ws43,180,random,2,5,18910,23.753,471,0.591627,9347,200,0
SE,59709,ws43,90,cell6_barriers,0,1,9772,12.2747,471,0.591627,4205,200,0
SE,59709,ws43,90,cell5_hilly,2,5,10097,12.6829,471,0.591627,4359,200,0
SE,59709,ws43,180,proximity,0,2,94,0.118074,471,0.591627,70,200,0
SE,59709,ws43,90,cell6_barriers,0,3,9770,12.2722,471,0.591627,4171,200,0
SE,59709,ws43,90,cell6_barriers,0,2,9695,12.178,471,0.591627,4146,200,0
SE,59709,ws43,90,cell6_barriers,0,4,9813,12.3262,471,0.591627,4184,200,0
SE,59709,ws43,90,cell6_barriers,0,5,10144,12.742,471,0.591627,4451,200,0
SE,59709,ws43,90,cell6_barriers,2,2,9734,12.227,471,0.591627,4161,200,0
SE,59709,ws43,90,cell6_barriers,2,1,9821,12.3362,471,0.591627,4245,200,0
SE,59709,ws43,90,cell6_barriers,2,4,9872,12.4003,471,0.591627,4178,200,0
SE,59709,ws43,90,cell6_barriers,2,3,9801,12.3111,471,0.591627,4144,200,0
SE,59709,ws43,180,proximity,0,1,3569,4.48305,471,0.591627,2209,200,0
SE,59709,ws43,90,cell6_barriers,2,5,10241,12.8638,471,0.591627,4467,200,0
SE,59709,ws43,180,proximity,0,5,4080,5.12492,471,0.591627,2549,200,0
SE,59709,ws43,180,proximity,0,4,8851,11.1178,471,0.591627,4868,200,0
SE,59709,ws43,180,proximity,2,1,6409,8.05039,471,0.591627,3482,200,0
SE,59709,ws43,180,proximity,2,2,8973,11.2711,471,0.591627,4910,200,0
SE,59709,ws43,180,proximity,0,3,8920,11.2045,471,0.591627,4850,200,0
SE,59709,ws43,180,proximity,2,4,10840,13.6162,471,0.591627,5663,200,0
SE,59709,ws43,180,cell1_baseline,0,2,431,0.541382,471,0.591627,312,200,0
SE,59709,ws43,180,open_anchor,0,2,8491,10.6656,471,0.591627,5075,200,0
SE,59709,ws43,180,proximity,2,5,10714,13.4579,471,0.591627,5447,200,0
SE,59709,ws43,180,proximity,2,3,14220,17.8619,471,0.591627,7718,200,0
SE,59709,ws43,180,open_anchor,0,5,6894,8.65961,471,0.591627,3925,200,0
SE,59709,ws43,180,open_anchor,0,1,12751,16.0166,471,0.591627,6749,200,0
SE,59709,ws43,180,open_anchor,2,3,11429,14.3561,471,0.591627,6127,200,0
SE,59709,ws43,180,open_anchor,0,4,10637,13.3612,471,0.591627,5963,200,0
SE,59709,ws43,180,open_anchor,0,3,11792,14.812,471,0.591627,6856,200,0
SE,59709,ws43,180,cell1_baseline,0,1,6490,8.15214,471,0.591627,3923,200,0
SE,59709,ws43,180,open_anchor,2,4,11878,14.92,471,0.591627,6291,200,0
SE,59709,ws43,180,open_anchor,2,5,12239,15.3735,471,0.591627,6454,200,0
SE,59709,ws43,180,open_anchor,2,2,13685,17.1898,471,0.591627,7413,200,0
SE,59709,ws43,180,open_anchor,2,1,12443,15.6297,471,0.591627,6783,200,0
SE,59709,ws43,180,cell1_baseline,2,2,4689,5.88989,471,0.591627,2599,200,0
SE,59709,ws43,180,cell1_baseline,0,5,9387,11.7911,471,0.591627,5488,200,0
SE,59709,ws43,180,cell1_baseline,0,3,8390,10.5387,471,0.591627,4480,200,0
SE,59709,ws43,180,cell1_baseline,2,1,10030,12.5988,471,0.591627,5701,200,0
SE,59709,ws43,180,cell2_ground,0,4,4286,5.38368,471,0.591627,2537,200,0
SE,59709,ws43,180,cell1_baseline,2,3,8579,10.7761,471,0.591627,4647,200,0
SE,59709,ws43,180,cell1_baseline,2,4,14259,17.9108,471,0.591627,7790,200,0
SE,59709,ws43,180,cell2_ground,0,3,4384,5.50678,471,0.591627,2633,200,0
SE,59709,ws43,180,cell1_baseline,0,4,13343,16.7602,471,0.591627,7109,200,0
SE,59709,ws43,180,cell1_baseline,2,5,16197,20.3452,471,0.591627,8273,200,0
SE,59709,ws43,180,cell2_ground,0,2,10948,13.7519,471,0.591627,5915,200,0
SE,59709,ws43,180,cell2_ground,0,1,11251,14.1325,471,0.591627,6068,200,0
SE,59709,ws43,180,cell2_ground,2,1,6112,7.67733,471,0.591627,3207,200,0
SE,59709,ws43,180,cell2_ground,0,5,10498,13.1866,471,0.591627,5861,200,0
SE,59709,ws43,180,cell2_ground,2,4,9260,11.6316,471,0.591627,4414,200,0
SE,59709,ws43,180,cell4_highonly,0,1,63,0.0791348,471,0.591627,56,200,0
SE,59709,ws43,180,cell2_ground,2,5,8530,10.7146,471,0.591627,4373,200,0
SE,59709,ws43,180,cell2_ground,2,3,10004,12.5661,471,0.591627,5352,200,0
SE,59709,ws43,180,cell2_ground,2,2,12511,15.7152,471,0.591627,6669,200,0
SE,59709,ws43,180,cell4_highonly,0,4,15,0.0188416,471,0.591627,14,200,0
SE,59709,ws43,180,cell3_lowonly,2,1,18330,23.0245,471,0.591627,9094,200,0
SE,59709,ws43,180,cell3_lowonly,0,2,18382,23.0898,471,0.591627,9146,200,0
SE,59709,ws43,180,cell3_lowonly,0,5,18727,23.5231,471,0.591627,9247,200,0
SE,59709,ws43,180,cell3_lowonly,0,1,18173,22.8272,471,0.591627,9036,200,0
SE,59709,ws43,180,cell3_lowonly,0,4,18264,22.9416,471,0.591627,9080,200,0
SE,59709,ws43,180,cell3_lowonly,0,3,18367,23.0709,471,0.591627,9108,200,0
SE,59709,ws43,180,cell4_highonly,0,2,13286,16.6886,471,0.591627,6229,200,0
SE,59709,ws43,180,cell3_lowonly,2,3,18351,23.0508,471,0.591627,9104,200,0
SE,59709,ws43,180,cell3_lowonly,2,4,18519,23.2619,471,0.591627,9137,200,0
SE,59709,ws43,180,cell3_lowonly,2,2,18410,23.1249,471,0.591627,9135,200,0
SE,59709,ws43,180,cell3_lowonly,2,5,18854,23.6827,471,0.591627,9341,200,0
SE,59709,ws43,180,cell4_highonly,0,5,15382,19.3215,471,0.591627,7452,200,0
SE,59709,ws43,180,cell4_highonly,2,1,15084,18.9471,471,0.591627,6957,200,0
SE,59709,ws43,180,cell4_highonly,0,3,16117,20.2447,471,0.591627,7800,200,0
SE,59709,ws43,180,cell4_highonly,2,2,15880,19.947,471,0.591627,7528,200,0
SE,59709,ws43,180,cell4_highonly,2,4,11034,13.8599,471,0.591627,4531,200,0
SE,59709,ws43,180,cell4_highonly,2,3,15386,19.3265,471,0.591627,7093,200,0
SE,59709,ws43,180,cell4_highonly,2,5,17571,22.0711,471,0.591627,8265,200,0
SE,59709,ws43,180,cell5_hilly,0,2,18248,22.9215,471,0.591627,9128,200,0
SE,59709,ws43,180,cell5_hilly,0,3,18304,22.9918,471,0.591627,9081,200,0
SE,59709,ws43,180,cell5_hilly,0,1,18091,22.7242,471,0.591627,8995,200,0
SE,59709,ws43,180,cell5_hilly,2,1,18373,23.0785,471,0.591627,9114,200,0
SE,59709,ws43,180,cell5_hilly,0,4,18425,23.1438,471,0.591627,9065,200,0
SE,59709,ws43,180,cell5_hilly,2,2,18244,22.9164,471,0.591627,9113,200,0
SE,59709,ws43,180,cell5_hilly,0,5,18800,23.6148,471,0.591627,9303,200,0
SE,59709,ws43,270,none,0,1,22172,27.8504,0,0.0,12184,200,0
SE,59709,ws43,180,cell5_hilly,2,5,18754,23.557,471,0.591627,9296,200,0
SE,59709,ws43,180,cell5_hilly,2,3,18247,22.9202,471,0.591627,9006,200,0
SE,59709,ws43,270,none,0,2,22064,27.7148,0,0.0,12092,200,0
SE,59709,ws43,270,none,0,3,21907,27.5176,0,0.0,12002,200,0
SE,59709,ws43,270,none,0,4,21888,27.4937,0,0.0,11830,200,0
SE,59709,ws43,270,none,0,5,22476,28.2323,0,0.0,12282,200,0
SE,59709,ws43,180,cell5_hilly,2,4,18553,23.3046,471,0.591627,9229,200,0
SE,59709,ws43,270,random,0,1,22044,27.6896,471,0.591627,12126,200,0
SE,59709,ws43,270,random,0,2,21863,27.4623,471,0.591627,11921,200,0
SE,59709,ws43,270,random,0,3,21699,27.2563,471,0.591627,11787,200,0
SE,59709,ws43,270,random,0,4,21485,26.9875,471,0.591627,11623,200,0
SE,59709,ws43,270,random,0,5,22389,28.123,471,0.591627,12148,200,0
SE,59709,ws43,270,random,2,1,22039,27.6834,471,0.591627,12130,200,0
SE,59709,ws43,270,random,2,2,21866,27.4661,471,0.591627,11932,200,0
SE,59709,ws43,270,random,2,3,21732,27.2977,471,0.591627,11777,200,0
SE,59709,ws43,270,random,2,4,21485,26.9875,471,0.591627,11633,200,0
SE,59709,ws43,270,random,2,5,22367,28.0954,471,0.591627,12167,200,0
SE,59709,ws43,180,cell6_barriers,0,2,18382,23.0898,471,0.591627,9146,200,0
SE,59709,ws43,270,proximity,0,4,1225,1.53873,471,0.591627,710,200,0
SE,59709,ws43,180,cell6_barriers,0,1,18173,22.8272,471,0.591627,9036,200,0
SE,59709,ws43,180,cell6_barriers,2,1,18330,23.0245,471,0.591627,9094,200,0
SE,59709,ws43,180,cell6_barriers,0,3,18367,23.0709,471,0.591627,9108,200,0
SE,59709,ws43,180,cell6_barriers,0,4,18264,22.9416,471,0.591627,9080,200,0
SE,59709,ws43,180,cell6_barriers,0,5,18727,23.5231,471,0.591627,9247,200,0
SE,59709,ws43,180,cell6_barriers,2,4,18519,23.2619,471,0.591627,9137,200,0
SE,59709,ws43,180,cell6_barriers,2,2,18410,23.1249,471,0.591627,9135,200,0
SE,59709,ws43,180,cell6_barriers,2,5,18854,23.6827,471,0.591627,9341,200,0
SE,59709,ws43,180,cell6_barriers,2,3,18351,23.0508,471,0.591627,9104,200,0
SE,59709,ws43,270,open_anchor,0,4,38,0.0477321,471,0.591627,28,200,0
SE,59709,ws43,270,proximity,0,3,11393,14.3108,471,0.591627,7399,200,0
SE,59709,ws43,270,proximity,0,2,12947,16.2628,471,0.591627,7498,200,0
SE,59709,ws43,270,open_anchor,0,5,118,0.148221,471,0.591627,77,200,0
SE,59709,ws43,270,proximity,2,4,9598,12.0561,471,0.591627,5455,200,0
SE,59709,ws43,270,open_anchor,2,4,117,0.146965,471,0.591627,46,200,0
SE,59709,ws43,270,proximity,0,5,11780,14.7969,471,0.591627,7083,200,0
SE,59709,ws43,270,proximity,2,1,13194,16.5731,471,0.591627,7225,200,0
SE,59709,ws43,270,open_anchor,2,5,262,0.3291,471,0.591627,115,200,0
SE,59709,ws43,270,cell1_baseline,0,3,394,0.494906,471,0.591627,257,200,0
SE,59709,ws43,270,proximity,0,1,17249,21.6666,471,0.591627,10707,200,0
SE,59709,ws43,270,proximity,2,2,17501,21.9831,471,0.591627,10398,200,0
SE,59709,ws43,270,proximity,2,3,17519,22.0058,471,0.591627,10216,200,0
SE,59709,ws43,270,open_anchor,0,1,12337,15.4966,471,0.591627,7411,200,0
SE,59709,ws43,270,proximity,2,5,13552,17.0228,471,0.591627,7583,200,0
SE,59709,ws43,270,open_anchor,0,2,11476,14.4151,471,0.591627,7086,200,0
SE,59709,ws43,270,cell1_baseline,2,4,104,0.130635,471,0.591627,40,200,0
SE,59709,ws43,270,cell2_ground,0,1,103,0.129379,471,0.591627,71,200,0
SE,59709,ws43,270,open_anchor,0,3,13087,16.4387,471,0.591627,7491,200,0
SE,59709,ws43,270,cell2_ground,0,3,84,0.105513,471,0.591627,60,200,0
SE,59709,ws43,270,cell2_ground,0,4,53,0.0665737,471,0.591627,42,200,0
SE,59709,ws43,270,cell2_ground,0,5,184,0.231124,471,0.591627,108,200,0
SE,59709,ws43,270,open_anchor,2,3,16590,20.8388,471,0.591627,9579,200,0
SE,59709,ws43,270,open_anchor,2,2,18138,22.7833,471,0.591627,10654,200,0
SE,59709,ws43,270,cell1_baseline,0,1,16360,20.5499,471,0.591627,9807,200,0
SE,59709,ws43,270,cell1_baseline,0,5,12695,15.9463,471,0.591627,7502,200,0
SE,59709,ws43,270,cell2_ground,2,4,115,0.144452,471,0.591627,47,200,0
SE,59709,ws43,270,cell2_ground,2,5,243,0.305234,471,0.591627,117,200,0
SE,59709,ws43,270,cell1_baseline,0,4,16909,21.2395,471,0.591627,9856,200,0
SE,59709,ws43,270,open_anchor,2,1,17757,22.3047,471,0.591627,10576,200,0
SE,59709,ws43,270,cell1_baseline,2,2,17610,22.1201,471,0.591627,10409,200,0
SE,59709,ws43,270,cell1_baseline,0,2,17344,21.7859,471,0.591627,10388,200,0
SE,59709,ws43,270,cell1_baseline,2,3,16562,20.8037,471,0.591627,9881,200,0
SE,59709,ws43,270,cell1_baseline,2,5,17588,22.0924,471,0.591627,9801,200,0
SE,59709,ws43,270,cell1_baseline,2,1,18517,23.2593,471,0.591627,10594,200,0
SE,59709,ws43,270,cell2_ground,2,1,18098,22.733,471,0.591627,10347,200,0
SE,59709,ws43,270,cell2_ground,2,2,17856,22.4291,471,0.591627,10115,200,0
SE,59709,ws43,270,cell2_ground,0,2,19889,24.9827,471,0.591627,11275,200,0
SE,59709,ws43,270,cell4_highonly,0,1,100,0.125611,471,0.591627,74,200,0
SE,59709,ws43,270,cell4_highonly,0,4,43,0.0540126,471,0.591627,36,200,0
SE,59709,ws43,270,cell4_highonly,0,5,123,0.154501,471,0.591627,83,200,0
SE,59709,ws43,270,cell2_ground,2,3,20547,25.8092,471,0.591627,11197,200,0
SE,59709,ws43,270,cell4_highonly,2,2,141,0.177111,471,0.591627,63,200,0
SE,59709,ws43,270,cell4_highonly,2,3,148,0.185904,471,0.591627,57,200,0
SE,59709,ws43,270,cell3_lowonly,0,3,21760,27.3329,471,0.591627,11870,200,0
SE,59709,ws43,270,cell3_lowonly,0,4,21714,27.2751,471,0.591627,11768,200,0
SE,59709,ws43,270,cell4_highonly,2,4,1468,1.84397,471,0.591627,467,200,0
SE,59709,ws43,270,cell3_lowonly,2,1,22063,27.7135,471,0.591627,12052,200,0
SE,59709,ws43,270,cell3_lowonly,0,5,22316,28.0313,471,0.591627,12134,200,0
SE,59709,ws43,270,cell3_lowonly,0,2,21924,27.5389,471,0.591627,11991,200,0
SE,59709,ws43,270,cell3_lowonly,0,1,22015,27.6532,471,0.591627,12041,200,0
SE,59709,ws43,270,cell4_highonly,0,3,20503,25.754,471,0.591627,11178,200,0
SE,59709,ws43,270,cell3_lowonly,2,3,21805,27.3894,471,0.591627,11869,200,0
SE,59709,ws43,270,cell3_lowonly,2,2,21950,27.5716,471,0.591627,12047,200,0
SE,59709,ws43,270,cell4_highonly,2,1,17451,21.9203,471,0.591627,8479,200,0
SE,59709,ws43,270,cell3_lowonly,2,4,21774,27.3505,471,0.591627,11710,200,0
SE,59709,ws43,270,cell3_lowonly,2,5,22359,28.0853,471,0.591627,12134,200,0
SE,59709,ws43,270,cell4_highonly,0,2,21151,26.5679,471,0.591627,11621,200,0
SE,59709,ws43,270,cell4_highonly,2,5,17242,21.6578,471,0.591627,8496,200,0
SE,59709,ws43,270,cell5_hilly,0,3,21750,27.3203,471,0.591627,11834,200,0
SE,59709,ws43,270,cell5_hilly,0,2,21919,27.5326,471,0.591627,11994,200,0
SE,59709,ws43,270,cell5_hilly,0,4,21730,27.2952,471,0.591627,11736,200,0
SE,59709,ws43,270,cell5_hilly,2,2,21917,27.5301,471,0.591627,12018,200,0
SE,59709,ws43,270,cell5_hilly,0,1,22023,27.6633,471,0.591627,12017,200,0
SE,59709,ws43,270,cell5_hilly,2,1,22005,27.6407,471,0.591627,12031,200,0
SE,59709,ws43,270,cell5_hilly,2,4,21729,27.294,471,0.591627,11664,200,0
SE,59709,ws43,270,cell5_hilly,0,5,22299,28.0099,471,0.591627,12120,200,0
SE,59709,ws43,270,cell6_barriers,0,1,22015,27.6532,471,0.591627,12041,200,0
SE,59709,ws43,270,cell6_barriers,0,3,21760,27.3329,471,0.591627,11870,200,0
SE,59709,ws43,270,cell5_hilly,2,3,21757,27.3291,471,0.591627,11843,200,0
SE,59709,ws43,270,cell5_hilly,2,5,22309,28.0225,471,0.591627,12116,200,0
SE,59709,ws43,270,cell6_barriers,0,4,21745,27.3141,471,0.591627,11737,200,0
SE,59709,ws43,270,cell6_barriers,0,2,21924,27.5389,471,0.591627,11991,200,0
SE,59709,ws43,270,cell6_barriers,0,5,22316,28.0313,471,0.591627,12134,200,0
SE,59709,ws43,270,cell6_barriers,2,4,21774,27.3505,471,0.591627,11710,200,0
SE,59709,ws43,270,cell6_barriers,2,2,21950,27.5716,471,0.591627,12047,200,0
SE,59709,ws43,270,cell6_barriers,2,1,22063,27.7135,471,0.591627,12052,200,0
SE,59709,ws43,270,cell6_barriers,2,5,22359,28.0853,471,0.591627,12134,200,0
SE,59709,ws43,270,cell6_barriers,2,3,21805,27.3894,471,0.591627,11869,200,0
