landscape,wind,strategy,min_dist,seed,cells_burned,burn_pct,cells_treated,treat_pct,peak_burning,fire_periods,returncode
dogrib,ws10,none,0,12,37316,46.8729,0,0.0,22296,200,0
dogrib,ws10,none,0,4,38196,47.9783,0,0.0,22880,200,0
dogrib,ws10,none,0,11,37248,46.7875,0,0.0,22310,200,0
dogrib,ws10,none,0,10,39477,49.5874,0,0.0,23570,200,0
dogrib,ws10,none,0,1,37494,47.0965,0,0.0,22445,200,0
dogrib,ws10,none,0,2,37248,46.7875,0,0.0,22310,200,0
dogrib,ws10,none,0,3,37660,47.305,0,0.0,22579,200,0
dogrib,ws10,none,0,8,37556,47.1744,0,0.0,22547,200,0
dogrib,ws10,none,0,5,38103,47.8615,0,0.0,22854,200,0
dogrib,ws10,none,0,6,38094,47.8502,0,0.0,22871,200,0
dogrib,ws10,none,0,7,38646,48.5435,0,0.0,23188,200,0
dogrib,ws10,none,0,9,38719,48.6352,0,0.0,23192,200,0
dogrib,ws10,none,0,14,37541,47.1555,0,0.0,22532,200,0
dogrib,ws10,none,0,16,37939,47.6555,0,0.0,22736,200,0
dogrib,ws10,none,0,13,39226,49.2721,0,0.0,23472,200,0
dogrib,ws10,none,0,15,37190,46.7146,0,0.0,22370,200,0
dogrib,ws10,none,0,21,39350,49.4278,0,0.0,23541,200,0
dogrib,ws10,none,0,17,37803,47.4846,0,0.0,22627,200,0
dogrib,ws10,none,0,19,39477,49.5874,0,0.0,23570,200,0
dogrib,ws10,none,0,18,38045,47.7886,0,0.0,22798,200,0
dogrib,ws10,none,0,22,37289,46.839,0,0.0,22365,200,0
dogrib,ws10,none,0,23,37190,46.7146,0,0.0,22370,200,0
dogrib,ws10,none,0,24,37762,47.4331,0,0.0,22657,200,0
dogrib,ws10,none,0,20,39460,49.566,0,0.0,23590,200,0
dogrib,ws10,none,0,25,37556,47.1744,0,0.0,22547,200,0
dogrib,ws10,none,0,26,37979,47.7057,0,0.0,22801,200,0
dogrib,ws10,none,0,27,37803,47.4846,0,0.0,22627,200,0
dogrib,ws10,none,0,29,38879,48.8362,0,0.0,23263,200,0
dogrib,ws10,none,0,28,38719,48.6352,0,0.0,23192,200,0
dogrib,ws10,random,0,2,35367,44.4248,471,0.591627,21133,200,0
dogrib,ws10,none,0,30,37541,47.1555,0,0.0,22532,200,0
dogrib,ws10,random,0,6,37914,47.6241,471,0.591627,22678,200,0
dogrib,ws10,random,0,3,33710,42.3434,471,0.591627,20336,200,0
dogrib,ws10,random,0,1,37253,46.7938,471,0.591627,22265,200,0
dogrib,ws10,random,0,9,36684,46.0791,471,0.591627,21992,200,0
dogrib,ws10,random,0,4,38022,47.7597,471,0.591627,22692,200,0
dogrib,ws10,random,0,5,36280,45.5716,471,0.591627,21797,200,0
dogrib,ws10,random,0,7,38392,48.2245,471,0.591627,22992,200,0
dogrib,ws10,random,0,8,37365,46.9345,471,0.591627,22362,200,0
dogrib,ws10,random,0,12,35489,44.578,471,0.591627,21168,200,0
dogrib,ws10,random,0,10,37517,47.1254,471,0.591627,22463,200,0
dogrib,ws10,random,0,11,36967,46.4345,471,0.591627,22081,200,0
dogrib,ws10,random,0,14,37310,46.8654,471,0.591627,22289,200,0
dogrib,ws10,random,0,17,37587,47.2133,471,0.591627,22439,200,0
dogrib,ws10,random,0,15,36582,45.9509,471,0.591627,21792,200,0
dogrib,ws10,random,0,16,33911,42.5959,471,0.591627,20469,200,0
dogrib,ws10,random,0,13,38614,48.5033,471,0.591627,23026,200,0
dogrib,ws10,random,0,18,36138,45.3932,471,0.591627,21648,200,0
dogrib,ws10,random,0,20,38949,48.9241,471,0.591627,23194,200,0
dogrib,ws10,random,0,19,39229,49.2759,471,0.591627,23441,200,0
dogrib,ws10,random,0,21,38596,48.4807,471,0.591627,23016,200,0
dogrib,ws10,random,0,23,36733,46.1406,471,0.591627,22001,200,0
dogrib,ws10,random,0,22,36829,46.2612,471,0.591627,22022,200,0
dogrib,ws10,random,0,25,36911,46.3642,471,0.591627,22122,200,0
dogrib,ws10,random,0,24,35900,45.0943,471,0.591627,21565,200,0
dogrib,ws10,random,0,26,37348,46.9131,471,0.591627,22299,200,0
dogrib,ws10,random,0,27,37577,47.2008,471,0.591627,22383,200,0
dogrib,ws10,random,0,28,38458,48.3074,471,0.591627,22945,200,0
dogrib,ws10,random,0,29,37975,47.7007,471,0.591627,22698,200,0
dogrib,ws10,random,0,30,37299,46.8516,471,0.591627,22307,200,0
dogrib,ws10,proximity,0,1,30,0.0376832,471,0.591627,23,200,0
dogrib,ws10,proximity,0,8,14,0.0175855,471,0.591627,12,200,0
dogrib,ws10,proximity,0,5,38,0.0477321,471,0.591627,30,200,0
dogrib,ws10,proximity,0,12,34,0.0427077,471,0.591627,27,200,0
dogrib,ws10,proximity,0,7,19481,24.4702,471,0.591627,12645,200,0
dogrib,ws10,proximity,0,16,13496,16.9524,471,0.591627,8871,200,0
dogrib,ws10,proximity,0,2,17377,21.8274,471,0.591627,11581,200,0
dogrib,ws10,proximity,0,10,15650,19.6581,471,0.591627,9406,200,0
dogrib,ws10,proximity,0,15,19197,24.1135,471,0.591627,12490,200,0
dogrib,ws10,proximity,0,4,17944,22.5396,471,0.591627,11354,200,0
dogrib,ws10,proximity,0,9,19978,25.0945,471,0.591627,13231,200,0
dogrib,ws10,proximity,0,22,28,0.035171,471,0.591627,20,200,0
dogrib,ws10,proximity,0,23,38,0.0477321,471,0.591627,28,200,0
dogrib,ws10,proximity,0,13,20769,26.0881,471,0.591627,13117,200,0
dogrib,ws10,proximity,0,6,21273,26.7212,471,0.591627,13991,200,0
dogrib,ws10,proximity,0,3,22650,28.4508,471,0.591627,14651,200,0
dogrib,ws10,proximity,0,11,27634,34.7113,471,0.591627,17396,200,0
dogrib,ws10,proximity,0,14,26055,32.7279,471,0.591627,16218,200,0
dogrib,ws10,proximity,0,26,11135,13.9868,471,0.591627,6668,200,0
dogrib,ws10,proximity,0,25,13516,16.9776,471,0.591627,9221,200,0
dogrib,ws10,proximity,0,17,16324,20.5047,471,0.591627,10972,200,0
dogrib,ws10,proximity,0,18,24586,30.8827,471,0.591627,15889,200,0
dogrib,ws10,proximity,0,29,14372,18.0528,471,0.591627,8862,200,0
dogrib,ws10,proximity,0,27,17047,21.4129,471,0.591627,10714,200,0
dogrib,ws10,proximity,0,19,24903,31.2809,471,0.591627,16060,200,0
dogrib,ws10,proximity,0,28,19611,24.6335,471,0.591627,13112,200,0
dogrib,ws10,proximity,0,24,22632,28.4282,471,0.591627,14336,200,0
dogrib,ws10,proximity,0,20,25317,31.8009,471,0.591627,16239,200,0
dogrib,ws10,proximity,0,30,26159,32.8585,471,0.591627,16845,200,0
dogrib,ws10,fuel_elevation,0,2,24346,30.5812,471,0.591627,15139,200,0
dogrib,ws10,fuel_elevation,0,6,22613,28.4044,471,0.591627,14399,200,0
dogrib,ws10,proximity,0,21,27246,34.2239,471,0.591627,17031,200,0
dogrib,ws10,fuel_elevation,0,9,19867,24.9551,471,0.591627,12320,200,0
dogrib,ws10,fuel_elevation,0,8,19818,24.8935,471,0.591627,12362,200,0
dogrib,ws10,fuel_elevation,0,3,25520,32.0559,471,0.591627,15763,200,0
dogrib,ws10,fuel_elevation,0,1,32442,40.7506,471,0.591627,19739,200,0
dogrib,ws10,fuel_elevation,0,4,26552,33.3522,471,0.591627,16560,200,0
dogrib,ws10,fuel_elevation,0,5,27807,34.9286,471,0.591627,17459,200,0
dogrib,ws10,fuel_elevation,0,7,26289,33.0218,471,0.591627,16446,200,0
dogrib,ws10,fuel_elevation,0,11,24346,30.5812,471,0.591627,15132,200,0
dogrib,ws10,fuel_elevation,0,12,24924,31.3072,471,0.591627,15394,200,0
dogrib,ws10,fuel_elevation,0,14,26754,33.6059,471,0.591627,16883,200,0
dogrib,ws10,fuel_elevation,0,15,26575,33.3811,471,0.591627,16573,200,0
dogrib,ws10,fuel_elevation,0,10,35018,43.9864,471,0.591627,21819,200,0
dogrib,ws10,fuel_elevation,0,13,30172,37.8993,471,0.591627,19008,200,0
dogrib,ws10,fuel_elevation,0,18,28220,35.4474,471,0.591627,17427,200,0
dogrib,ws10,fuel_elevation,0,17,29283,36.7826,471,0.591627,18026,200,0
dogrib,ws10,fuel_elevation,0,22,29121,36.5791,471,0.591627,18313,200,0
dogrib,ws10,fuel_elevation,0,16,32614,40.9667,471,0.591627,19841,200,0
dogrib,ws10,fuel_elevation,0,23,26575,33.3811,471,0.591627,16573,200,0
dogrib,ws10,fuel_elevation,0,21,32347,40.6313,471,0.591627,20357,200,0
dogrib,ws10,fuel_elevation,0,20,33904,42.5871,471,0.591627,21077,200,0
dogrib,ws10,fuel_elevation,0,28,19867,24.9551,471,0.591627,12328,200,0
dogrib,ws10,fuel_elevation,0,25,26924,33.8194,471,0.591627,16915,200,0
dogrib,ws10,fuel_elevation,0,24,27446,34.4751,471,0.591627,16965,200,0
dogrib,ws10,fuel_elevation,0,19,34881,43.8143,471,0.591627,21711,200,0
dogrib,ws10,neighbour_fuel,0,2,17981,22.5861,471,0.591627,11675,200,0
dogrib,ws10,neighbour_fuel,0,3,22787,28.6229,471,0.591627,14244,200,0
dogrib,ws10,fuel_elevation,0,26,26045,32.7153,471,0.591627,16368,200,0
dogrib,ws10,neighbour_fuel,0,4,14848,18.6507,471,0.591627,9599,200,0
dogrib,ws10,fuel_elevation,0,27,29283,36.7826,471,0.591627,18026,200,0
dogrib,ws10,fuel_elevation,0,30,26754,33.6059,471,0.591627,16875,200,0
dogrib,ws10,neighbour_fuel,0,9,15761,19.7975,471,0.591627,10254,200,0
dogrib,ws10,neighbour_fuel,0,11,16002,20.1002,471,0.591627,10214,200,0
dogrib,ws10,neighbour_fuel,0,7,23557,29.5901,471,0.591627,14808,200,0
dogrib,ws10,neighbour_fuel,0,17,211,0.265039,471,0.591627,161,200,0
dogrib,ws10,neighbour_fuel,0,5,25270,31.7418,471,0.591627,15667,200,0
dogrib,ws10,neighbour_fuel,0,1,35151,44.1534,471,0.591627,21458,200,0
dogrib,ws10,fuel_elevation,0,29,36672,46.064,471,0.591627,22068,200,0
dogrib,ws10,neighbour_fuel,0,6,30780,38.663,471,0.591627,19003,200,0
dogrib,ws10,neighbour_fuel,0,8,27069,34.0016,471,0.591627,17079,200,0
dogrib,ws10,neighbour_fuel,0,12,27291,34.2804,471,0.591627,16963,200,0
dogrib,ws10,neighbour_fuel,0,13,31068,39.0248,471,0.591627,19125,200,0
dogrib,ws10,neighbour_fuel,0,10,37127,46.6355,471,0.591627,22791,200,0
dogrib,ws10,neighbour_fuel,0,16,32546,40.8813,471,0.591627,20189,200,0
dogrib,ws10,neighbour_fuel,0,14,30575,38.4055,471,0.591627,19117,200,0
dogrib,ws10,neighbour_fuel,0,20,28679,36.0239,471,0.591627,17933,200,0
dogrib,ws10,neighbour_fuel,0,15,33297,41.8246,471,0.591627,20334,200,0
dogrib,ws10,neighbour_fuel,0,24,21366,26.838,471,0.591627,13218,200,0
dogrib,ws10,neighbour_fuel,0,18,34870,43.8005,471,0.591627,21419,200,0
dogrib,ws10,neighbour_fuel,0,21,30732,38.6027,471,0.591627,19053,200,0
dogrib,ws10,neighbour_fuel,0,23,35118,44.112,471,0.591627,21395,200,0
dogrib,ws10,neighbour_fuel,0,26,21212,26.6446,471,0.591627,13676,200,0
dogrib,ws10,neighbour_fuel,0,22,33297,41.8246,471,0.591627,20269,200,0
dogrib,ws10,neighbour_fuel,0,28,15402,19.3466,471,0.591627,10050,200,0
dogrib,ws10,neighbour_fuel,0,19,37168,46.687,471,0.591627,22742,200,0
dogrib,ws10,neighbour_fuel,0,27,30706,38.57,471,0.591627,18949,200,0
dogrib,ws10,shielded_ratio,0,3,22787,28.6229,471,0.591627,14244,200,0
dogrib,ws10,neighbour_fuel,0,30,27964,35.1258,471,0.591627,17563,200,0
dogrib,ws10,neighbour_fuel,0,25,30519,38.3352,471,0.591627,19008,200,0
dogrib,ws10,shielded_ratio,0,4,29041,36.4786,471,0.591627,17842,200,0
dogrib,ws10,shielded_ratio,0,1,30041,37.7347,471,0.591627,18532,200,0
dogrib,ws10,shielded_ratio,0,8,21308,26.7651,471,0.591627,13301,200,0
dogrib,ws10,neighbour_fuel,0,29,30800,38.6881,471,0.591627,19202,200,0
dogrib,ws10,shielded_ratio,0,2,33317,41.8497,471,0.591627,20320,200,0
dogrib,ws10,shielded_ratio,0,5,30337,38.1065,471,0.591627,18704,200,0
dogrib,ws10,shielded_ratio,0,6,30616,38.457,471,0.591627,18850,200,0
dogrib,ws10,shielded_ratio,0,9,28914,36.3191,471,0.591627,18036,200,0
dogrib,ws10,shielded_ratio,0,7,36278,45.5691,471,0.591627,22234,200,0
dogrib,ws10,shielded_ratio,0,15,26935,33.8333,471,0.591627,16742,200,0
dogrib,ws10,shielded_ratio,0,12,34482,43.3131,471,0.591627,21064,200,0
dogrib,ws10,shielded_ratio,0,22,25,0.0314027,471,0.591627,21,200,0
dogrib,ws10,shielded_ratio,0,11,34168,42.9187,471,0.591627,20890,200,0
dogrib,ws10,shielded_ratio,0,16,31563,39.6465,471,0.591627,19507,200,0
dogrib,ws10,shielded_ratio,0,13,29510,37.0677,471,0.591627,18282,200,0
dogrib,ws10,shielded_ratio,0,14,31578,39.6654,471,0.591627,19547,200,0
dogrib,ws10,shielded_ratio,0,17,20636,25.921,471,0.591627,13064,200,0
dogrib,ws10,shielded_ratio,0,10,37254,46.795,471,0.591627,22799,200,0
dogrib,ws10,shielded_ratio,0,25,16797,21.0988,471,0.591627,10623,200,0
dogrib,ws10,shielded_ratio,0,24,28836,36.2211,471,0.591627,18046,200,0
dogrib,ws10,open_anchor,0,1,9332,11.722,471,0.591627,5773,200,0
dogrib,ws10,open_anchor,0,3,3374,4.23811,471,0.591627,2193,200,0
dogrib,ws10,shielded_ratio,0,26,22981,28.8666,471,0.591627,14357,200,0
dogrib,ws10,open_anchor,0,2,9629,12.0951,471,0.591627,6283,200,0
dogrib,ws10,open_anchor,0,6,159,0.199721,471,0.591627,111,200,0
dogrib,ws10,shielded_ratio,0,23,27616,34.6887,471,0.591627,17084,200,0
dogrib,ws10,shielded_ratio,0,21,32635,40.9931,471,0.591627,20102,200,0
dogrib,ws10,open_anchor,0,5,2079,2.61145,471,0.591627,1340,200,0
dogrib,ws10,open_anchor,0,4,11176,14.0383,471,0.591627,7314,200,0
dogrib,ws10,shielded_ratio,0,28,28056,35.2414,471,0.591627,17572,200,0
dogrib,ws10,shielded_ratio,0,20,28736,36.0955,471,0.591627,17958,200,0
dogrib,ws10,open_anchor,0,12,25,0.0314027,471,0.591627,21,200,0
dogrib,ws10,shielded_ratio,0,27,30668,38.5223,471,0.591627,18962,200,0
dogrib,ws10,open_anchor,0,15,23,0.0288905,471,0.591627,18,200,0
dogrib,ws10,open_anchor,0,8,12985,16.3106,471,0.591627,8050,200,0
dogrib,ws10,shielded_ratio,0,18,35134,44.1321,471,0.591627,21466,200,0
dogrib,ws10,open_anchor,0,17,24,0.0301466,471,0.591627,19,200,0
dogrib,ws10,open_anchor,0,9,12078,15.1713,471,0.591627,7758,200,0
dogrib,ws10,open_anchor,0,11,12365,15.5318,471,0.591627,7750,200,0
dogrib,ws10,open_anchor,0,14,10249,12.8738,471,0.591627,6706,200,0
dogrib,ws10,shielded_ratio,0,30,28187,35.4059,471,0.591627,17808,200,0
dogrib,ws10,shielded_ratio,0,29,34067,42.7918,471,0.591627,20665,200,0
dogrib,ws10,open_anchor,0,22,26,0.0326588,471,0.591627,20,200,0
dogrib,ws10,open_anchor,0,23,23,0.0288905,471,0.591627,18,200,0
dogrib,ws10,open_anchor,0,18,9254,11.624,471,0.591627,5778,200,0
dogrib,ws10,open_anchor,0,27,23,0.0288905,471,0.591627,19,200,0
dogrib,ws10,shielded_ratio,0,19,37194,46.7197,471,0.591627,22926,200,0
dogrib,ws10,open_anchor,0,25,12223,15.3534,471,0.591627,7685,200,0
dogrib,ws10,open_anchor,0,24,13599,17.0818,471,0.591627,8499,200,0
dogrib,ws10,fuel_flank,0,1,30,0.0376832,471,0.591627,23,200,0
dogrib,ws10,fuel_flank,0,2,24,0.0301466,471,0.591627,20,200,0
dogrib,ws10,open_anchor,0,30,10248,12.8726,471,0.591627,6730,200,0
dogrib,ws10,open_anchor,0,10,30722,38.5901,471,0.591627,19071,200,0
dogrib,ws10,open_anchor,0,13,25728,32.3171,471,0.591627,16419,200,0
dogrib,ws10,open_anchor,0,28,11303,14.1978,471,0.591627,7312,200,0
dogrib,ws10,fuel_flank,0,5,38,0.0477321,471,0.591627,30,200,0
dogrib,ws10,open_anchor,0,7,30493,38.3025,471,0.591627,18978,200,0
dogrib,ws10,fuel_flank,0,8,14,0.0175855,471,0.591627,13,200,0
dogrib,ws10,open_anchor,0,26,18587,23.3473,471,0.591627,12191,200,0
dogrib,ws10,open_anchor,0,16,26117,32.8058,471,0.591627,16459,200,0
dogrib,ws10,fuel_flank,0,12,34,0.0427077,471,0.591627,27,200,0
dogrib,ws10,fuel_flank,0,4,17944,22.5396,471,0.591627,11354,200,0
dogrib,ws10,open_anchor,0,19,31917,40.0912,471,0.591627,20008,200,0
dogrib,ws10,open_anchor,0,20,29690,37.2938,471,0.591627,18411,200,0
dogrib,ws10,fuel_flank,0,3,22164,27.8404,471,0.591627,14408,200,0
dogrib,ws10,fuel_flank,0,6,15277,19.1896,471,0.591627,9825,200,0
dogrib,ws10,open_anchor,0,21,28634,35.9674,471,0.591627,18060,200,0
dogrib,ws10,open_anchor,0,29,27997,35.1673,471,0.591627,17582,200,0
dogrib,ws10,fuel_flank,0,7,19792,24.8609,471,0.591627,12856,200,0
dogrib,ws10,fuel_flank,0,10,15650,19.6581,471,0.591627,9406,200,0
dogrib,ws10,fuel_flank,0,22,28,0.035171,471,0.591627,20,200,0
dogrib,ws10,fuel_flank,0,23,38,0.0477321,471,0.591627,28,200,0
dogrib,ws10,fuel_flank,0,9,20225,25.4048,471,0.591627,13363,200,0
dogrib,ws10,fuel_flank,0,16,14477,18.1847,471,0.591627,9360,200,0
dogrib,ws10,fuel_flank,0,25,20,0.0251222,471,0.591627,18,200,0
dogrib,ws10,fuel_flank,0,15,15090,18.9547,471,0.591627,10151,200,0
dogrib,ws10,fuel_flank,0,17,19409,24.3798,471,0.591627,12746,200,0
dogrib,ws10,fuel_flank,0,14,26060,32.7342,471,0.591627,16227,200,0
dogrib,ws10,fuel_flank,0,26,11039,13.8662,471,0.591627,6647,200,0
dogrib,ws10,fuel_flank,0,11,26403,33.165,471,0.591627,16785,200,0
dogrib,ws10,cell1_baseline,0,1,27,0.0339149,471,0.591627,21,200,0
dogrib,ws10,fuel_flank,0,13,20769,26.0881,471,0.591627,13117,200,0
dogrib,ws10,cell1_baseline,0,3,22,0.0276344,471,0.591627,19,200,0
dogrib,ws10,fuel_flank,0,29,8776,11.0236,471,0.591627,5437,200,0
dogrib,ws10,fuel_flank,0,19,24932,31.3173,471,0.591627,16030,200,0
dogrib,ws10,fuel_flank,0,18,24586,30.8827,471,0.591627,15897,200,0
dogrib,ws10,fuel_flank,0,28,19474,24.4614,471,0.591627,13024,200,0
dogrib,ws10,cell1_baseline,0,2,19359,24.317,471,0.591627,12259,200,0
dogrib,ws10,cell1_baseline,0,8,62,0.0778787,471,0.591627,51,200,0
dogrib,ws10,cell1_baseline,0,6,19904,25.0016,471,0.591627,12634,200,0
dogrib,ws10,fuel_flank,0,20,25414,31.9227,471,0.591627,16286,200,0
dogrib,ws10,fuel_flank,0,27,19935,25.0405,471,0.591627,13050,200,0
dogrib,ws10,cell1_baseline,0,14,67,0.0841592,471,0.591627,52,200,0
dogrib,ws10,fuel_flank,0,21,34843,43.7666,471,0.591627,21157,200,0
dogrib,ws10,fuel_flank,0,24,23996,30.1416,471,0.591627,15577,200,0
dogrib,ws10,cell1_baseline,0,7,29465,37.0112,471,0.591627,18276,200,0
dogrib,ws10,fuel_flank,0,30,26159,32.8585,471,0.591627,16845,200,0
dogrib,ws10,cell1_baseline,0,4,25494,32.0232,471,0.591627,15729,200,0
dogrib,ws10,cell1_baseline,0,5,26147,32.8435,471,0.591627,16521,200,0
dogrib,ws10,cell1_baseline,0,9,25417,31.9265,471,0.591627,15718,200,0
dogrib,ws10,cell1_baseline,0,22,24,0.0301466,471,0.591627,19,200,0
dogrib,ws10,cell1_baseline,0,23,35,0.0439638,471,0.591627,29,200,0
dogrib,ws10,cell1_baseline,0,12,33321,41.8548,471,0.591627,20354,200,0
dogrib,ws10,cell1_baseline,0,16,26609,33.4238,471,0.591627,16616,200,0
dogrib,ws10,cell1_baseline,0,13,23987,30.1303,471,0.591627,15131,200,0
dogrib,ws10,cell1_baseline,0,18,24047,30.2056,471,0.591627,15180,200,0
dogrib,ws10,cell1_baseline,0,10,26887,33.773,471,0.591627,16837,200,0
dogrib,ws10,cell1_baseline,0,11,30389,38.1719,471,0.591627,18980,200,0
dogrib,ws10,cell1_baseline,0,30,73,0.0916959,471,0.591627,56,200,0
dogrib,ws10,cell1_baseline,0,19,27965,35.1271,471,0.591627,17377,200,0
dogrib,ws10,cell1_baseline,0,15,31210,39.2031,471,0.591627,19189,200,0
dogrib,ws10,cell1_baseline,0,17,28902,36.304,471,0.591627,17715,200,0
dogrib,ws10,cell1_baseline,0,26,22829,28.6757,471,0.591627,14537,200,0
dogrib,ws10,cell1_baseline,0,24,22737,28.5601,471,0.591627,14476,200,0
dogrib,ws10,cell1_baseline,0,20,28850,36.2387,471,0.591627,17983,200,0
dogrib,ws10,cell1_baseline,0,25,34333,43.126,471,0.591627,21117,200,0
dogrib,ws10,cell1_baseline,0,27,26226,32.9427,471,0.591627,16246,200,0
dogrib,ws10,cell1_baseline,0,21,33738,42.3786,471,0.591627,20878,200,0
dogrib,ws10,cell2_ground,0,3,26045,32.7153,471,0.591627,16146,200,0
dogrib,ws10,cell1_baseline,0,29,26451,33.2253,471,0.591627,16453,200,0
dogrib,ws10,cell1_baseline,0,28,30834,38.7308,471,0.591627,19137,200,0
dogrib,ws10,cell2_ground,0,4,33652,42.2705,471,0.591627,20595,200,0
dogrib,ws10,cell2_ground,0,5,30335,38.104,471,0.591627,18893,200,0
dogrib,ws10,cell2_ground,0,2,34955,43.9072,471,0.591627,21202,200,0
dogrib,ws10,cell2_ground,0,1,35568,44.6772,471,0.591627,21790,200,0
dogrib,ws10,cell2_ground,0,7,31221,39.2169,471,0.591627,19427,200,0
dogrib,ws10,cell2_ground,0,6,33747,42.3899,471,0.591627,20651,200,0
dogrib,ws10,cell2_ground,0,14,30677,38.5336,471,0.591627,19178,200,0
dogrib,ws10,cell2_ground,0,8,34446,43.2679,471,0.591627,21166,200,0
dogrib,ws10,cell2_ground,0,12,28783,36.1546,471,0.591627,17948,200,0
dogrib,ws10,cell2_ground,0,9,35539,44.6408,471,0.591627,21675,200,0
dogrib,ws10,cell2_ground,0,13,36610,45.9861,471,0.591627,22441,200,0
dogrib,ws10,cell2_ground,0,17,26875,33.7579,471,0.591627,16641,200,0
dogrib,ws10,cell2_ground,0,11,34680,43.5618,471,0.591627,21035,200,0
dogrib,ws10,cell2_ground,0,10,37478,47.0764,471,0.591627,22855,200,0
dogrib,ws10,cell2_ground,0,15,33813,42.4728,471,0.591627,20709,200,0
dogrib,ws10,cell2_ground,0,24,27493,34.5342,471,0.591627,17169,200,0
dogrib,ws10,cell2_ground,0,18,35068,44.0492,471,0.591627,21492,200,0
dogrib,ws10,cell2_ground,0,16,35744,44.8983,471,0.591627,21803,200,0
dogrib,ws10,cell2_ground,0,22,33096,41.5721,471,0.591627,20059,200,0
dogrib,ws10,cell2_ground,0,21,34364,43.1649,471,0.591627,21182,200,0
dogrib,ws10,cell2_ground,0,19,37236,46.7724,471,0.591627,22729,200,0
dogrib,ws10,cell2_ground,0,26,22786,28.6217,471,0.591627,14601,200,0
dogrib,ws10,cell2_ground,0,27,31316,39.3363,471,0.591627,19126,200,0
dogrib,ws10,cell2_ground,0,20,36311,45.6105,471,0.591627,22092,200,0
dogrib,ws10,cell2_ground,0,23,35025,43.9952,471,0.591627,21364,200,0
dogrib,ws10,cell2_ground,0,30,30083,37.7875,471,0.591627,18761,200,0
dogrib,ws10,cell2_ground,0,29,34978,43.9361,471,0.591627,21299,200,0
dogrib,ws10,cell2_ground,0,25,35114,44.107,471,0.591627,21449,200,0
dogrib,ws10,cell3_lowonly,0,1,37149,46.6632,471,0.591627,22230,200,0
dogrib,ws10,cell2_ground,0,28,35638,44.7652,471,0.591627,21660,200,0
dogrib,ws10,cell3_lowonly,0,3,37371,46.942,471,0.591627,22263,200,0
dogrib,ws10,cell3_lowonly,0,5,37756,47.4256,471,0.591627,22460,200,0
dogrib,ws10,cell3_lowonly,0,2,36883,46.329,471,0.591627,21993,200,0
dogrib,ws10,cell3_lowonly,0,9,38480,48.335,471,0.591627,22961,200,0
dogrib,ws10,cell3_lowonly,0,10,39237,49.2859,471,0.591627,23384,200,0
dogrib,ws10,cell3_lowonly,0,6,37818,47.5035,471,0.591627,22527,200,0
dogrib,ws10,cell3_lowonly,0,4,37664,47.31,471,0.591627,22461,200,0
dogrib,ws10,cell3_lowonly,0,7,38344,48.1642,471,0.591627,22871,200,0
dogrib,ws10,cell3_lowonly,0,8,37280,46.8277,471,0.591627,22270,200,0
dogrib,ws10,cell3_lowonly,0,11,36893,46.3416,471,0.591627,21992,200,0
dogrib,ws10,cell3_lowonly,0,12,37074,46.5689,471,0.591627,22157,200,0
dogrib,ws10,cell3_lowonly,0,17,37490,47.0915,471,0.591627,22419,200,0
dogrib,ws10,cell3_lowonly,0,16,37682,47.3327,471,0.591627,22501,200,0
dogrib,ws10,cell3_lowonly,0,15,36867,46.3089,471,0.591627,22007,200,0
dogrib,ws10,cell3_lowonly,0,18,37819,47.5047,471,0.591627,22588,200,0
dogrib,ws10,cell3_lowonly,0,14,37295,46.8465,471,0.591627,22283,200,0
dogrib,ws10,cell3_lowonly,0,13,39006,48.9957,471,0.591627,23251,200,0
dogrib,ws10,cell3_lowonly,0,22,37007,46.4848,471,0.591627,22068,200,0
dogrib,ws10,cell4_highonly,0,1,32,0.0401955,471,0.591627,24,200,0
dogrib,ws10,cell4_highonly,0,2,24,0.0301466,471,0.591627,18,200,0
dogrib,ws10,cell4_highonly,0,3,31,0.0389393,471,0.591627,24,200,0
dogrib,ws10,cell4_highonly,0,4,36,0.0452199,471,0.591627,27,200,0
dogrib,ws10,cell4_highonly,0,5,49,0.0615493,471,0.591627,39,200,0
dogrib,ws10,cell4_highonly,0,6,79,0.0992325,471,0.591627,60,200,0
dogrib,ws10,cell3_lowonly,0,19,39228,49.2746,471,0.591627,23417,200,0
dogrib,ws10,cell3_lowonly,0,20,39178,49.2118,471,0.591627,23420,200,0
dogrib,ws10,cell4_highonly,0,8,18,0.0226099,471,0.591627,17,200,0
dogrib,ws10,cell4_highonly,0,7,341,0.428333,471,0.591627,214,200,0
dogrib,ws10,cell4_highonly,0,11,25,0.0314027,471,0.591627,22,200,0
dogrib,ws10,cell3_lowonly,0,21,39109,49.1251,471,0.591627,23353,200,0
dogrib,ws10,cell4_highonly,0,12,24,0.0301466,471,0.591627,20,200,0
dogrib,ws10,cell4_highonly,0,14,46,0.057781,471,0.591627,38,200,0
dogrib,ws10,cell4_highonly,0,15,35,0.0439638,471,0.591627,27,200,0
dogrib,ws10,cell3_lowonly,0,23,36787,46.2084,471,0.591627,21927,200,0
dogrib,ws10,cell4_highonly,0,16,24,0.0301466,471,0.591627,22,200,0
dogrib,ws10,cell4_highonly,0,18,16,0.0200977,471,0.591627,15,200,0
dogrib,ws10,cell4_highonly,0,17,20,0.0251222,471,0.591627,16,200,0
dogrib,ws10,cell3_lowonly,0,27,37527,47.138,471,0.591627,22494,200,0
dogrib,ws10,cell3_lowonly,0,24,37476,47.0739,471,0.591627,22373,200,0
dogrib,ws10,cell3_lowonly,0,25,37319,46.8767,471,0.591627,22352,200,0
dogrib,ws10,cell4_highonly,0,23,35,0.0439638,471,0.591627,27,200,0
dogrib,ws10,cell4_highonly,0,22,25,0.0314027,471,0.591627,21,200,0
dogrib,ws10,cell4_highonly,0,24,35,0.0439638,471,0.591627,29,200,0
dogrib,ws10,cell4_highonly,0,26,26,0.0326588,471,0.591627,22,200,0
dogrib,ws10,cell4_highonly,0,25,18,0.0226099,471,0.591627,17,200,0
dogrib,ws10,cell4_highonly,0,27,22,0.0276344,471,0.591627,18,200,0
dogrib,ws10,cell3_lowonly,0,26,37730,47.3929,471,0.591627,22574,200,0
dogrib,ws10,cell4_highonly,0,30,41,0.0515004,471,0.591627,37,200,0
dogrib,ws10,cell4_highonly,0,9,35664,44.7978,471,0.591627,21351,200,0
dogrib,ws10,cell3_lowonly,0,28,38482,48.3375,471,0.591627,22950,200,0
dogrib,ws10,cell3_lowonly,0,30,37311,46.8666,471,0.591627,22212,200,0
dogrib,ws10,cell3_lowonly,0,29,38647,48.5448,471,0.591627,23067,200,0
dogrib,ws10,cell4_highonly,0,19,37686,47.3377,471,0.591627,22647,200,0
dogrib,ws10,cell4_highonly,0,10,37759,47.4294,471,0.591627,22604,200,0
dogrib,ws10,cell4_highonly,0,21,37928,47.6417,471,0.591627,22671,200,0
dogrib,ws10,cell4_highonly,0,28,36527,45.8818,471,0.591627,21912,200,0
dogrib,ws10,cell4_highonly,0,20,38453,48.3011,471,0.591627,23064,200,0
dogrib,ws10,cell4_highonly,0,13,37880,47.5814,471,0.591627,22676,200,0
dogrib,ws10,cell5_hilly,0,3,37360,46.9282,471,0.591627,22306,200,0
dogrib,ws10,cell5_hilly,0,4,37909,47.6178,471,0.591627,22696,200,0
dogrib,ws10,cell4_highonly,0,29,35832,45.0089,471,0.591627,21427,200,0
dogrib,ws10,cell5_hilly,0,1,37211,46.741,471,0.591627,22261,200,0
dogrib,ws10,cell5_hilly,0,2,36957,46.422,471,0.591627,22071,200,0
dogrib,ws10,cell5_hilly,0,5,37824,47.511,471,0.591627,22631,200,0
dogrib,ws10,cell5_hilly,0,8,37289,46.839,471,0.591627,22234,200,0
dogrib,ws10,cell5_hilly,0,6,37803,47.4846,471,0.591627,22596,200,0
dogrib,ws10,cell5_hilly,0,11,36951,46.4144,471,0.591627,22086,200,0
dogrib,ws10,cell5_hilly,0,7,38381,48.2107,471,0.591627,22930,200,0
dogrib,ws10,cell5_hilly,0,14,37254,46.795,471,0.591627,22279,200,0
dogrib,ws10,cell5_hilly,0,9,38448,48.2948,471,0.591627,22977,200,0
dogrib,ws10,cell5_hilly,0,10,39213,49.2558,471,0.591627,23424,200,0
dogrib,ws10,cell5_hilly,0,12,37026,46.5086,471,0.591627,22094,200,0
dogrib,ws10,cell5_hilly,0,15,36905,46.3567,471,0.591627,22134,200,0
dogrib,ws10,cell5_hilly,0,13,38942,48.9154,471,0.591627,23205,200,0
dogrib,ws10,cell5_hilly,0,16,37648,47.2899,471,0.591627,22525,200,0
dogrib,ws10,cell5_hilly,0,18,37760,47.4306,471,0.591627,22627,200,0
dogrib,ws10,cell5_hilly,0,17,37512,47.1191,471,0.591627,22465,200,0
dogrib,ws10,cell5_hilly,0,20,39187,49.2231,471,0.591627,23290,200,0
dogrib,ws10,cell5_hilly,0,22,36987,46.4597,471,0.591627,22058,200,0
dogrib,ws10,cell5_hilly,0,25,37274,46.8202,471,0.591627,22277,200,0
dogrib,ws10,cell5_hilly,0,23,36899,46.3491,471,0.591627,22114,200,0
dogrib,ws10,cell5_hilly,0,19,39185,49.2206,471,0.591627,23402,200,0
dogrib,ws10,cell5_hilly,0,21,39072,49.0786,471,0.591627,23333,200,0
dogrib,ws10,cell5_hilly,0,24,37479,47.0777,471,0.591627,22388,200,0
dogrib,ws10,cell5_hilly,0,27,37502,47.1066,471,0.591627,22440,200,0
dogrib,ws10,cell5_hilly,0,26,37711,47.3691,471,0.591627,22532,200,0
dogrib,ws10,cell5_hilly,0,28,38439,48.2835,471,0.591627,22907,200,0
dogrib,ws10,cell5_hilly,0,29,38602,48.4883,471,0.591627,23007,200,0
dogrib,ws10,cell5_hilly,0,30,37250,46.79,471,0.591627,22296,200,0
dogrib,ws10,cell6_barriers,0,3,37371,46.942,471,0.591627,22263,200,0
dogrib,ws10,cell6_barriers,0,2,36963,46.4295,471,0.591627,22007,200,0
dogrib,ws10,cell6_barriers,0,1,37149,46.6632,471,0.591627,22230,200,0
dogrib,ws10,cell6_barriers,0,6,37818,47.5035,471,0.591627,22527,200,0
dogrib,ws10,cell6_barriers,0,4,37664,47.31,471,0.591627,22461,200,0
dogrib,ws10,cell6_barriers,0,8,37154,46.6694,471,0.591627,22191,200,0
dogrib,ws10,cell6_barriers,0,11,36895,46.3441,471,0.591627,22010,200,0
dogrib,ws10,cell6_barriers,0,5,37756,47.4256,471,0.591627,22460,200,0
dogrib,ws10,cell6_barriers,0,7,38344,48.1642,471,0.591627,22871,200,0
dogrib,ws10,cell6_barriers,0,10,39237,49.2859,471,0.591627,23384,200,0
dogrib,ws10,cell6_barriers,0,9,38480,48.335,471,0.591627,22961,200,0
dogrib,ws10,cell6_barriers,0,15,36867,46.3089,471,0.591627,22007,200,0
dogrib,ws10,cell6_barriers,0,12,37074,46.5689,471,0.591627,22157,200,0
dogrib,ws10,cell6_barriers,0,17,37490,47.0915,471,0.591627,22419,200,0
dogrib,ws10,cell6_barriers,0,16,37682,47.3327,471,0.591627,22501,200,0
dogrib,ws10,cell6_barriers,0,14,37295,46.8465,471,0.591627,22283,200,0
dogrib,ws10,cell6_barriers,0,13,39006,48.9957,471,0.591627,23251,200,0
dogrib,ws10,cell6_barriers,0,18,37819,47.5047,471,0.591627,22588,200,0
dogrib,ws10,cell6_barriers,0,20,39178,49.2118,471,0.591627,23420,200,0
dogrib,ws10,cell6_barriers,0,22,37007,46.4848,471,0.591627,22068,200,0
dogrib,ws10,cell6_barriers,0,19,39228,49.2746,471,0.591627,23417,200,0
dogrib,ws10,cell6_barriers,0,24,37476,47.0739,471,0.591627,22373,200,0
dogrib,ws10,cell6_barriers,0,23,36787,46.2084,471,0.591627,21927,200,0
dogrib,ws10,cell6_barriers,0,21,39109,49.1251,471,0.591627,23353,200,0
dogrib,ws10,cell6_barriers,0,25,37295,46.8465,471,0.591627,22251,200,0
dogrib,ws10,cell6_barriers,0,28,38482,48.3375,471,0.591627,22950,200,0
dogrib,ws10,cell6_barriers,0,30,37311,46.8666,471,0.591627,22212,200,0
dogrib,ws10,cell6_barriers,0,26,37730,47.3929,471,0.591627,22574,200,0
dogrib,ws10,cell6_barriers,0,27,37527,47.138,471,0.591627,22494,200,0
dogrib,ws10,cell2_ground,2,2,26821,33.6901,471,0.591627,16604,200,0
dogrib,ws10,cell2_ground,2,3,23132,29.0563,471,0.591627,14313,200,0
dogrib,ws10,cell6_barriers,0,29,38647,48.5448,471,0.591627,23067,200,0
dogrib,ws10,cell2_ground,2,8,26755,33.6072,471,0.591627,16520,200,0
dogrib,ws10,cell2_ground,2,1,35943,45.1483,471,0.591627,21490,200,0
dogrib,ws10,cell2_ground,2,6,37007,46.4848,471,0.591627,21992,200,0
dogrib,ws10,cell2_ground,2,9,37188,46.7121,471,0.591627,22262,200,0
dogrib,ws10,cell2_ground,2,4,35691,44.8317,471,0.591627,21497,200,0
dogrib,ws10,cell2_ground,2,5,36800,46.2248,471,0.591627,21962,200,0
dogrib,ws10,cell2_ground,2,7,34543,43.3897,471,0.591627,20799,200,0
dogrib,ws10,cell2_ground,2,12,35507,44.6006,471,0.591627,21347,200,0
dogrib,ws10,cell2_ground,2,11,30862,38.766,471,0.591627,18681,200,0
dogrib,ws10,cell2_ground,2,13,38025,47.7635,471,0.591627,22698,200,0
dogrib,ws10,cell2_ground,2,14,36318,45.6193,471,0.591627,21630,200,0
dogrib,ws10,cell2_ground,2,10,37865,47.5625,471,0.591627,22590,200,0
dogrib,ws10,cell2_ground,2,15,35601,44.7187,471,0.591627,21326,200,0
dogrib,ws10,cell2_ground,2,21,28855,36.245,471,0.591627,17719,200,0
dogrib,ws10,cell2_ground,2,17,34363,43.1636,471,0.591627,20578,200,0
dogrib,ws10,cell2_ground,2,16,36473,45.814,471,0.591627,21927,200,0
dogrib,ws10,cell2_ground,2,18,34996,43.9588,471,0.591627,21241,200,0
dogrib,ws25,none,0,1,33441,42.0055,0,0.0,18661,200,0
dogrib,ws25,none,0,2,33228,41.7379,0,0.0,18510,200,0
dogrib,ws25,none,0,3,33041,41.5031,0,0.0,18391,200,0
dogrib,ws25,none,0,4,33297,41.8246,0,0.0,18539,200,0
dogrib,ws25,none,0,5,33832,42.4966,0,0.0,18892,200,0
dogrib,ws25,none,0,6,33531,42.1186,0,0.0,18680,200,0
dogrib,ws10,cell2_ground,2,25,28327,35.5818,471,0.591627,17346,200,0
dogrib,ws25,none,0,7,33624,42.2354,0,0.0,18722,200,0
dogrib,ws25,none,0,8,33180,41.6777,0,0.0,18550,200,0
dogrib,ws25,none,0,9,33431,41.9929,0,0.0,18676,200,0
dogrib,ws25,none,0,10,33994,42.7001,0,0.0,18951,200,0
dogrib,ws25,none,0,11,33228,41.7379,0,0.0,18510,200,0
dogrib,ws25,none,0,12,32886,41.3084,0,0.0,18328,200,0
dogrib,ws25,none,0,13,33968,42.6675,0,0.0,18943,200,0
dogrib,ws25,none,0,15,33497,42.0758,0,0.0,18725,200,0
dogrib,ws10,cell2_ground,2,27,31387,39.4255,471,0.591627,18814,200,0
dogrib,ws25,none,0,14,33671,42.2944,0,0.0,18784,200,0
dogrib,ws25,none,0,16,33445,42.0105,0,0.0,18671,200,0
dogrib,ws10,cell2_ground,2,22,32542,40.8763,471,0.591627,19655,200,0
dogrib,ws25,none,0,17,32891,41.3146,0,0.0,18372,200,0
dogrib,ws25,none,0,18,33105,41.5834,0,0.0,18499,200,0
dogrib,ws25,none,0,19,33994,42.7001,0,0.0,18951,200,0
dogrib,ws25,none,0,20,33840,42.5067,0,0.0,18868,200,0
dogrib,ws25,none,0,21,33695,42.3246,0,0.0,18839,200,0
dogrib,ws25,none,0,23,33497,42.0758,0,0.0,18725,200,0
dogrib,ws25,none,0,22,32660,41.0245,0,0.0,18115,200,0
dogrib,ws25,none,0,26,33210,41.7153,0,0.0,18547,200,0
dogrib,ws25,none,0,24,33513,42.0959,0,0.0,18685,200,0
dogrib,ws25,none,0,25,33180,41.6777,0,0.0,18550,200,0
dogrib,ws25,none,0,27,32891,41.3146,0,0.0,18372,200,0
dogrib,ws25,none,0,28,33431,41.9929,0,0.0,18676,200,0
dogrib,ws25,none,0,29,33789,42.4426,0,0.0,18865,200,0
dogrib,ws25,none,0,30,33671,42.2944,0,0.0,18784,200,0
dogrib,ws25,random,0,2,31789,39.9304,471,0.591627,17780,200,0
dogrib,ws25,random,0,1,33297,41.8246,471,0.591627,18547,200,0
dogrib,ws10,cell2_ground,2,19,37125,46.633,471,0.591627,22190,200,0
dogrib,ws25,random,0,3,28732,36.0905,471,0.591627,16139,200,0
dogrib,ws25,random,0,4,33143,41.6312,471,0.591627,18408,200,0
dogrib,ws25,random,0,5,32401,40.6991,471,0.591627,18082,200,0
dogrib,ws25,random,0,6,33313,41.8447,471,0.591627,18543,200,0
dogrib,ws25,random,0,7,33379,41.9276,471,0.591627,18552,200,0
dogrib,ws25,random,0,8,33020,41.4767,471,0.591627,18366,200,0
dogrib,ws25,random,0,9,31980,40.1703,471,0.591627,17830,200,0
dogrib,ws25,random,0,11,33010,41.4641,471,0.591627,18257,200,0
dogrib,ws25,random,0,10,32586,40.9315,471,0.591627,18122,200,0
dogrib,ws25,random,0,12,31532,39.6076,471,0.591627,17575,200,0
dogrib,ws25,random,0,13,33183,41.6814,471,0.591627,18399,200,0
dogrib,ws25,random,0,14,33480,42.0545,471,0.591627,18636,200,0
dogrib,ws25,random,0,15,32860,41.2757,471,0.591627,18218,200,0
dogrib,ws25,random,0,16,29107,36.5615,471,0.591627,16459,200,0
dogrib,ws25,random,0,17,32654,41.0169,471,0.591627,18140,200,0
dogrib,ws25,random,0,18,31661,39.7696,471,0.591627,17723,200,0
dogrib,ws25,random,0,20,33143,41.6312,471,0.591627,18328,200,0
dogrib,ws25,random,0,19,33766,42.4137,471,0.591627,18764,200,0
dogrib,ws25,random,0,21,31055,39.0084,471,0.591627,17355,200,0
dogrib,ws25,random,0,24,32139,40.3701,471,0.591627,17878,200,0
dogrib,ws25,random,0,22,32273,40.5384,471,0.591627,17868,200,0
dogrib,ws10,cell2_ground,2,23,35578,44.6898,471,0.591627,21139,200,0
dogrib,ws25,random,0,23,32963,41.4051,471,0.591627,18330,200,0
dogrib,ws25,random,0,25,32798,41.1978,471,0.591627,18269,200,0
dogrib,ws25,random,0,26,32972,41.4164,471,0.591627,18415,200,0
dogrib,ws25,random,0,29,33060,41.5269,471,0.591627,18356,200,0
dogrib,ws25,random,0,30,33456,42.0243,471,0.591627,18608,200,0
dogrib,ws25,random,0,27,32622,40.9768,471,0.591627,18070,200,0
dogrib,ws25,random,0,28,33144,41.6324,471,0.591627,18426,200,0
dogrib,ws10,cell2_ground,2,20,38346,48.1667,471,0.591627,22902,200,0
dogrib,ws10,cell2_ground,2,26,35713,44.8594,471,0.591627,21470,200,0
dogrib,ws25,proximity,0,5,1001,1.25736,471,0.591627,607,200,0
dogrib,ws25,proximity,0,3,8505,10.6832,471,0.591627,5643,200,0
dogrib,ws10,cell2_ground,2,28,37297,46.8491,471,0.591627,22253,200,0
dogrib,ws10,cell2_ground,2,24,36475,45.8165,471,0.591627,21695,200,0
dogrib,ws25,proximity,0,4,13067,16.4136,471,0.591627,8524,200,0
dogrib,ws25,proximity,0,8,15171,19.0564,471,0.591627,9622,200,0
dogrib,ws25,proximity,0,1,16733,21.0185,471,0.591627,11081,200,0
dogrib,ws25,proximity,0,7,17627,22.1414,471,0.591627,11445,200,0
dogrib,ws25,proximity,0,6,19143,24.0457,471,0.591627,12496,200,0
dogrib,ws25,proximity,0,2,18694,23.4817,471,0.591627,12260,200,0
dogrib,ws25,proximity,0,9,16634,20.8941,471,0.591627,11073,200,0
dogrib,ws25,proximity,0,13,15661,19.6719,471,0.591627,9293,200,0
dogrib,ws25,proximity,0,11,19345,24.2994,471,0.591627,12703,200,0
dogrib,ws10,cell2_ground,2,29,37611,47.2435,471,0.591627,22378,200,0
dogrib,ws25,proximity,0,17,15335,19.2624,471,0.591627,9166,200,0
dogrib,ws25,proximity,0,10,22347,28.0702,471,0.591627,14416,200,0
dogrib,ws25,proximity,0,16,9490,11.9205,471,0.591627,6280,200,0
dogrib,ws10,cell2_ground,2,30,36014,45.2375,471,0.591627,21518,200,0
dogrib,ws25,proximity,0,14,17470,21.9442,471,0.591627,10756,200,0
dogrib,ws25,proximity,0,12,17858,22.4316,471,0.591627,11582,200,0
dogrib,ws25,proximity,0,18,12650,15.8898,471,0.591627,8143,200,0
dogrib,ws25,proximity,0,25,10940,13.7418,471,0.591627,6879,200,0
dogrib,ws25,proximity,0,20,18415,23.1312,471,0.591627,11933,200,0
dogrib,ws25,proximity,0,15,20225,25.4048,471,0.591627,12907,200,0
dogrib,ws25,proximity,0,21,23043,28.9445,471,0.591627,14392,200,0
dogrib,ws25,proximity,0,24,15875,19.9407,471,0.591627,10537,200,0
dogrib,ws25,proximity,0,19,21676,27.2274,471,0.591627,14069,200,0
dogrib,ws25,proximity,0,26,17092,21.4694,471,0.591627,11224,200,0
dogrib,ws25,proximity,0,23,16546,20.7836,471,0.591627,11028,200,0
dogrib,ws25,proximity,0,22,19382,24.3459,471,0.591627,12647,200,0
dogrib,ws25,proximity,0,27,20728,26.0366,471,0.591627,13286,200,0
dogrib,ws25,proximity,0,28,17355,21.7998,471,0.591627,11407,200,0
dogrib,ws25,fuel_elevation,0,2,14463,18.1671,471,0.591627,8315,200,0
dogrib,ws25,fuel_elevation,0,1,21467,26.9649,471,0.591627,12760,200,0
dogrib,ws25,proximity,0,29,21029,26.4147,471,0.591627,13086,200,0
dogrib,ws25,fuel_elevation,0,5,18473,23.2041,471,0.591627,11026,200,0
dogrib,ws25,fuel_elevation,0,8,15443,19.3981,471,0.591627,9049,200,0
dogrib,ws25,fuel_elevation,0,11,14415,18.1068,471,0.591627,8319,200,0
dogrib,ws25,proximity,0,30,24067,30.2307,471,0.591627,15153,200,0
dogrib,ws25,fuel_elevation,0,3,21477,26.9774,471,0.591627,13485,200,0
dogrib,ws25,fuel_elevation,0,7,28396,35.6684,471,0.591627,16445,200,0
dogrib,ws25,fuel_elevation,0,4,24964,31.3575,471,0.591627,14968,200,0
dogrib,ws25,fuel_elevation,0,9,17961,22.561,471,0.591627,11276,200,0
dogrib,ws25,fuel_elevation,0,6,25708,32.292,471,0.591627,15674,200,0
dogrib,ws25,fuel_elevation,0,15,20152,25.3131,471,0.591627,12437,200,0
dogrib,ws25,fuel_elevation,0,10,25238,31.7016,471,0.591627,14924,200,0
dogrib,ws25,fuel_elevation,0,12,21670,27.2199,471,0.591627,13632,200,0
dogrib,ws25,fuel_elevation,0,13,24162,30.3501,471,0.591627,14768,200,0
dogrib,ws25,fuel_elevation,0,17,19560,24.5695,471,0.591627,12618,200,0
dogrib,ws25,fuel_elevation,0,14,21709,27.2688,471,0.591627,12953,200,0
dogrib,ws25,fuel_elevation,0,16,22176,27.8554,471,0.591627,13841,200,0
dogrib,ws25,fuel_elevation,0,22,17290,21.7181,471,0.591627,10786,200,0
dogrib,ws25,fuel_elevation,0,18,24963,31.3562,471,0.591627,14721,200,0
dogrib,ws25,fuel_elevation,0,20,25581,32.1325,471,0.591627,15522,200,0
dogrib,ws25,fuel_elevation,0,21,23476,29.4884,471,0.591627,14306,200,0
dogrib,ws25,fuel_elevation,0,25,15442,19.3968,471,0.591627,9062,200,0
dogrib,ws25,fuel_elevation,0,28,17469,21.9429,471,0.591627,11073,200,0
dogrib,ws25,fuel_elevation,0,23,20152,25.3131,471,0.591627,12437,200,0
dogrib,ws25,fuel_elevation,0,27,19560,24.5695,471,0.591627,12618,200,0
dogrib,ws25,fuel_elevation,0,19,25238,31.7016,471,0.591627,14924,200,0
dogrib,ws25,fuel_elevation,0,24,25053,31.4693,471,0.591627,15619,200,0
dogrib,ws25,fuel_elevation,0,26,21268,26.7149,471,0.591627,12704,200,0
dogrib,ws25,fuel_elevation,0,29,22220,27.9107,471,0.591627,14032,200,0
dogrib,ws25,fuel_elevation,0,30,22299,28.0099,471,0.591627,13355,200,0
dogrib,ws25,neighbour_fuel,0,2,18356,23.0571,471,0.591627,10974,200,0
dogrib,ws25,neighbour_fuel,0,3,17715,22.252,471,0.591627,11048,200,0
dogrib,ws25,neighbour_fuel,0,6,18543,23.292,471,0.591627,12016,200,0
dogrib,ws25,neighbour_fuel,0,8,17393,21.8475,471,0.591627,10574,200,0
dogrib,ws25,neighbour_fuel,0,5,23172,29.1065,471,0.591627,14111,200,0
dogrib,ws25,neighbour_fuel,0,10,13427,16.8658,471,0.591627,8875,200,0
dogrib,ws25,neighbour_fuel,0,4,25493,32.022,471,0.591627,15446,200,0
dogrib,ws25,neighbour_fuel,0,11,19132,24.0319,471,0.591627,11661,200,0
dogrib,ws25,neighbour_fuel,0,1,28901,36.3028,471,0.591627,16924,200,0
dogrib,ws25,neighbour_fuel,0,14,17734,22.2758,471,0.591627,11351,200,0
dogrib,ws25,neighbour_fuel,0,7,23275,29.2359,471,0.591627,14489,200,0
dogrib,ws25,neighbour_fuel,0,9,25696,32.2769,471,0.591627,15149,200,0
dogrib,ws25,neighbour_fuel,0,13,27496,34.5379,471,0.591627,16124,200,0
dogrib,ws25,neighbour_fuel,0,12,26881,33.7654,471,0.591627,15362,200,0
dogrib,ws25,neighbour_fuel,0,15,25102,31.5308,471,0.591627,15002,200,0
dogrib,ws25,neighbour_fuel,0,16,24017,30.1679,471,0.591627,14702,200,0
dogrib,ws25,neighbour_fuel,0,17,21114,26.5215,471,0.591627,13209,200,0
dogrib,ws25,neighbour_fuel,0,21,14273,17.9284,471,0.591627,9629,200,0
dogrib,ws25,neighbour_fuel,0,19,16490,20.7132,471,0.591627,10615,200,0
dogrib,ws25,neighbour_fuel,0,22,17582,22.0849,471,0.591627,11530,200,0
dogrib,ws25,neighbour_fuel,0,18,21140,26.5541,471,0.591627,12987,200,0
dogrib,ws25,neighbour_fuel,0,25,15126,18.9999,471,0.591627,9589,200,0
dogrib,ws25,neighbour_fuel,0,26,16687,20.9607,471,0.591627,10230,200,0
dogrib,ws25,neighbour_fuel,0,27,21550,27.0691,471,0.591627,13522,200,0
dogrib,ws25,neighbour_fuel,0,20,22764,28.594,471,0.591627,14120,200,0
dogrib,ws25,neighbour_fuel,0,23,25041,31.4542,471,0.591627,15039,200,0
dogrib,ws25,neighbour_fuel,0,28,15159,19.0413,471,0.591627,9469,200,0
dogrib,ws25,shielded_ratio,0,2,18655,23.4327,471,0.591627,11684,200,0
dogrib,ws25,neighbour_fuel,0,29,19052,23.9314,471,0.591627,12241,200,0
dogrib,ws25,neighbour_fuel,0,30,21714,27.2751,471,0.591627,12988,200,0
dogrib,ws25,shielded_ratio,0,6,18459,23.1865,471,0.591627,11907,200,0
dogrib,ws25,shielded_ratio,0,3,18302,22.9893,471,0.591627,11524,200,0
dogrib,ws25,shielded_ratio,0,8,17400,21.8563,471,0.591627,10579,200,0
dogrib,ws25,shielded_ratio,0,1,28890,36.289,471,0.591627,16890,200,0
dogrib,ws25,shielded_ratio,0,10,13633,17.1245,471,0.591627,8982,200,0
dogrib,ws25,neighbour_fuel,0,24,30409,38.197,471,0.591627,17402,200,0
dogrib,ws25,shielded_ratio,0,5,24708,31.0359,471,0.591627,14601,200,0
dogrib,ws25,shielded_ratio,0,4,25194,31.6464,471,0.591627,15199,200,0
dogrib,ws25,shielded_ratio,0,7,23684,29.7497,471,0.591627,14654,200,0
dogrib,ws25,shielded_ratio,0,17,18305,22.9931,471,0.591627,11717,200,0
dogrib,ws25,shielded_ratio,0,19,16431,20.6391,471,0.591627,10453,200,0
dogrib,ws25,shielded_ratio,0,12,25582,32.1337,471,0.591627,15129,200,0
dogrib,ws25,shielded_ratio,0,13,27424,34.4475,471,0.591627,16146,200,0
dogrib,ws25,shielded_ratio,0,9,26094,32.7769,471,0.591627,15525,200,0
dogrib,ws25,shielded_ratio,0,14,22055,27.7035,471,0.591627,13375,200,0
dogrib,ws25,shielded_ratio,0,16,24465,30.7307,471,0.591627,14834,200,0
dogrib,ws25,shielded_ratio,0,15,25030,31.4404,471,0.591627,14984,200,0
dogrib,ws25,shielded_ratio,0,11,26338,33.0834,471,0.591627,15521,200,0
dogrib,ws25,shielded_ratio,0,18,21145,26.5604,471,0.591627,13034,200,0
dogrib,ws25,shielded_ratio,0,25,18774,23.5822,471,0.591627,11507,200,0
dogrib,ws25,shielded_ratio,0,26,14725,18.4962,471,0.591627,9531,200,0
dogrib,ws25,shielded_ratio,0,22,28732,36.0905,471,0.591627,16213,200,0
dogrib,ws25,shielded_ratio,0,21,19563,24.5732,471,0.591627,12224,200,0
dogrib,ws25,shielded_ratio,0,23,24964,31.3575,471,0.591627,14967,200,0
dogrib,ws25,shielded_ratio,0,28,16040,20.148,471,0.591627,10163,200,0
dogrib,ws25,shielded_ratio,0,20,26200,32.91,471,0.591627,15793,200,0
dogrib,ws25,shielded_ratio,0,29,22628,28.4232,471,0.591627,13952,200,0
dogrib,ws25,shielded_ratio,0,27,21484,26.9862,471,0.591627,13261,200,0
dogrib,ws25,open_anchor,0,3,14104,17.7161,471,0.591627,8832,200,0
dogrib,ws25,shielded_ratio,0,24,30540,38.3615,471,0.591627,17560,200,0
dogrib,ws25,open_anchor,0,2,24038,30.1943,471,0.591627,14548,200,0
dogrib,ws25,open_anchor,0,5,16278,20.4469,471,0.591627,9516,200,0
dogrib,ws25,open_anchor,0,8,10523,13.218,471,0.591627,6758,200,0
dogrib,ws25,open_anchor,0,12,553,0.694628,471,0.591627,378,200,0
dogrib,ws25,shielded_ratio,0,30,23268,29.2271,471,0.591627,13890,200,0
dogrib,ws25,open_anchor,0,4,18213,22.8775,471,0.591627,11803,200,0
dogrib,ws25,open_anchor,0,6,25333,31.821,471,0.591627,15088,200,0
dogrib,ws25,open_anchor,0,1,27503,34.5467,471,0.591627,15311,200,0
dogrib,ws25,open_anchor,0,10,13270,16.6686,471,0.591627,8417,200,0
dogrib,ws25,open_anchor,0,9,15827,19.8804,471,0.591627,10045,200,0
dogrib,ws25,open_anchor,0,13,17713,22.2494,471,0.591627,10497,200,0
dogrib,ws25,open_anchor,0,22,56,0.070342,471,0.591627,42,200,0
dogrib,ws25,open_anchor,0,11,22244,27.9409,471,0.591627,13170,200,0
dogrib,ws25,open_anchor,0,7,21086,26.4863,471,0.591627,13725,200,0
dogrib,ws25,open_anchor,0,16,11410,14.3322,471,0.591627,7373,200,0
dogrib,ws25,open_anchor,0,19,14014,17.6031,471,0.591627,8667,200,0
dogrib,ws25,open_anchor,0,17,9688,12.1692,471,0.591627,5968,200,0
dogrib,ws25,open_anchor,0,14,21855,27.4522,471,0.591627,13155,200,0
dogrib,ws25,open_anchor,0,18,9291,11.6705,471,0.591627,5962,200,0
dogrib,ws25,open_anchor,0,15,21636,27.1771,471,0.591627,12968,200,0
dogrib,ws25,open_anchor,0,21,17670,22.1954,471,0.591627,10971,200,0
dogrib,ws25,open_anchor,0,24,8092,10.1644,471,0.591627,5143,200,0
dogrib,ws25,open_anchor,0,26,13984,17.5654,471,0.591627,8717,200,0
dogrib,ws25,open_anchor,0,25,9470,11.8953,471,0.591627,6017,200,0
dogrib,ws25,open_anchor,0,29,5617,7.05556,471,0.591627,3067,200,0
dogrib,ws25,open_anchor,0,27,9685,12.1654,471,0.591627,5927,200,0
dogrib,ws25,fuel_flank,0,5,1001,1.25736,471,0.591627,607,200,0
dogrib,ws25,open_anchor,0,23,22180,27.8605,471,0.591627,13407,200,0
dogrib,ws25,open_anchor,0,28,8943,11.2334,471,0.591627,5700,200,0
dogrib,ws25,open_anchor,0,20,24056,30.2169,471,0.591627,14320,200,0
dogrib,ws25,fuel_flank,0,3,8698,10.9256,471,0.591627,5790,200,0
dogrib,ws25,open_anchor,0,30,22263,27.9647,471,0.591627,13442,200,0
dogrib,ws25,fuel_flank,0,2,18780,23.5897,471,0.591627,12304,200,0
dogrib,ws25,fuel_flank,0,4,15680,19.6958,471,0.591627,10036,200,0
dogrib,ws25,fuel_flank,0,8,11701,14.6977,471,0.591627,7785,200,0
dogrib,ws25,fuel_flank,0,1,25217,31.6753,471,0.591627,15271,200,0
dogrib,ws25,fuel_flank,0,9,16634,20.8941,471,0.591627,11073,200,0
dogrib,ws25,fuel_flank,0,13,15661,19.6719,471,0.591627,9293,200,0
dogrib,ws25,fuel_flank,0,16,9490,11.9205,471,0.591627,6280,200,0
dogrib,ws25,fuel_flank,0,7,17627,22.1414,471,0.591627,11445,200,0
dogrib,ws25,fuel_flank,0,14,17523,22.0108,471,0.591627,10824,200,0
dogrib,ws25,fuel_flank,0,6,19143,24.0457,471,0.591627,12496,200,0
dogrib,ws25,fuel_flank,0,17,9497,11.9293,471,0.591627,6357,200,0
dogrib,ws25,fuel_flank,0,12,17870,22.4466,471,0.591627,11585,200,0
dogrib,ws25,fuel_flank,0,10,22451,28.2009,471,0.591627,14443,200,0
dogrib,ws25,fuel_flank,0,11,19107,24.0005,471,0.591627,12593,200,0
dogrib,ws25,fuel_flank,0,18,9296,11.6768,471,0.591627,6067,200,0
dogrib,ws25,fuel_flank,0,15,20298,25.4965,471,0.591627,12953,200,0
dogrib,ws25,fuel_flank,0,22,8716,10.9482,471,0.591627,5852,200,0
dogrib,ws25,fuel_flank,0,25,9999,12.5598,471,0.591627,6342,200,0
dogrib,ws25,fuel_flank,0,24,15412,19.3591,471,0.591627,9939,200,0
dogrib,ws25,fuel_flank,0,20,17409,21.8676,471,0.591627,11397,200,0
dogrib,ws25,fuel_flank,0,21,17629,22.1439,471,0.591627,11821,200,0
dogrib,ws25,fuel_flank,0,26,14275,17.9309,471,0.591627,9200,200,0
dogrib,ws25,fuel_flank,0,19,21182,26.6069,471,0.591627,13807,200,0
dogrib,ws25,fuel_flank,0,23,23514,29.5361,471,0.591627,14973,200,0
dogrib,ws25,cell1_baseline,0,1,21569,27.093,471,0.591627,12926,200,0
dogrib,ws25,fuel_flank,0,28,18505,23.2443,471,0.591627,11875,200,0
dogrib,ws25,fuel_flank,0,30,24067,30.2307,471,0.591627,15153,200,0
dogrib,ws25,cell1_baseline,0,4,22019,27.6582,471,0.591627,13739,200,0
dogrib,ws25,cell1_baseline,0,3,20962,26.3305,471,0.591627,13016,200,0
dogrib,ws25,fuel_flank,0,29,21029,26.4147,471,0.591627,13086,200,0
dogrib,ws25,fuel_flank,0,27,24950,31.3399,471,0.591627,15605,200,0
dogrib,ws25,cell1_baseline,0,6,18780,23.5897,471,0.591627,12295,200,0
dogrib,ws25,cell1_baseline,0,2,20289,25.4852,471,0.591627,12772,200,0
dogrib,ws25,cell1_baseline,0,8,20021,25.1485,471,0.591627,11531,200,0
dogrib,ws25,cell1_baseline,0,5,31399,39.4405,471,0.591627,18027,200,0
dogrib,ws25,cell1_baseline,0,11,23727,29.8037,471,0.591627,14234,200,0
dogrib,ws25,cell1_baseline,0,7,26833,33.7051,471,0.591627,15279,200,0
dogrib,ws25,cell1_baseline,0,12,20900,26.2527,471,0.591627,12987,200,0
dogrib,ws25,cell1_baseline,0,16,25144,31.5836,471,0.591627,14129,200,0
dogrib,ws25,cell1_baseline,0,9,21674,27.2249,471,0.591627,13448,200,0
dogrib,ws25,cell1_baseline,0,15,26178,32.8824,471,0.591627,14685,200,0
dogrib,ws25,cell1_baseline,0,17,18894,23.7329,471,0.591627,12397,200,0
dogrib,ws25,cell1_baseline,0,14,29418,36.9522,471,0.591627,17392,200,0
dogrib,ws25,cell1_baseline,0,10,30599,38.4356,471,0.591627,17522,200,0
dogrib,ws25,cell1_baseline,0,20,24144,30.3275,471,0.591627,14813,200,0
dogrib,ws25,cell1_baseline,0,13,27277,34.2629,471,0.591627,15926,200,0
dogrib,ws25,cell1_baseline,0,22,24607,30.909,471,0.591627,14938,200,0
dogrib,ws25,cell1_baseline,0,21,16204,20.354,471,0.591627,10492,200,0
dogrib,ws25,cell1_baseline,0,27,17419,21.8801,471,0.591627,10945,200,0
dogrib,ws25,cell1_baseline,0,18,22066,27.7173,471,0.591627,12969,200,0
dogrib,ws25,cell1_baseline,0,23,31119,39.0888,471,0.591627,17940,200,0
dogrib,ws25,cell1_baseline,0,24,22469,28.2235,471,0.591627,13797,200,0
dogrib,ws25,cell1_baseline,0,19,26930,33.827,471,0.591627,16064,200,0
dogrib,ws25,cell1_baseline,0,29,20007,25.1309,471,0.591627,12491,200,0
dogrib,ws25,cell1_baseline,0,26,22378,28.1092,471,0.591627,13893,200,0
dogrib,ws25,cell2_ground,0,1,29577,37.1519,471,0.591627,17204,200,0
dogrib,ws25,cell1_baseline,0,25,28389,35.6596,471,0.591627,16604,200,0
dogrib,ws25,cell2_ground,0,3,28959,36.3756,471,0.591627,16784,200,0
dogrib,ws25,cell1_baseline,0,30,24579,30.8739,471,0.591627,14305,200,0
dogrib,ws25,cell1_baseline,0,28,23012,28.9056,471,0.591627,14044,200,0
dogrib,ws25,cell2_ground,0,2,28809,36.1872,471,0.591627,16615,200,0
dogrib,ws25,cell2_ground,0,7,24686,31.0083,471,0.591627,15137,200,0
dogrib,ws25,cell2_ground,0,4,27109,34.0518,471,0.591627,16174,200,0
dogrib,ws25,cell2_ground,0,8,30911,38.8276,471,0.591627,17765,200,0
dogrib,ws25,cell2_ground,0,5,29511,37.069,471,0.591627,17309,200,0
dogrib,ws25,cell2_ground,0,6,29869,37.5187,471,0.591627,17233,200,0
dogrib,ws25,cell2_ground,0,11,21060,26.4536,471,0.591627,13286,200,0
dogrib,ws25,cell2_ground,0,10,28378,35.6458,471,0.591627,16736,200,0
dogrib,ws25,cell2_ground,0,9,26536,33.3321,471,0.591627,15867,200,0
dogrib,ws25,cell2_ground,0,14,28146,35.3544,471,0.591627,16674,200,0
dogrib,ws25,cell2_ground,0,12,27657,34.7402,471,0.591627,15904,200,0
dogrib,ws25,cell2_ground,0,18,28535,35.843,471,0.591627,16716,200,0
dogrib,ws25,cell2_ground,0,15,24534,30.8174,471,0.591627,14659,200,0
dogrib,ws25,cell2_ground,0,16,23852,29.9607,471,0.591627,14516,200,0
dogrib,ws25,cell2_ground,0,13,29733,37.3479,471,0.591627,17428,200,0
dogrib,ws25,cell2_ground,0,21,29228,36.7135,471,0.591627,17350,200,0
dogrib,ws25,cell2_ground,0,22,28554,35.8669,471,0.591627,16788,200,0
dogrib,ws25,cell2_ground,0,17,27696,34.7892,471,0.591627,16095,200,0
dogrib,ws25,cell2_ground,0,20,24516,30.7947,471,0.591627,14906,200,0
dogrib,ws25,cell2_ground,0,23,20249,25.4349,471,0.591627,12186,200,0
dogrib,ws25,cell2_ground,0,24,30551,38.3754,471,0.591627,17529,200,0
dogrib,ws25,cell2_ground,0,19,29702,37.3089,471,0.591627,17089,200,0
dogrib,ws25,cell2_ground,0,26,29655,37.2499,471,0.591627,17198,200,0
dogrib,ws25,cell2_ground,0,30,30094,37.8013,471,0.591627,17575,200,0
dogrib,ws25,cell2_ground,0,29,19903,25.0003,471,0.591627,12575,200,0
dogrib,ws25,cell3_lowonly,0,2,32944,41.3812,471,0.591627,18261,200,0
dogrib,ws25,cell2_ground,0,27,26674,33.5054,471,0.591627,15845,200,0
dogrib,ws25,cell2_ground,0,25,31071,39.0285,471,0.591627,17735,200,0
dogrib,ws25,cell2_ground,0,28,27730,34.8319,471,0.591627,16164,200,0
dogrib,ws25,cell3_lowonly,0,5,33613,42.2216,471,0.591627,18679,200,0
dogrib,ws25,cell3_lowonly,0,3,32681,41.0509,471,0.591627,18112,200,0
dogrib,ws25,cell3_lowonly,0,1,33121,41.6035,471,0.591627,18404,200,0
dogrib,ws25,cell3_lowonly,0,8,32824,41.2305,471,0.591627,18274,200,0
dogrib,ws25,cell3_lowonly,0,4,33073,41.5433,471,0.591627,18376,200,0
dogrib,ws25,cell3_lowonly,0,9,33217,41.7241,471,0.591627,18460,200,0
dogrib,ws25,cell3_lowonly,0,7,33408,41.9641,471,0.591627,18521,200,0
dogrib,ws25,cell3_lowonly,0,6,33351,41.8925,471,0.591627,18544,200,0
dogrib,ws25,cell3_lowonly,0,14,33345,41.8849,471,0.591627,18574,200,0
dogrib,ws25,cell3_lowonly,0,12,32608,40.9592,471,0.591627,18114,200,0
dogrib,ws25,cell3_lowonly,0,10,33762,42.4087,471,0.591627,18826,200,0
dogrib,ws25,cell3_lowonly,0,17,32625,40.9805,471,0.591627,18100,200,0
dogrib,ws25,cell3_lowonly,0,11,32963,41.4051,471,0.591627,18268,200,0
dogrib,ws25,cell3_lowonly,0,18,32862,41.2782,471,0.591627,18349,200,0
dogrib,ws25,cell3_lowonly,0,19,33784,42.4363,471,0.591627,18806,200,0
dogrib,ws25,cell3_lowonly,0,13,33727,42.3647,471,0.591627,18709,200,0
dogrib,ws25,cell3_lowonly,0,16,33200,41.7028,471,0.591627,18517,200,0
dogrib,ws25,cell3_lowonly,0,21,33475,42.0482,471,0.591627,18633,200,0
dogrib,ws25,cell3_lowonly,0,15,33155,41.6463,471,0.591627,18452,200,0
dogrib,ws25,cell3_lowonly,0,20,33641,42.2567,471,0.591627,18700,200,0
dogrib,ws25,cell3_lowonly,0,22,32399,40.6966,471,0.591627,18002,200,0
dogrib,ws25,cell4_highonly,0,4,159,0.199721,471,0.591627,114,200,0
dogrib,ws25,cell4_highonly,0,5,208,0.26127,471,0.591627,143,200,0
dogrib,ws25,cell3_lowonly,0,27,32660,41.0245,471,0.591627,18223,200,0
dogrib,ws25,cell3_lowonly,0,23,33141,41.6287,471,0.591627,18426,200,0
dogrib,ws25,cell4_highonly,0,8,173,0.217307,471,0.591627,120,200,0
dogrib,ws25,cell3_lowonly,0,29,33507,42.0884,471,0.591627,18621,200,0
dogrib,ws25,cell4_highonly,0,9,186,0.233636,471,0.591627,133,200,0
dogrib,ws25,cell3_lowonly,0,24,33251,41.7668,471,0.591627,18502,200,0
dogrib,ws25,cell3_lowonly,0,25,32899,41.3247,471,0.591627,18234,200,0
dogrib,ws25,cell4_highonly,0,2,31083,39.0436,471,0.591627,17190,200,0
dogrib,ws25,cell3_lowonly,0,26,32973,41.4176,471,0.591627,18369,200,0
dogrib,ws25,cell3_lowonly,0,30,33367,41.9125,471,0.591627,18592,200,0
dogrib,ws25,cell3_lowonly,0,28,33166,41.6601,471,0.591627,18394,200,0
dogrib,ws25,cell4_highonly,0,17,149,0.18716,471,0.591627,99,200,0
dogrib,ws25,cell4_highonly,0,18,152,0.190928,471,0.591627,106,200,0
dogrib,ws25,cell4_highonly,0,1,31401,39.443,471,0.591627,17260,200,0
dogrib,ws25,cell4_highonly,0,6,31163,39.1441,471,0.591627,17055,200,0
dogrib,ws25,cell4_highonly,0,3,31370,39.4041,471,0.591627,17184,200,0
dogrib,ws25,cell4_highonly,0,12,31050,39.0021,471,0.591627,17168,200,0
dogrib,ws25,cell4_highonly,0,14,32045,40.252,471,0.591627,17592,200,0
dogrib,ws25,cell4_highonly,0,16,31227,39.2245,471,0.591627,17023,200,0
dogrib,ws25,cell4_highonly,0,10,33136,41.6224,471,0.591627,18464,200,0
dogrib,ws25,cell4_highonly,0,11,30683,38.5412,471,0.591627,17091,200,0
dogrib,ws25,cell4_highonly,0,15,31835,39.9882,471,0.591627,17697,200,0
dogrib,ws25,cell4_highonly,0,28,187,0.234892,471,0.591627,132,200,0
dogrib,ws25,cell4_highonly,0,7,31076,39.0348,471,0.591627,17176,200,0
dogrib,ws25,cell4_highonly,0,19,32271,40.5359,471,0.591627,17885,200,0
dogrib,ws25,cell4_highonly,0,13,31519,39.5913,471,0.591627,17306,200,0
dogrib,ws25,cell4_highonly,0,22,30554,38.3791,471,0.591627,16814,200,0
dogrib,ws25,cell4_highonly,0,20,32235,40.4906,471,0.591627,17758,200,0
dogrib,ws25,cell4_highonly,0,25,29523,37.0841,471,0.591627,16206,200,0
dogrib,ws25,cell4_highonly,0,24,31439,39.4908,471,0.591627,17505,200,0
dogrib,ws25,cell4_highonly,0,21,31669,39.7797,471,0.591627,17692,200,0
dogrib,ws25,cell4_highonly,0,23,31365,39.3978,471,0.591627,17342,200,0
dogrib,ws25,cell4_highonly,0,27,30190,37.9219,471,0.591627,16549,200,0
dogrib,ws25,cell4_highonly,0,29,32857,41.2719,471,0.591627,18364,200,0
dogrib,ws25,cell4_highonly,0,26,30581,38.413,471,0.591627,16996,200,0
dogrib,ws25,cell5_hilly,0,1,33224,41.7329,471,0.591627,18510,200,0
dogrib,ws25,cell4_highonly,0,30,31753,39.8852,471,0.591627,17515,200,0
dogrib,ws25,cell5_hilly,0,3,32810,41.2129,471,0.591627,18200,200,0
dogrib,ws25,cell5_hilly,0,4,33101,41.5784,471,0.591627,18355,200,0
dogrib,ws25,cell5_hilly,0,6,33282,41.8058,471,0.591627,18495,200,0
dogrib,ws25,cell5_hilly,0,2,33033,41.493,471,0.591627,18381,200,0
dogrib,ws25,cell5_hilly,0,5,33634,42.2479,471,0.591627,18626,200,0
dogrib,ws25,cell5_hilly,0,9,33228,41.7379,471,0.591627,18469,200,0
dogrib,ws25,cell5_hilly,0,11,33028,41.4867,471,0.591627,18307,200,0
dogrib,ws25,cell5_hilly,0,7,33406,41.9615,471,0.591627,18513,200,0
dogrib,ws25,cell5_hilly,0,8,32974,41.4189,471,0.591627,18404,200,0
dogrib,ws25,cell5_hilly,0,14,33485,42.0608,471,0.591627,18604,200,0
dogrib,ws25,cell5_hilly,0,10,33747,42.3899,471,0.591627,18765,200,0
dogrib,ws25,cell5_hilly,0,15,33293,41.8196,471,0.591627,18520,200,0
dogrib,ws25,cell5_hilly,0,16,33227,41.7367,471,0.591627,18510,200,0
dogrib,ws25,cell5_hilly,0,12,32679,41.0483,471,0.591627,18121,200,0
dogrib,ws25,cell5_hilly,0,19,33746,42.3886,471,0.591627,18816,200,0
dogrib,ws25,cell5_hilly,0,13,33743,42.3848,471,0.591627,18768,200,0
dogrib,ws25,cell5_hilly,0,17,32686,41.0571,471,0.591627,18205,200,0
dogrib,ws25,cell5_hilly,0,23,33252,41.7681,471,0.591627,18466,200,0
dogrib,ws25,cell5_hilly,0,25,32987,41.4352,471,0.591627,18420,200,0
dogrib,ws25,cell5_hilly,0,26,32962,41.4038,471,0.591627,18350,200,0
dogrib,ws25,cell5_hilly,0,20,33617,42.2266,471,0.591627,18752,200,0
dogrib,ws25,cell5_hilly,0,18,32890,41.3134,471,0.591627,18332,200,0
dogrib,ws25,cell5_hilly,0,21,33488,42.0645,471,0.591627,18685,200,0
dogrib,ws25,cell5_hilly,0,27,32639,40.9981,471,0.591627,18156,200,0
dogrib,ws25,cell5_hilly,0,22,32443,40.7519,471,0.591627,18035,200,0
dogrib,ws25,cell5_hilly,0,24,33271,41.792,471,0.591627,18461,200,0
dogrib,ws25,cell6_barriers,0,1,33121,41.6035,471,0.591627,18404,200,0
dogrib,ws25,cell6_barriers,0,2,32944,41.3812,471,0.591627,18261,200,0
dogrib,ws25,cell6_barriers,0,3,32681,41.0509,471,0.591627,18112,200,0
dogrib,ws25,cell5_hilly,0,28,33213,41.7191,471,0.591627,18444,200,0
dogrib,ws25,cell5_hilly,0,29,33594,42.1977,471,0.591627,18659,200,0
dogrib,ws25,cell5_hilly,0,30,33445,42.0105,471,0.591627,18601,200,0
dogrib,ws25,cell6_barriers,0,6,33316,41.8485,471,0.591627,18554,200,0
dogrib,ws25,cell6_barriers,0,4,33073,41.5433,471,0.591627,18376,200,0
dogrib,ws25,cell6_barriers,0,7,33408,41.9641,471,0.591627,18521,200,0
dogrib,ws25,cell6_barriers,0,8,32824,41.2305,471,0.591627,18274,200,0
dogrib,ws25,cell6_barriers,0,5,33613,42.2216,471,0.591627,18679,200,0
dogrib,ws25,cell6_barriers,0,12,32608,40.9592,471,0.591627,18114,200,0
dogrib,ws25,cell6_barriers,0,11,32963,41.4051,471,0.591627,18268,200,0
dogrib,ws25,cell6_barriers,0,9,33217,41.7241,471,0.591627,18460,200,0
dogrib,ws25,cell6_barriers,0,10,33762,42.4087,471,0.591627,18826,200,0
dogrib,ws25,cell6_barriers,0,16,33200,41.7028,471,0.591627,18517,200,0
dogrib,ws25,cell6_barriers,0,14,33345,41.8849,471,0.591627,18574,200,0
dogrib,ws25,cell6_barriers,0,20,33641,42.2567,471,0.591627,18700,200,0
dogrib,ws25,cell6_barriers,0,13,33727,42.3647,471,0.591627,18709,200,0
dogrib,ws25,cell6_barriers,0,17,32625,40.9805,471,0.591627,18100,200,0
dogrib,ws25,cell6_barriers,0,15,33155,41.6463,471,0.591627,18452,200,0
dogrib,ws25,cell6_barriers,0,22,32399,40.6966,471,0.591627,18002,200,0
dogrib,ws25,cell6_barriers,0,19,33784,42.4363,471,0.591627,18806,200,0
dogrib,ws25,cell6_barriers,0,18,32862,41.2782,471,0.591627,18349,200,0
dogrib,ws25,cell6_barriers,0,25,32899,41.3247,471,0.591627,18234,200,0
dogrib,ws25,cell6_barriers,0,21,33475,42.0482,471,0.591627,18633,200,0
dogrib,ws25,cell6_barriers,0,24,33251,41.7668,471,0.591627,18502,200,0
dogrib,ws25,cell6_barriers,0,23,33141,41.6287,471,0.591627,18426,200,0
dogrib,ws25,cell6_barriers,0,27,32660,41.0245,471,0.591627,18223,200,0
dogrib,ws25,cell6_barriers,0,29,33507,42.0884,471,0.591627,18621,200,0
dogrib,ws25,cell6_barriers,0,30,33367,41.9125,471,0.591627,18592,200,0
dogrib,ws25,cell6_barriers,0,28,33166,41.6601,471,0.591627,18394,200,0
dogrib,ws25,cell2_ground,2,3,23679,29.7434,471,0.591627,13997,200,0
dogrib,ws25,cell2_ground,2,7,17719,22.257,471,0.591627,10596,200,0
dogrib,ws25,cell6_barriers,0,26,32973,41.4176,471,0.591627,18369,200,0
dogrib,ws25,cell2_ground,2,1,31739,39.8676,471,0.591627,17977,200,0
dogrib,ws25,cell2_ground,2,2,27024,33.9451,471,0.591627,15725,200,0
dogrib,ws25,cell2_ground,2,4,29782,37.4094,471,0.591627,16872,200,0
dogrib,ws25,cell2_ground,2,8,30624,38.467,471,0.591627,17193,200,0
dogrib,ws25,cell2_ground,2,9,27758,34.867,471,0.591627,15623,200,0
dogrib,ws25,cell2_ground,2,10,30896,38.8087,471,0.591627,16728,200,0
dogrib,ws25,cell2_ground,2,6,29136,36.598,471,0.591627,16537,200,0
dogrib,ws25,cell2_ground,2,5,29620,37.2059,471,0.591627,16731,200,0
dogrib,ws25,cell2_ground,2,11,26943,33.8433,471,0.591627,15366,200,0
dogrib,ws25,cell2_ground,2,17,22772,28.6041,471,0.591627,12541,200,0
dogrib,ws25,cell2_ground,2,12,28833,36.2174,471,0.591627,16378,200,0
dogrib,ws25,cell2_ground,2,16,21316,26.7752,471,0.591627,12982,200,0
dogrib,ws25,cell2_ground,2,14,31324,39.3463,471,0.591627,17578,200,0
dogrib,ws25,cell2_ground,2,15,32167,40.4052,471,0.591627,18093,200,0
dogrib,ws25,cell2_ground,2,13,30461,38.2623,471,0.591627,17288,200,0
dogrib,ws25,cell2_ground,2,22,30450,38.2485,471,0.591627,17008,200,0
dogrib,ws25,cell2_ground,2,20,32111,40.3349,471,0.591627,17975,200,0
dogrib,ws43,none,0,1,29237,36.7248,0,0.0,15961,200,0
dogrib,ws43,none,0,2,29219,36.7022,0,0.0,15900,200,0
dogrib,ws43,none,0,3,29074,36.5201,0,0.0,15843,200,0
dogrib,ws43,none,0,4,29052,36.4924,0,0.0,15727,200,0
dogrib,ws43,none,0,5,29550,37.118,0,0.0,16250,200,0
dogrib,ws43,none,0,6,29361,36.8806,0,0.0,16111,200,0
dogrib,ws43,none,0,7,29175,36.6469,0,0.0,15851,200,0
dogrib,ws43,none,0,8,29164,36.6331,0,0.0,15908,200,0
dogrib,ws43,none,0,9,29213,36.6947,0,0.0,15890,200,0
dogrib,ws43,none,0,10,29107,36.5615,0,0.0,15905,200,0
dogrib,ws43,none,0,11,29219,36.7022,0,0.0,15900,200,0
dogrib,ws43,none,0,12,29089,36.5389,0,0.0,15849,200,0
dogrib,ws43,none,0,13,29341,36.8555,0,0.0,16138,200,0
dogrib,ws43,none,0,14,29422,36.9572,0,0.0,16111,200,0
dogrib,ws43,none,0,15,29441,36.9811,0,0.0,16113,200,0
dogrib,ws43,none,0,16,29162,36.6306,0,0.0,15918,200,0
dogrib,ws25,cell2_ground,2,25,30114,37.8264,471,0.591627,16978,200,0
dogrib,ws43,none,0,17,28906,36.3091,0,0.0,15728,200,0
dogrib,ws25,cell2_ground,2,18,29172,36.6432,471,0.591627,16847,200,0
dogrib,ws43,none,0,18,29008,36.4372,0,0.0,15781,200,0
dogrib,ws43,none,0,19,29107,36.5615,0,0.0,15905,200,0
dogrib,ws25,cell2_ground,2,26,29428,36.9647,471,0.591627,16698,200,0
dogrib,ws43,none,0,20,28995,36.4208,0,0.0,15847,200,0
dogrib,ws43,none,0,22,28790,36.1633,0,0.0,15675,200,0
dogrib,ws43,none,0,23,29441,36.9811,0,0.0,16113,200,0
dogrib,ws43,none,0,21,29045,36.4837,0,0.0,15817,200,0
dogrib,ws43,none,0,25,29164,36.6331,0,0.0,15908,200,0
dogrib,ws43,none,0,26,28946,36.3593,0,0.0,15692,200,0
dogrib,ws43,none,0,24,29483,37.0338,0,0.0,16137,200,0
dogrib,ws43,none,0,27,28906,36.3091,0,0.0,15728,200,0
dogrib,ws43,none,0,28,29213,36.6947,0,0.0,15890,200,0
dogrib,ws43,none,0,29,29333,36.8454,0,0.0,16068,200,0
dogrib,ws43,none,0,30,29422,36.9572,0,0.0,16111,200,0
dogrib,ws43,random,0,3,25036,31.4479,471,0.591627,13830,200,0
dogrib,ws43,random,0,2,28336,35.5931,471,0.591627,15413,200,0
dogrib,ws43,random,0,1,28972,36.392,471,0.591627,15698,200,0
dogrib,ws43,random,0,5,28757,36.1219,471,0.591627,15777,200,0
dogrib,ws43,random,0,6,29250,36.7412,471,0.591627,15996,200,0
dogrib,ws43,random,0,4,28922,36.3292,471,0.591627,15657,200,0
dogrib,ws43,random,0,7,29021,36.4535,471,0.591627,15716,200,0
dogrib,ws43,random,0,9,28270,35.5102,471,0.591627,15379,200,0
dogrib,ws43,random,0,8,29028,36.4623,471,0.591627,15846,200,0
dogrib,ws43,random,0,10,28292,35.5378,471,0.591627,15371,200,0
dogrib,ws43,random,0,12,28315,35.5667,471,0.591627,15445,200,0
dogrib,ws43,random,0,13,28638,35.9724,471,0.591627,15657,200,0
dogrib,ws43,random,0,11,29039,36.4761,471,0.591627,15711,200,0
dogrib,ws43,random,0,15,28735,36.0943,471,0.591627,15695,200,0
dogrib,ws43,random,0,16,25694,32.2744,471,0.591627,14124,200,0
dogrib,ws43,random,0,14,29234,36.7211,471,0.591627,15863,200,0
dogrib,ws43,random,0,18,28141,35.3481,471,0.591627,15312,200,0
dogrib,ws43,random,0,19,28826,36.2086,471,0.591627,15676,200,0
dogrib,ws43,random,0,17,28757,36.1219,471,0.591627,15509,200,0
dogrib,ws25,cell2_ground,2,19,30239,37.9834,471,0.591627,16497,200,0
dogrib,ws43,random,0,20,27472,34.5078,471,0.591627,14920,200,0
dogrib,ws43,random,0,22,28631,35.9636,471,0.591627,15560,200,0
dogrib,ws43,random,0,21,27267,34.2503,471,0.591627,14791,200,0
dogrib,ws43,random,0,23,28936,36.3467,471,0.591627,15789,200,0
dogrib,ws43,random,0,26,28616,35.9448,471,0.591627,15570,200,0
dogrib,ws43,random,0,24,28696,36.0453,471,0.591627,15638,200,0
dogrib,ws43,random,0,28,28946,36.3593,471,0.591627,15726,200,0
dogrib,ws43,random,0,25,29037,36.4736,471,0.591627,15813,200,0
dogrib,ws43,random,0,27,28696,36.0453,471,0.591627,15464,200,0
dogrib,ws43,random,0,29,28948,36.3618,471,0.591627,15762,200,0
dogrib,ws43,random,0,30,29181,36.6545,471,0.591627,15876,200,0
dogrib,ws25,cell2_ground,2,27,22709,28.525,471,0.591627,12484,200,0
dogrib,ws25,cell2_ground,2,21,31342,39.3689,471,0.591627,17460,200,0
dogrib,ws25,cell2_ground,2,23,31710,39.8312,471,0.591627,17970,200,0
dogrib,ws43,proximity,0,7,1309,1.64425,471,0.591627,769,200,0
dogrib,ws43,proximity,0,1,9314,11.6994,471,0.591627,6086,200,0
dogrib,ws25,cell2_ground,2,28,25760,32.3573,471,0.591627,14693,200,0
dogrib,ws25,cell2_ground,2,24,31677,39.7897,471,0.591627,17743,200,0
dogrib,ws43,proximity,0,6,8425,10.5827,471,0.591627,5353,200,0
dogrib,ws43,proximity,0,4,13245,16.6371,471,0.591627,8841,200,0
dogrib,ws25,cell2_ground,2,30,31022,38.967,471,0.591627,17660,200,0
dogrib,ws43,proximity,0,10,6433,8.08054,471,0.591627,4080,200,0
dogrib,ws43,proximity,0,3,11631,14.6098,471,0.591627,7844,200,0
dogrib,ws25,cell2_ground,2,29,30506,38.3188,471,0.591627,17031,200,0
dogrib,ws43,proximity,0,5,15124,18.9974,471,0.591627,10180,200,0
dogrib,ws43,proximity,0,9,9939,12.4845,471,0.591627,6356,200,0
dogrib,ws43,proximity,0,18,547,0.687091,471,0.591627,352,200,0
dogrib,ws43,proximity,0,2,19641,24.6712,471,0.591627,12242,200,0
dogrib,ws43,proximity,0,8,14374,18.0553,471,0.591627,9616,200,0
dogrib,ws43,proximity,0,13,9411,11.8212,471,0.591627,5933,200,0
dogrib,ws43,proximity,0,11,14972,18.8064,471,0.591627,9598,200,0
dogrib,ws43,proximity,0,16,11922,14.9753,471,0.591627,7832,200,0
dogrib,ws43,proximity,0,17,10208,12.8223,471,0.591627,6670,200,0
dogrib,ws43,proximity,0,14,18661,23.4402,471,0.591627,11882,200,0
dogrib,ws43,proximity,0,28,331,0.415772,471,0.591627,164,200,0
dogrib,ws43,proximity,0,19,14129,17.7475,471,0.591627,8459,200,0
dogrib,ws43,proximity,0,12,16984,21.3337,471,0.591627,10919,200,0
dogrib,ws43,proximity,0,21,10241,12.8638,471,0.591627,6243,200,0
dogrib,ws43,proximity,0,22,9466,11.8903,471,0.591627,6267,200,0
dogrib,ws43,proximity,0,29,167,0.20977,471,0.591627,108,200,0
dogrib,ws43,fuel_elevation,0,2,187,0.234892,471,0.591627,127,200,0
dogrib,ws43,proximity,0,15,21113,26.5202,471,0.591627,13092,200,0
dogrib,ws43,proximity,0,20,18622,23.3912,471,0.591627,11787,200,0
dogrib,ws43,proximity,0,25,10179,12.7859,471,0.591627,6169,200,0
dogrib,ws43,proximity,0,26,16122,20.251,471,0.591627,10647,200,0
dogrib,ws43,fuel_elevation,0,8,108,0.13566,471,0.591627,74,200,0
dogrib,ws43,proximity,0,24,17481,21.958,471,0.591627,11363,200,0
dogrib,ws43,proximity,0,30,11037,13.8637,471,0.591627,7219,200,0
dogrib,ws43,fuel_elevation,0,11,187,0.234892,471,0.591627,127,200,0
dogrib,ws43,proximity,0,23,19262,24.1951,471,0.591627,12219,200,0
dogrib,ws43,fuel_elevation,0,4,17680,22.208,471,0.591627,10208,200,0
dogrib,ws43,fuel_elevation,0,7,18453,23.179,471,0.591627,11479,200,0
dogrib,ws43,proximity,0,27,19540,24.5443,471,0.591627,12385,200,0
dogrib,ws43,fuel_elevation,0,12,16466,20.6831,471,0.591627,10823,200,0
dogrib,ws43,fuel_elevation,0,3,22549,28.324,471,0.591627,13292,200,0
dogrib,ws43,fuel_elevation,0,9,21407,26.8895,471,0.591627,13078,200,0
dogrib,ws43,fuel_elevation,0,1,22715,28.5325,471,0.591627,13527,200,0
dogrib,ws43,fuel_elevation,0,6,22308,28.0213,471,0.591627,13638,200,0
dogrib,ws43,fuel_elevation,0,5,23305,29.2736,471,0.591627,13776,200,0
dogrib,ws43,fuel_elevation,0,15,20582,25.8532,471,0.591627,12251,200,0
dogrib,ws43,fuel_elevation,0,17,13378,16.8042,471,0.591627,8254,200,0
dogrib,ws43,fuel_elevation,0,10,24289,30.5096,471,0.591627,13748,200,0
dogrib,ws43,fuel_elevation,0,25,108,0.13566,471,0.591627,74,200,0
dogrib,ws43,fuel_elevation,0,14,21928,27.5439,471,0.591627,13284,200,0
dogrib,ws43,fuel_elevation,0,16,21418,26.9033,471,0.591627,12678,200,0
dogrib,ws43,fuel_elevation,0,13,22950,28.8277,471,0.591627,13724,200,0
dogrib,ws43,fuel_elevation,0,21,17513,21.9982,471,0.591627,11146,200,0
dogrib,ws43,fuel_elevation,0,20,22434,28.1795,471,0.591627,13476,200,0
dogrib,ws43,fuel_elevation,0,22,14989,18.8278,471,0.591627,8847,200,0
dogrib,ws43,fuel_elevation,0,26,18496,23.233,471,0.591627,11548,200,0
dogrib,ws43,fuel_elevation,0,18,21499,27.0051,471,0.591627,13164,200,0
dogrib,ws43,fuel_elevation,0,27,13378,16.8042,471,0.591627,8254,200,0
dogrib,ws43,fuel_elevation,0,19,24717,31.0472,471,0.591627,14061,200,0
dogrib,ws43,fuel_elevation,0,23,20582,25.8532,471,0.591627,12295,200,0
dogrib,ws43,fuel_elevation,0,24,22043,27.6884,471,0.591627,13146,200,0
dogrib,ws43,fuel_elevation,0,28,21215,26.6483,471,0.591627,12768,200,0
dogrib,ws43,neighbour_fuel,0,2,13205,16.5869,471,0.591627,8028,200,0
dogrib,ws43,neighbour_fuel,0,1,17551,22.0459,471,0.591627,10868,200,0
dogrib,ws43,neighbour_fuel,0,7,13723,17.2376,471,0.591627,9113,200,0
dogrib,ws43,neighbour_fuel,0,3,14714,18.4824,471,0.591627,9787,200,0
dogrib,ws43,neighbour_fuel,0,4,14650,18.402,471,0.591627,9088,200,0
dogrib,ws43,fuel_elevation,0,29,18688,23.4741,471,0.591627,11988,200,0
dogrib,ws43,neighbour_fuel,0,12,12443,15.6297,471,0.591627,7663,200,0
dogrib,ws43,neighbour_fuel,0,6,14497,18.2098,471,0.591627,9003,200,0
dogrib,ws43,neighbour_fuel,0,8,20348,25.5593,471,0.591627,12265,200,0
dogrib,ws43,neighbour_fuel,0,10,18543,23.292,471,0.591627,11015,200,0
dogrib,ws43,fuel_elevation,0,30,21948,27.5691,471,0.591627,13295,200,0
dogrib,ws43,neighbour_fuel,0,17,9109,11.4419,471,0.591627,5928,200,0
dogrib,ws43,neighbour_fuel,0,9,18841,23.6663,471,0.591627,11366,200,0
dogrib,ws43,neighbour_fuel,0,20,7629,9.58285,471,0.591627,4765,200,0
dogrib,ws43,neighbour_fuel,0,5,21517,27.0277,471,0.591627,13002,200,0
dogrib,ws43,neighbour_fuel,0,13,13818,17.3569,471,0.591627,8950,200,0
dogrib,ws43,neighbour_fuel,0,16,14405,18.0942,471,0.591627,8918,200,0
dogrib,ws43,neighbour_fuel,0,14,19662,24.6976,471,0.591627,11688,200,0
dogrib,ws43,neighbour_fuel,0,19,18207,22.87,471,0.591627,10694,200,0
dogrib,ws43,neighbour_fuel,0,27,9201,11.5574,471,0.591627,5681,200,0
dogrib,ws43,neighbour_fuel,0,11,25681,32.2581,471,0.591627,14260,200,0
dogrib,ws43,neighbour_fuel,0,21,15509,19.481,471,0.591627,9899,200,0
dogrib,ws43,neighbour_fuel,0,24,18377,23.0835,471,0.591627,11183,200,0
dogrib,ws43,neighbour_fuel,0,26,15076,18.9371,471,0.591627,9506,200,0
dogrib,ws43,neighbour_fuel,0,22,17380,21.8312,471,0.591627,11195,200,0
dogrib,ws43,neighbour_fuel,0,23,22849,28.7008,471,0.591627,13669,200,0
dogrib,ws43,neighbour_fuel,0,18,22276,27.9811,471,0.591627,13308,200,0
dogrib,ws43,neighbour_fuel,0,15,21859,27.4573,471,0.591627,13258,200,0
dogrib,ws43,neighbour_fuel,0,25,20995,26.372,471,0.591627,12507,200,0
dogrib,ws43,neighbour_fuel,0,30,18987,23.8497,471,0.591627,11382,200,0
dogrib,ws43,neighbour_fuel,0,28,18929,23.7769,471,0.591627,11402,200,0
dogrib,ws43,shielded_ratio,0,2,12954,16.2716,471,0.591627,8173,200,0
dogrib,ws43,shielded_ratio,0,4,14775,18.559,471,0.591627,9193,200,0
dogrib,ws43,shielded_ratio,0,3,16534,20.7685,471,0.591627,10720,200,0
dogrib,ws43,neighbour_fuel,0,29,17295,21.7244,471,0.591627,10858,200,0
dogrib,ws43,shielded_ratio,0,6,15837,19.893,471,0.591627,9821,200,0
dogrib,ws43,shielded_ratio,0,1,16928,21.2634,471,0.591627,10753,200,0
dogrib,ws43,shielded_ratio,0,7,13358,16.7791,471,0.591627,8743,200,0
dogrib,ws43,shielded_ratio,0,8,14192,17.8267,471,0.591627,9206,200,0
dogrib,ws43,shielded_ratio,0,12,11785,14.8032,471,0.591627,7354,200,0
dogrib,ws43,shielded_ratio,0,11,13139,16.504,471,0.591627,8470,200,0
dogrib,ws43,shielded_ratio,0,17,8466,10.6342,471,0.591627,5418,200,0
dogrib,ws43,shielded_ratio,0,10,18480,23.2129,471,0.591627,10952,200,0
dogrib,ws43,shielded_ratio,0,5,22192,27.8755,471,0.591627,13139,200,0
dogrib,ws43,shielded_ratio,0,16,11824,14.8522,471,0.591627,7739,200,0
dogrib,ws43,shielded_ratio,0,9,18971,23.8296,471,0.591627,11423,200,0
dogrib,ws43,shielded_ratio,0,15,15291,19.2071,471,0.591627,8830,200,0
dogrib,ws43,shielded_ratio,0,13,23783,29.874,471,0.591627,14105,200,0
dogrib,ws43,shielded_ratio,0,14,18250,22.924,471,0.591627,11461,200,0
dogrib,ws43,shielded_ratio,0,20,12475,15.6699,471,0.591627,7517,200,0
dogrib,ws43,shielded_ratio,0,23,14056,17.6559,471,0.591627,8577,200,0
dogrib,ws43,shielded_ratio,0,27,8406,10.5588,471,0.591627,5426,200,0
dogrib,ws43,shielded_ratio,0,19,18480,23.2129,471,0.591627,10938,200,0
dogrib,ws43,open_anchor,0,1,216,0.271319,471,0.591627,154,200,0
dogrib,ws43,shielded_ratio,0,21,18308,22.9968,471,0.591627,10609,200,0
dogrib,ws43,open_anchor,0,2,657,0.825263,471,0.591627,420,200,0
dogrib,ws43,shielded_ratio,0,22,17803,22.3625,471,0.591627,11027,200,0
dogrib,ws43,shielded_ratio,0,26,13215,16.5995,471,0.591627,8471,200,0
dogrib,ws43,shielded_ratio,0,18,21944,27.564,471,0.591627,13196,200,0
dogrib,ws43,shielded_ratio,0,24,18903,23.7442,471,0.591627,11382,200,0
dogrib,ws43,shielded_ratio,0,28,18032,22.6501,471,0.591627,11097,200,0
dogrib,ws43,shielded_ratio,0,29,16662,20.9293,471,0.591627,10645,200,0
dogrib,ws43,open_anchor,0,9,673,0.845361,471,0.591627,402,200,0
dogrib,ws43,open_anchor,0,12,180,0.226099,471,0.591627,129,200,0
dogrib,ws43,open_anchor,0,11,657,0.825263,471,0.591627,420,200,0
dogrib,ws43,shielded_ratio,0,25,19587,24.6034,471,0.591627,11937,200,0
dogrib,ws43,open_anchor,0,10,632,0.79386,471,0.591627,400,200,0
dogrib,ws43,open_anchor,0,15,381,0.478577,471,0.591627,245,200,0
dogrib,ws43,open_anchor,0,13,1216,1.52743,471,0.591627,735,200,0
dogrib,ws43,shielded_ratio,0,30,19550,24.5569,471,0.591627,12095,200,0
dogrib,ws43,open_anchor,0,19,632,0.79386,471,0.591627,400,200,0
dogrib,ws43,open_anchor,0,5,12047,15.1323,471,0.591627,7568,200,0
dogrib,ws43,open_anchor,0,6,7584,9.52632,471,0.591627,4703,200,0
dogrib,ws43,open_anchor,0,8,9911,12.4493,471,0.591627,6443,200,0
dogrib,ws43,open_anchor,0,20,648,0.813958,471,0.591627,411,200,0
dogrib,ws43,open_anchor,0,23,381,0.478577,471,0.591627,245,200,0
dogrib,ws43,open_anchor,0,3,19618,24.6423,471,0.591627,11890,200,0
dogrib,ws43,open_anchor,0,7,13297,16.7025,471,0.591627,8308,200,0
dogrib,ws43,open_anchor,0,28,673,0.845361,471,0.591627,402,200,0
dogrib,ws43,open_anchor,0,4,20264,25.4538,471,0.591627,12393,200,0
dogrib,ws43,open_anchor,0,22,8793,11.045,471,0.591627,5517,200,0
dogrib,ws43,open_anchor,0,25,9895,12.4292,471,0.591627,6429,200,0
dogrib,ws43,open_anchor,0,14,20276,25.4688,471,0.591627,11992,200,0
dogrib,ws43,open_anchor,0,17,19663,24.6988,471,0.591627,11539,200,0
dogrib,ws43,open_anchor,0,24,9985,12.5422,471,0.591627,6197,200,0
dogrib,ws43,open_anchor,0,29,9030,11.3427,471,0.591627,5750,200,0
dogrib,ws43,open_anchor,0,21,16297,20.4708,471,0.591627,10583,200,0
dogrib,ws43,fuel_flank,0,1,8964,11.2598,471,0.591627,5803,200,0
dogrib,ws43,open_anchor,0,27,18559,23.3121,471,0.591627,11015,200,0
dogrib,ws43,open_anchor,0,16,19914,25.0141,471,0.591627,12215,200,0
dogrib,ws43,open_anchor,0,18,20299,25.4977,471,0.591627,12434,200,0
dogrib,ws43,fuel_flank,0,4,14183,17.8154,471,0.591627,9345,200,0
dogrib,ws43,fuel_flank,0,2,19641,24.6712,471,0.591627,12242,200,0
dogrib,ws43,fuel_flank,0,3,11930,14.9854,471,0.591627,8140,200,0
dogrib,ws43,fuel_flank,0,6,7824,9.82779,471,0.591627,4908,200,0
dogrib,ws43,open_anchor,0,26,18916,23.7605,471,0.591627,11862,200,0
dogrib,ws43,fuel_flank,0,5,10812,13.581,471,0.591627,7085,200,0
dogrib,ws43,fuel_flank,0,7,14021,17.6119,471,0.591627,8105,200,0
dogrib,ws43,fuel_flank,0,9,13200,16.5806,471,0.591627,8859,200,0
dogrib,ws43,fuel_flank,0,8,14148,17.7714,471,0.591627,9459,200,0
dogrib,ws43,open_anchor,0,30,20007,25.1309,471,0.591627,11892,200,0
dogrib,ws43,fuel_flank,0,18,547,0.687091,471,0.591627,352,200,0
dogrib,ws43,fuel_flank,0,13,9411,11.8212,471,0.591627,5933,200,0
dogrib,ws43,fuel_flank,0,12,10852,13.6313,471,0.591627,6816,200,0
dogrib,ws43,fuel_flank,0,17,11765,14.7781,471,0.591627,7694,200,0
dogrib,ws43,fuel_flank,0,10,16928,21.2634,471,0.591627,10858,200,0
dogrib,ws43,fuel_flank,0,11,14972,18.8064,471,0.591627,9598,200,0
dogrib,ws43,fuel_flank,0,21,7465,9.37684,471,0.591627,4682,200,0
dogrib,ws43,fuel_flank,0,19,14129,17.7475,471,0.591627,8459,200,0
dogrib,ws43,fuel_flank,0,28,331,0.415772,471,0.591627,164,200,0
dogrib,ws43,fuel_flank,0,22,10389,13.0497,471,0.591627,6680,200,0
dogrib,ws43,fuel_flank,0,16,16928,21.2634,471,0.591627,10834,200,0
dogrib,ws43,fuel_flank,0,29,167,0.20977,471,0.591627,108,200,0
dogrib,ws43,cell1_baseline,0,1,161,0.202233,471,0.591627,93,200,0
dogrib,ws43,cell1_baseline,0,2,51,0.0640615,471,0.591627,37,200,0
dogrib,ws43,fuel_flank,0,14,17999,22.6087,471,0.591627,11655,200,0
dogrib,ws43,fuel_flank,0,20,18739,23.5382,471,0.591627,12064,200,0
dogrib,ws43,fuel_flank,0,23,14651,18.4032,471,0.591627,9331,200,0
dogrib,ws43,cell1_baseline,0,8,111,0.139428,471,0.591627,75,200,0
dogrib,ws43,fuel_flank,0,25,11690,14.6839,471,0.591627,7247,200,0
dogrib,ws43,fuel_flank,0,15,21113,26.5202,471,0.591627,13092,200,0
dogrib,ws43,fuel_flank,0,30,13048,16.3897,471,0.591627,8408,200,0
dogrib,ws43,cell1_baseline,0,11,49,0.0615493,471,0.591627,36,200,0
dogrib,ws43,cell1_baseline,0,12,80,0.100489,471,0.591627,56,200,0
dogrib,ws43,fuel_flank,0,27,18335,23.0307,471,0.591627,11867,200,0
dogrib,ws43,fuel_flank,0,24,16986,21.3362,471,0.591627,11080,200,0
dogrib,ws43,cell1_baseline,0,4,14496,18.2085,471,0.591627,8668,200,0
dogrib,ws43,fuel_flank,0,26,16052,20.163,471,0.591627,10612,200,0
dogrib,ws43,cell1_baseline,0,17,632,0.79386,471,0.591627,404,200,0
dogrib,ws43,cell1_baseline,0,6,14424,18.1181,471,0.591627,9172,200,0
dogrib,ws43,cell1_baseline,0,3,15018,18.8642,471,0.591627,9791,200,0
dogrib,ws43,cell1_baseline,0,7,14843,18.6444,471,0.591627,9338,200,0
dogrib,ws43,cell1_baseline,0,5,17274,21.698,471,0.591627,11123,200,0
dogrib,ws43,cell1_baseline,0,9,19466,24.4514,471,0.591627,12234,200,0
dogrib,ws43,cell1_baseline,0,14,16635,20.8954,471,0.591627,10214,200,0
dogrib,ws43,cell1_baseline,0,18,14981,18.8178,471,0.591627,9349,200,0
dogrib,ws43,cell1_baseline,0,13,16577,20.8225,471,0.591627,10694,200,0
dogrib,ws43,cell1_baseline,0,10,16165,20.305,471,0.591627,10186,200,0
dogrib,ws43,cell1_baseline,0,20,9649,12.1202,471,0.591627,5955,200,0
dogrib,ws43,cell1_baseline,0,19,12251,15.3886,471,0.591627,8040,200,0
dogrib,ws43,cell1_baseline,0,22,12999,16.3281,471,0.591627,8020,200,0
dogrib,ws43,cell1_baseline,0,15,23903,30.0247,471,0.591627,13536,200,0
dogrib,ws43,cell1_baseline,0,21,13254,16.6485,471,0.591627,8402,200,0
dogrib,ws43,cell1_baseline,0,24,15565,19.5513,471,0.591627,9558,200,0
dogrib,ws43,cell1_baseline,0,16,23867,29.9795,471,0.591627,13762,200,0
dogrib,ws43,cell1_baseline,0,27,9500,11.933,471,0.591627,5753,200,0
dogrib,ws43,cell1_baseline,0,25,16702,20.9795,471,0.591627,10201,200,0
dogrib,ws43,cell1_baseline,0,23,19314,24.2605,471,0.591627,11109,200,0
dogrib,ws43,cell2_ground,0,2,14060,17.6609,471,0.591627,8251,200,0
dogrib,ws43,cell1_baseline,0,30,17293,21.7219,471,0.591627,11026,200,0
dogrib,ws43,cell1_baseline,0,26,18843,23.6688,471,0.591627,11763,200,0
dogrib,ws43,cell1_baseline,0,28,19216,24.1374,471,0.591627,11797,200,0
dogrib,ws43,cell2_ground,0,1,21477,26.9774,471,0.591627,12568,200,0
dogrib,ws43,cell2_ground,0,4,25761,32.3586,471,0.591627,14875,200,0
dogrib,ws43,cell2_ground,0,3,25154,31.5961,471,0.591627,14416,200,0
dogrib,ws43,cell2_ground,0,5,27120,34.0656,471,0.591627,15547,200,0
dogrib,ws43,cell2_ground,0,6,21930,27.5464,471,0.591627,13062,200,0
dogrib,ws43,cell1_baseline,0,29,25811,32.4214,471,0.591627,14709,200,0
dogrib,ws43,cell2_ground,0,8,20629,25.9122,471,0.591627,12334,200,0
dogrib,ws43,cell2_ground,0,7,25364,31.8599,471,0.591627,14736,200,0
dogrib,ws43,cell2_ground,0,9,22618,28.4106,471,0.591627,13519,200,0
dogrib,ws43,cell2_ground,0,10,25304,31.7846,471,0.591627,14781,200,0
dogrib,ws43,cell2_ground,0,12,19834,24.9136,471,0.591627,11870,200,0
dogrib,ws43,cell2_ground,0,13,24223,30.4267,471,0.591627,14449,200,0
dogrib,ws43,cell2_ground,0,11,25581,32.1325,471,0.591627,14299,200,0
dogrib,ws43,cell2_ground,0,20,15938,20.0198,471,0.591627,9985,200,0
dogrib,ws43,cell2_ground,0,17,24627,30.9342,471,0.591627,14195,200,0
dogrib,ws43,cell2_ground,0,18,21121,26.5303,471,0.591627,12782,200,0
dogrib,ws43,cell2_ground,0,19,24814,31.1691,471,0.591627,14527,200,0
dogrib,ws43,cell2_ground,0,15,26031,32.6977,471,0.591627,14966,200,0
dogrib,ws43,cell2_ground,0,14,24522,30.8023,471,0.591627,14562,200,0
dogrib,ws43,cell2_ground,0,16,26139,32.8334,471,0.591627,14846,200,0
dogrib,ws43,cell2_ground,0,24,24944,31.3324,471,0.591627,14394,200,0
dogrib,ws43,cell2_ground,0,23,26006,32.6663,471,0.591627,14866,200,0
dogrib,ws43,cell2_ground,0,22,23870,29.9833,471,0.591627,14296,200,0
dogrib,ws43,cell2_ground,0,25,20995,26.372,471,0.591627,12547,200,0
dogrib,ws43,cell2_ground,0,21,23954,30.0888,471,0.591627,14211,200,0
dogrib,ws43,cell2_ground,0,27,18281,22.9629,471,0.591627,11258,200,0
dogrib,ws43,cell2_ground,0,26,25661,32.233,471,0.591627,14927,200,0
dogrib,ws43,cell2_ground,0,29,17967,22.5685,471,0.591627,11104,200,0
dogrib,ws43,cell2_ground,0,28,19859,24.945,471,0.591627,11854,200,0
dogrib,ws43,cell3_lowonly,0,1,28986,36.4095,471,0.591627,15747,200,0
dogrib,ws43,cell3_lowonly,0,2,29000,36.4271,471,0.591627,15739,200,0
dogrib,ws43,cell3_lowonly,0,4,28751,36.1144,471,0.591627,15519,200,0
dogrib,ws43,cell3_lowonly,0,6,29082,36.5301,471,0.591627,15807,200,0
dogrib,ws43,cell2_ground,0,30,24591,30.8889,471,0.591627,14475,200,0
dogrib,ws43,cell3_lowonly,0,5,29341,36.8555,471,0.591627,16049,200,0
dogrib,ws43,cell3_lowonly,0,8,28902,36.304,471,0.591627,15678,200,0
dogrib,ws43,cell3_lowonly,0,3,28840,36.2262,471,0.591627,15719,200,0
dogrib,ws43,cell3_lowonly,0,7,28939,36.3505,471,0.591627,15791,200,0
dogrib,ws43,cell3_lowonly,0,10,28760,36.1257,471,0.591627,15686,200,0
dogrib,ws43,cell3_lowonly,0,9,29026,36.4598,471,0.591627,15750,200,0
dogrib,ws43,cell3_lowonly,0,14,29188,36.6633,471,0.591627,15967,200,0
dogrib,ws43,cell3_lowonly,0,12,28790,36.1633,471,0.591627,15639,200,0
dogrib,ws43,cell3_lowonly,0,11,28980,36.402,471,0.591627,15823,200,0
dogrib,ws43,cell3_lowonly,0,13,28989,36.4133,471,0.591627,15812,200,0
dogrib,ws43,cell3_lowonly,0,15,29063,36.5063,471,0.591627,15894,200,0
dogrib,ws43,cell3_lowonly,0,17,28693,36.0415,471,0.591627,15498,200,0
dogrib,ws43,cell3_lowonly,0,16,28829,36.2123,471,0.591627,15724,200,0
dogrib,ws43,cell3_lowonly,0,18,28805,36.1822,471,0.591627,15552,200,0
dogrib,ws43,cell3_lowonly,0,19,28747,36.1093,471,0.591627,15691,200,0
dogrib,ws43,cell3_lowonly,0,24,29192,36.6683,471,0.591627,15882,200,0
dogrib,ws43,cell3_lowonly,0,23,29067,36.5113,471,0.591627,15897,200,0
dogrib,ws43,cell4_highonly,0,3,150,0.188416,471,0.591627,110,200,0
dogrib,ws43,cell3_lowonly,0,20,28764,36.1307,471,0.591627,15640,200,0
dogrib,ws43,cell4_highonly,0,4,190,0.23866,471,0.591627,120,200,0
dogrib,ws43,cell3_lowonly,0,21,28771,36.1395,471,0.591627,15697,200,0
dogrib,ws43,cell4_highonly,0,5,172,0.216051,471,0.591627,114,200,0
dogrib,ws43,cell4_highonly,0,6,115,0.144452,471,0.591627,84,200,0
dogrib,ws43,cell4_highonly,0,8,154,0.193441,471,0.591627,104,200,0
dogrib,ws43,cell3_lowonly,0,27,28675,36.0189,471,0.591627,15470,200,0
dogrib,ws43,cell3_lowonly,0,22,28607,35.9335,471,0.591627,15478,200,0
dogrib,ws43,cell3_lowonly,0,28,28925,36.3329,471,0.591627,15631,200,0
dogrib,ws43,cell3_lowonly,0,26,28708,36.0603,471,0.591627,15641,200,0
dogrib,ws43,cell4_highonly,0,9,106,0.133147,471,0.591627,78,200,0
dogrib,ws43,cell4_highonly,0,11,193,0.242429,471,0.591627,139,200,0
dogrib,ws43,cell4_highonly,0,10,72,0.0904398,471,0.591627,52,200,0
dogrib,ws43,cell4_highonly,0,13,63,0.0791348,471,0.591627,48,200,0
dogrib,ws43,cell4_highonly,0,18,105,0.131891,471,0.591627,74,200,0
dogrib,ws43,cell4_highonly,0,19,56,0.070342,471,0.591627,44,200,0
dogrib,ws43,cell4_highonly,0,17,227,0.285136,471,0.591627,142,200,0
dogrib,ws43,cell4_highonly,0,20,62,0.0778787,471,0.591627,45,200,0
dogrib,ws43,cell4_highonly,0,21,81,0.101745,471,0.591627,59,200,0
dogrib,ws43,cell3_lowonly,0,25,28882,36.2789,471,0.591627,15705,200,0
dogrib,ws43,cell4_highonly,0,24,123,0.154501,471,0.591627,93,200,0
dogrib,ws43,cell4_highonly,0,2,27388,34.4023,471,0.591627,14801,200,0
dogrib,ws43,cell4_highonly,0,26,115,0.144452,471,0.591627,80,200,0
dogrib,ws43,cell3_lowonly,0,29,29059,36.5012,471,0.591627,15874,200,0
dogrib,ws43,cell4_highonly,0,27,156,0.195953,471,0.591627,109,200,0
dogrib,ws43,cell4_highonly,0,28,103,0.129379,471,0.591627,76,200,0
dogrib,ws43,cell4_highonly,0,29,193,0.242429,471,0.591627,127,200,0
dogrib,ws43,cell4_highonly,0,7,26703,33.5418,471,0.591627,14755,200,0
dogrib,ws43,cell4_highonly,0,16,27631,34.7075,471,0.591627,14960,200,0
dogrib,ws43,cell3_lowonly,0,30,29201,36.6796,471,0.591627,15975,200,0
dogrib,ws43,cell4_highonly,0,1,27100,34.0405,471,0.591627,14896,200,0
dogrib,ws43,cell4_highonly,0,25,26301,33.0369,471,0.591627,14165,200,0
dogrib,ws43,cell4_highonly,0,14,26762,33.616,471,0.591627,14330,200,0
dogrib,ws43,cell4_highonly,0,12,26355,33.1047,471,0.591627,14332,200,0
dogrib,ws43,cell4_highonly,0,15,27521,34.5693,471,0.591627,14952,200,0
dogrib,ws43,cell4_highonly,0,22,27457,34.489,471,0.591627,14800,200,0
dogrib,ws43,cell5_hilly,0,1,29011,36.4409,471,0.591627,15762,200,0
dogrib,ws43,cell4_highonly,0,23,26887,33.773,471,0.591627,14703,200,0
dogrib,ws43,cell5_hilly,0,2,28915,36.3204,471,0.591627,15677,200,0
dogrib,ws43,cell4_highonly,0,30,26500,33.2869,471,0.591627,14648,200,0
dogrib,ws43,cell5_hilly,0,3,28768,36.1357,471,0.591627,15664,200,0
dogrib,ws43,cell5_hilly,0,5,29319,36.8278,471,0.591627,16054,200,0
dogrib,ws43,cell5_hilly,0,6,29061,36.5038,471,0.591627,15877,200,0
dogrib,ws43,cell5_hilly,0,4,28815,36.1947,471,0.591627,15555,200,0
dogrib,ws43,cell5_hilly,0,11,28940,36.3518,471,0.591627,15730,200,0
dogrib,ws43,cell5_hilly,0,8,28886,36.2839,471,0.591627,15780,200,0
dogrib,ws43,cell5_hilly,0,7,28984,36.407,471,0.591627,15694,200,0
dogrib,ws43,cell5_hilly,0,12,28808,36.186,471,0.591627,15701,200,0
dogrib,ws43,cell5_hilly,0,9,28985,36.4083,471,0.591627,15650,200,0
dogrib,ws43,cell5_hilly,0,10,28865,36.2576,471,0.591627,15692,200,0
dogrib,ws43,cell5_hilly,0,13,29083,36.5314,471,0.591627,15898,200,0
dogrib,ws43,cell5_hilly,0,14,29109,36.564,471,0.591627,15880,200,0
dogrib,ws43,cell5_hilly,0,16,28868,36.2613,471,0.591627,15691,200,0
dogrib,ws43,cell5_hilly,0,18,28796,36.1709,471,0.591627,15664,200,0
dogrib,ws43,cell5_hilly,0,15,29234,36.7211,471,0.591627,15910,200,0
dogrib,ws43,cell5_hilly,0,20,28661,36.0013,471,0.591627,15646,200,0
dogrib,ws43,cell5_hilly,0,21,28712,36.0654,471,0.591627,15597,200,0
dogrib,ws43,cell5_hilly,0,23,29165,36.6344,471,0.591627,15907,200,0
dogrib,ws43,cell5_hilly,0,17,28600,35.9247,471,0.591627,15559,200,0
dogrib,ws43,cell5_hilly,0,19,28830,36.2136,471,0.591627,15739,200,0
dogrib,ws43,cell5_hilly,0,25,28881,36.2776,471,0.591627,15774,200,0
dogrib,ws43,cell5_hilly,0,22,28487,35.7827,471,0.591627,15441,200,0
dogrib,ws43,cell5_hilly,0,26,28726,36.083,471,0.591627,15523,200,0
dogrib,ws43,cell5_hilly,0,27,28621,35.9511,471,0.591627,15544,200,0
dogrib,ws43,cell5_hilly,0,24,29261,36.755,471,0.591627,15926,200,0
dogrib,ws43,cell5_hilly,0,28,28962,36.3794,471,0.591627,15698,200,0
dogrib,ws43,cell6_barriers,0,1,28986,36.4095,471,0.591627,15747,200,0
dogrib,ws43,cell5_hilly,0,30,29143,36.6067,471,0.591627,15898,200,0
dogrib,ws43,cell6_barriers,0,2,29000,36.4271,471,0.591627,15739,200,0
dogrib,ws43,cell6_barriers,0,4,28751,36.1144,471,0.591627,15519,200,0
dogrib,ws43,cell5_hilly,0,29,29018,36.4497,471,0.591627,15834,200,0
dogrib,ws43,cell6_barriers,0,3,28840,36.2262,471,0.591627,15719,200,0
dogrib,ws43,cell6_barriers,0,6,29082,36.5301,471,0.591627,15807,200,0
dogrib,ws43,cell6_barriers,0,5,29341,36.8555,471,0.591627,16049,200,0
dogrib,ws43,cell6_barriers,0,11,28980,36.402,471,0.591627,15823,200,0
dogrib,ws43,cell6_barriers,0,12,28790,36.1633,471,0.591627,15639,200,0
dogrib,ws43,cell6_barriers,0,8,28902,36.304,471,0.591627,15678,200,0
dogrib,ws43,cell6_barriers,0,13,28989,36.4133,471,0.591627,15812,200,0
dogrib,ws43,cell6_barriers,0,7,28939,36.3505,471,0.591627,15791,200,0
dogrib,ws43,cell6_barriers,0,9,29026,36.4598,471,0.591627,15750,200,0
dogrib,ws43,cell6_barriers,0,14,29188,36.6633,471,0.591627,15967,200,0
dogrib,ws43,cell6_barriers,0,10,28760,36.1257,471,0.591627,15686,200,0
dogrib,ws43,cell6_barriers,0,15,29063,36.5063,471,0.591627,15894,200,0
dogrib,ws43,cell6_barriers,0,17,28693,36.0415,471,0.591627,15498,200,0
dogrib,ws43,cell6_barriers,0,19,28747,36.1093,471,0.591627,15691,200,0
dogrib,ws43,cell6_barriers,0,22,28607,35.9335,471,0.591627,15478,200,0
dogrib,ws43,cell6_barriers,0,23,29067,36.5113,471,0.591627,15897,200,0
dogrib,ws43,cell6_barriers,0,16,28829,36.2123,471,0.591627,15724,200,0
dogrib,ws43,cell6_barriers,0,18,28805,36.1822,471,0.591627,15552,200,0
dogrib,ws43,cell6_barriers,0,20,28764,36.1307,471,0.591627,15640,200,0
dogrib,ws43,cell6_barriers,0,25,28882,36.2789,471,0.591627,15705,200,0
dogrib,ws43,cell6_barriers,0,21,28771,36.1395,471,0.591627,15697,200,0
dogrib,ws43,cell6_barriers,0,24,29192,36.6683,471,0.591627,15882,200,0
dogrib,ws43,cell6_barriers,0,26,28708,36.0603,471,0.591627,15641,200,0
dogrib,ws43,cell6_barriers,0,28,28925,36.3329,471,0.591627,15631,200,0
dogrib,ws43,cell6_barriers,0,29,29059,36.5012,471,0.591627,15874,200,0
dogrib,ws43,cell6_barriers,0,30,29201,36.6796,471,0.591627,15975,200,0
dogrib,ws43,cell2_ground,2,10,8765,11.0098,471,0.591627,4524,200,0
dogrib,ws43,cell2_ground,2,1,27116,34.0606,471,0.591627,14923,200,0
dogrib,ws43,cell6_barriers,0,27,28675,36.0189,471,0.591627,15470,200,0
dogrib,ws43,cell2_ground,2,5,18534,23.2807,471,0.591627,10133,200,0
dogrib,ws43,cell2_ground,2,6,17323,21.7596,471,0.591627,10714,200,0
dogrib,ws43,cell2_ground,2,4,25109,31.5396,471,0.591627,14062,200,0
dogrib,ws43,cell2_ground,2,2,24587,30.8839,471,0.591627,13539,200,0
dogrib,ws43,cell2_ground,2,3,25778,32.3799,471,0.591627,14251,200,0
dogrib,ws43,cell2_ground,2,19,757,0.950874,471,0.591627,310,200,0
dogrib,ws43,cell2_ground,2,13,21159,26.578,471,0.591627,11910,200,0
dogrib,ws43,cell2_ground,2,7,23368,29.3527,471,0.591627,13457,200,0
dogrib,ws43,cell2_ground,2,8,27001,33.9162,471,0.591627,15165,200,0
dogrib,ws43,cell2_ground,2,11,21610,27.1445,471,0.591627,12548,200,0
dogrib,ws43,cell2_ground,2,15,11811,14.8359,471,0.591627,6607,200,0
dogrib,ws43,cell2_ground,2,9,22930,28.8026,471,0.591627,12662,200,0
dogrib,ws43,cell2_ground,2,16,16576,20.8212,471,0.591627,9615,200,0
dogrib,ws43,cell2_ground,2,18,18053,22.6765,471,0.591627,11041,200,0
dogrib,ws43,cell2_ground,2,12,25999,32.6575,471,0.591627,14140,200,0
dogrib,ws43,cell2_ground,2,20,19663,24.6988,471,0.591627,11827,200,0
dogrib,ws43,cell2_ground,2,17,24059,30.2207,471,0.591627,13388,200,0
dogrib,ws43,cell2_ground,2,14,26493,33.2781,471,0.591627,14942,200,0
Arrowhead,ws10,none,0,1,8554,3.22141,0,0.0,2980,200,0
Arrowhead,ws10,none,0,2,8542,3.21689,0,0.0,2997,200,0
Arrowhead,ws10,none,0,3,8537,3.21501,0,0.0,2939,200,0
Arrowhead,ws10,none,0,4,8505,3.20296,0,0.0,2932,200,0
Arrowhead,ws10,none,0,5,8576,3.22969,0,0.0,2982,200,0
Arrowhead,ws10,none,0,6,8577,3.23007,0,0.0,2960,200,0
Arrowhead,ws10,none,0,7,8555,3.22179,0,0.0,2962,200,0
Arrowhead,ws10,none,0,8,8528,3.21162,0,0.0,2978,200,0
Arrowhead,ws10,none,0,9,8413,3.16831,0,0.0,2903,200,0
Arrowhead,ws10,none,0,10,8643,3.25493,0,0.0,3003,200,0
Arrowhead,ws10,none,0,11,8542,3.21689,0,0.0,2997,200,0
Arrowhead,ws10,none,0,12,8552,3.22066,0,0.0,2970,200,0
Arrowhead,ws10,none,0,13,8609,3.24212,0,0.0,2972,200,0
Arrowhead,ws10,none,0,14,8581,3.23158,0,0.0,2978,200,0
Arrowhead,ws10,none,0,15,8558,3.22292,0,0.0,3030,200,0
Arrowhead,ws10,none,0,16,8562,3.22442,0,0.0,2958,200,0
Arrowhead,ws10,none,0,17,8521,3.20898,0,0.0,2939,200,0
Arrowhead,ws10,none,0,18,8509,3.20446,0,0.0,2950,200,0
Arrowhead,ws10,none,0,19,8643,3.25493,0,0.0,3003,200,0
Arrowhead,ws10,none,0,20,8579,3.23082,0,0.0,2962,200,0
Arrowhead,ws10,none,0,21,8499,3.2007,0,0.0,2959,200,0
Arrowhead,ws10,none,0,22,8594,3.23647,0,0.0,2947,200,0
Arrowhead,ws10,none,0,23,8558,3.22292,0,0.0,3030,200,0
Arrowhead,ws10,none,0,24,8583,3.23233,0,0.0,2989,200,0
Arrowhead,ws10,none,0,25,8528,3.21162,0,0.0,2978,200,0
Arrowhead,ws10,none,0,26,8549,3.21953,0,0.0,2940,200,0
Arrowhead,ws10,none,0,27,8521,3.20898,0,0.0,2939,200,0
Arrowhead,ws10,none,0,28,8413,3.16831,0,0.0,2903,200,0
Arrowhead,ws10,none,0,29,8562,3.22442,0,0.0,2945,200,0
Arrowhead,ws10,none,0,30,8581,3.23158,0,0.0,2978,200,0
dogrib,ws43,cell2_ground,2,21,24526,30.8073,471,0.591627,13690,200,0
Arrowhead,ws10,random,0,1,8518,3.20785,471,0.177377,2972,200,0
Arrowhead,ws10,random,0,2,8542,3.21689,471,0.177377,2997,200,0
Arrowhead,ws10,random,0,3,8523,3.20973,471,0.177377,2952,200,0
Arrowhead,ws10,random,0,4,8505,3.20296,471,0.177377,2932,200,0
Arrowhead,ws10,random,0,5,8576,3.22969,471,0.177377,2982,200,0
Arrowhead,ws10,random,0,6,8542,3.21689,471,0.177377,2947,200,0
Arrowhead,ws10,random,0,8,8353,3.14571,471,0.177377,2862,200,0
Arrowhead,ws10,random,0,9,8413,3.16831,471,0.177377,2903,200,0
Arrowhead,ws10,random,0,7,8416,3.16944,471,0.177377,2894,200,0
Arrowhead,ws10,random,0,11,8542,3.21689,471,0.177377,2997,200,0
Arrowhead,ws10,random,0,10,8527,3.21124,471,0.177377,2967,200,0
Arrowhead,ws10,random,0,12,8552,3.22066,471,0.177377,2970,200,0
dogrib,ws43,cell2_ground,2,22,26920,33.8144,471,0.591627,14628,200,0
Arrowhead,ws10,random,0,14,8432,3.17546,471,0.177377,2930,200,0
Arrowhead,ws10,random,0,13,8603,3.23986,471,0.177377,2978,200,0
Arrowhead,ws10,random,0,15,8538,3.21538,471,0.177377,2989,200,0
Arrowhead,ws10,random,0,16,8557,3.22254,471,0.177377,2956,200,0
Arrowhead,ws10,random,0,19,8614,3.244,471,0.177377,3003,200,0
Arrowhead,ws10,random,0,18,8507,3.20371,471,0.177377,2951,200,0
Arrowhead,ws10,random,0,17,8510,3.20484,471,0.177377,2944,200,0
Arrowhead,ws10,random,0,20,8510,3.20484,471,0.177377,2916,200,0
Arrowhead,ws10,random,0,21,8457,3.18488,471,0.177377,2942,200,0
Arrowhead,ws10,random,0,22,8594,3.23647,471,0.177377,2947,200,0
Arrowhead,ws10,random,0,23,8556,3.22216,471,0.177377,3033,200,0
Arrowhead,ws10,random,0,25,8493,3.19844,471,0.177377,2959,200,0
Arrowhead,ws10,random,0,24,8539,3.21576,471,0.177377,2948,200,0
Arrowhead,ws10,random,0,28,8321,3.13366,471,0.177377,2855,200,0
Arrowhead,ws10,random,0,26,8549,3.21953,471,0.177377,2940,200,0
Arrowhead,ws10,random,0,27,8521,3.20898,471,0.177377,2939,200,0
Arrowhead,ws10,random,0,29,8562,3.22442,471,0.177377,2945,200,0
Arrowhead,ws10,random,0,30,8524,3.21011,471,0.177377,2990,200,0
dogrib,ws43,cell2_ground,2,23,24228,30.433,471,0.591627,13174,200,0
dogrib,ws43,cell2_ground,2,25,27743,34.8482,471,0.591627,15167,200,0
dogrib,ws43,cell2_ground,2,26,23585,29.6253,471,0.591627,13270,200,0
Arrowhead,ws10,proximity,0,4,153,0.0576193,471,0.177377,94,200,0
Arrowhead,ws10,proximity,0,2,158,0.0595023,471,0.177377,92,200,0
Arrowhead,ws10,proximity,0,5,218,0.0820981,471,0.177377,148,200,0
Arrowhead,ws10,proximity,0,3,152,0.0572427,471,0.177377,111,200,0
Arrowhead,ws10,proximity,0,8,169,0.0636449,471,0.177377,124,200,0
Arrowhead,ws10,proximity,0,1,297,0.111849,471,0.177377,195,200,0
Arrowhead,ws10,proximity,0,6,275,0.103564,471,0.177377,181,200,0
Arrowhead,ws10,proximity,0,7,59,0.0222192,471,0.177377,46,200,0
dogrib,ws43,cell2_ground,2,24,28091,35.2853,471,0.591627,15442,200,0
Arrowhead,ws10,proximity,0,12,279,0.10507,471,0.177377,152,200,0
Arrowhead,ws10,proximity,0,9,93,0.0350235,471,0.177377,75,200,0
dogrib,ws43,cell2_ground,2,27,24743,31.0799,471,0.591627,13732,200,0
dogrib,ws43,cell2_ground,2,28,24250,30.4606,471,0.591627,13252,200,0
Arrowhead,ws10,proximity,0,10,179,0.0674108,471,0.177377,138,200,0
Arrowhead,ws10,proximity,0,13,236,0.0888768,471,0.177377,157,200,0
Arrowhead,ws10,proximity,0,16,162,0.0610087,471,0.177377,122,200,0
Arrowhead,ws10,proximity,0,17,133,0.0500874,471,0.177377,82,200,0
dogrib,ws43,cell2_ground,2,29,26761,33.6147,471,0.591627,14837,200,0
Arrowhead,ws10,proximity,0,15,259,0.0975386,471,0.177377,169,200,0
dogrib,ws43,cell2_ground,2,30,25131,31.5672,471,0.591627,14223,200,0
Arrowhead,ws10,proximity,0,23,251,0.0945258,471,0.177377,164,200,0
Arrowhead,ws10,proximity,0,24,253,0.095279,471,0.177377,165,200,0
Arrowhead,ws10,proximity,0,11,1004,0.378103,471,0.177377,559,200,0
Arrowhead,ws10,proximity,0,14,876,0.329899,471,0.177377,435,200,0
Arrowhead,ws10,proximity,0,18,170,0.0640215,471,0.177377,109,200,0
Arrowhead,ws10,proximity,0,19,204,0.0768257,471,0.177377,141,200,0
Arrowhead,ws10,proximity,0,20,159,0.0598789,471,0.177377,117,200,0
Arrowhead,ws10,proximity,0,21,145,0.0546065,471,0.177377,100,200,0
Arrowhead,ws10,proximity,0,25,567,0.21353,471,0.177377,325,200,0
Arrowhead,ws10,proximity,0,27,74,0.0278682,471,0.177377,52,200,0
Arrowhead,ws10,proximity,0,28,96,0.0361533,471,0.177377,76,200,0
Arrowhead,ws10,proximity,0,29,195,0.0734364,471,0.177377,122,200,0
Arrowhead,ws10,proximity,0,22,684,0.257592,471,0.177377,419,200,0
Arrowhead,ws10,proximity,0,26,182,0.0685406,471,0.177377,111,200,0
Arrowhead,ws10,fuel_elevation,0,7,166,0.0625151,471,0.177377,97,200,0
Arrowhead,ws10,fuel_elevation,0,6,254,0.0956556,471,0.177377,145,200,0
Arrowhead,ws10,fuel_elevation,0,8,173,0.0651512,471,0.177377,104,200,0
Arrowhead,ws10,fuel_elevation,0,2,173,0.0651512,471,0.177377,108,200,0
Arrowhead,ws10,proximity,0,30,264,0.0994215,471,0.177377,164,200,0
Arrowhead,ws10,fuel_elevation,0,1,235,0.0885002,471,0.177377,144,200,0
Arrowhead,ws10,fuel_elevation,0,9,79,0.0297511,471,0.177377,63,200,0
Arrowhead,ws10,fuel_elevation,0,3,159,0.0598789,471,0.177377,93,200,0
Arrowhead,ws10,fuel_elevation,0,4,141,0.0531001,471,0.177377,91,200,0
Arrowhead,ws10,fuel_elevation,0,5,256,0.0964088,471,0.177377,152,200,0
Arrowhead,ws10,fuel_elevation,0,12,168,0.0632683,471,0.177377,104,200,0
Arrowhead,ws10,fuel_elevation,0,13,207,0.0779555,471,0.177377,140,200,0
Arrowhead,ws10,fuel_elevation,0,14,233,0.087747,471,0.177377,144,200,0
Arrowhead,ws10,fuel_elevation,0,18,130,0.0489576,471,0.177377,90,200,0
Arrowhead,ws10,fuel_elevation,0,10,208,0.0783321,471,0.177377,131,200,0
Arrowhead,ws10,fuel_elevation,0,11,173,0.0651512,471,0.177377,108,200,0
Arrowhead,ws10,fuel_elevation,0,22,244,0.0918896,471,0.177377,147,200,0
Arrowhead,ws10,fuel_elevation,0,23,218,0.0820981,471,0.177377,146,200,0
Arrowhead,ws10,fuel_elevation,0,17,94,0.0354001,471,0.177377,73,200,0
Arrowhead,ws10,fuel_elevation,0,16,221,0.0832279,471,0.177377,129,200,0
Arrowhead,ws10,fuel_elevation,0,15,218,0.0820981,471,0.177377,146,200,0
Arrowhead,ws10,fuel_elevation,0,25,172,0.0647746,471,0.177377,104,200,0
Arrowhead,ws10,fuel_elevation,0,19,209,0.0787087,471,0.177377,132,200,0
Arrowhead,ws10,fuel_elevation,0,20,159,0.0598789,471,0.177377,97,200,0
Arrowhead,ws10,fuel_elevation,0,24,249,0.0937726,471,0.177377,151,200,0
Arrowhead,ws10,fuel_elevation,0,21,135,0.0508406,471,0.177377,97,200,0
Arrowhead,ws10,fuel_elevation,0,28,79,0.0297511,471,0.177377,63,200,0
Arrowhead,ws10,fuel_elevation,0,29,173,0.0651512,471,0.177377,109,200,0
Arrowhead,ws10,fuel_elevation,0,27,94,0.0354001,471,0.177377,73,200,0
Arrowhead,ws10,fuel_elevation,0,26,163,0.0613853,471,0.177377,95,200,0
Arrowhead,ws10,neighbour_fuel,0,4,131,0.0493342,471,0.177377,89,200,0
Arrowhead,ws10,neighbour_fuel,0,6,207,0.0779555,471,0.177377,144,200,0
Arrowhead,ws10,neighbour_fuel,0,1,95,0.0357767,471,0.177377,76,200,0
Arrowhead,ws10,neighbour_fuel,0,5,76,0.0286214,471,0.177377,60,200,0
Arrowhead,ws10,fuel_elevation,0,30,232,0.0873704,471,0.177377,143,200,0
Arrowhead,ws10,neighbour_fuel,0,2,149,0.0561129,471,0.177377,91,200,0
Arrowhead,ws10,neighbour_fuel,0,9,103,0.0387895,471,0.177377,73,200,0
Arrowhead,ws10,neighbour_fuel,0,3,194,0.0730598,471,0.177377,128,200,0
Arrowhead,ws10,neighbour_fuel,0,7,194,0.0730598,471,0.177377,137,200,0
Arrowhead,ws10,neighbour_fuel,0,15,176,0.066281,471,0.177377,108,200,0
Arrowhead,ws10,neighbour_fuel,0,12,527,0.198466,471,0.177377,279,200,0
Arrowhead,ws10,neighbour_fuel,0,8,194,0.0730598,471,0.177377,128,200,0
Arrowhead,ws10,neighbour_fuel,0,14,390,0.146873,471,0.177377,238,200,0
Arrowhead,ws10,neighbour_fuel,0,13,214,0.0805917,471,0.177377,143,200,0
Arrowhead,ws10,neighbour_fuel,0,10,188,0.0708002,471,0.177377,127,200,0
Arrowhead,ws10,neighbour_fuel,0,11,236,0.0888768,471,0.177377,144,200,0
Arrowhead,ws10,neighbour_fuel,0,16,157,0.0591257,471,0.177377,110,200,0
Arrowhead,ws10,neighbour_fuel,0,18,187,0.0704236,471,0.177377,129,200,0
Arrowhead,ws10,neighbour_fuel,0,21,168,0.0632683,471,0.177377,105,200,0
Arrowhead,ws10,neighbour_fuel,0,25,167,0.0628917,471,0.177377,105,200,0
Arrowhead,ws10,neighbour_fuel,0,17,191,0.07193,471,0.177377,122,200,0
Arrowhead,ws10,neighbour_fuel,0,19,190,0.0715534,471,0.177377,129,200,0
Arrowhead,ws10,neighbour_fuel,0,24,227,0.0854875,471,0.177377,141,200,0
Arrowhead,ws10,neighbour_fuel,0,20,165,0.0621385,471,0.177377,111,200,0
Arrowhead,ws10,neighbour_fuel,0,22,319,0.120134,471,0.177377,182,200,0
Arrowhead,ws10,neighbour_fuel,0,27,182,0.0685406,471,0.177377,124,200,0
Arrowhead,ws10,neighbour_fuel,0,28,103,0.0387895,471,0.177377,73,200,0
Arrowhead,ws10,neighbour_fuel,0,23,279,0.10507,471,0.177377,190,200,0
Arrowhead,ws10,neighbour_fuel,0,29,222,0.0836045,471,0.177377,142,200,0
Arrowhead,ws10,neighbour_fuel,0,26,184,0.0692938,471,0.177377,123,200,0
Arrowhead,ws10,shielded_ratio,0,5,292,0.109966,471,0.177377,180,200,0
Arrowhead,ws10,shielded_ratio,0,2,149,0.0561129,471,0.177377,91,200,0
Arrowhead,ws10,shielded_ratio,0,6,206,0.0775789,471,0.177377,141,200,0
Arrowhead,ws10,shielded_ratio,0,8,224,0.0843577,471,0.177377,144,200,0
Arrowhead,ws10,shielded_ratio,0,10,189,0.0711768,471,0.177377,128,200,0
Arrowhead,ws10,shielded_ratio,0,1,252,0.0949024,471,0.177377,159,200,0
Arrowhead,ws10,shielded_ratio,0,4,175,0.0659044,471,0.177377,119,200,0
Arrowhead,ws10,shielded_ratio,0,7,194,0.0730598,471,0.177377,137,200,0
Arrowhead,ws10,shielded_ratio,0,9,104,0.0391661,471,0.177377,73,200,0
Arrowhead,ws10,shielded_ratio,0,16,165,0.0621385,471,0.177377,113,200,0
Arrowhead,ws10,shielded_ratio,0,11,198,0.0745662,471,0.177377,125,200,0
Arrowhead,ws10,shielded_ratio,0,14,254,0.0956556,471,0.177377,164,200,0
Arrowhead,ws10,shielded_ratio,0,13,214,0.0805917,471,0.177377,143,200,0
Arrowhead,ws10,shielded_ratio,0,21,168,0.0632683,471,0.177377,105,200,0
Arrowhead,ws10,shielded_ratio,0,23,278,0.104694,471,0.177377,190,200,0
Arrowhead,ws10,shielded_ratio,0,18,158,0.0595023,471,0.177377,110,200,0
Arrowhead,ws10,neighbour_fuel,0,30,2781,1.04732,471,0.177377,1220,200,0
Arrowhead,ws10,shielded_ratio,0,17,215,0.0809683,471,0.177377,139,200,0
Arrowhead,ws10,shielded_ratio,0,3,4756,1.79109,471,0.177377,1858,200,0
Arrowhead,ws10,shielded_ratio,0,19,190,0.0715534,471,0.177377,129,200,0
Arrowhead,ws10,shielded_ratio,0,20,165,0.0621385,471,0.177377,111,200,0
Arrowhead,ws10,shielded_ratio,0,12,4459,1.67925,471,0.177377,1741,200,0
Arrowhead,ws10,shielded_ratio,0,25,167,0.0628917,471,0.177377,105,200,0
Arrowhead,ws10,shielded_ratio,0,22,335,0.12616,471,0.177377,189,200,0
Arrowhead,ws10,shielded_ratio,0,15,4749,1.78846,471,0.177377,1953,200,0
Arrowhead,ws10,shielded_ratio,0,26,291,0.10959,471,0.177377,183,200,0
Arrowhead,ws10,shielded_ratio,0,24,224,0.0843577,471,0.177377,131,200,0
Arrowhead,ws10,open_anchor,0,3,198,0.0745662,471,0.177377,126,200,0
Arrowhead,ws10,open_anchor,0,4,154,0.0579959,471,0.177377,105,200,0
Arrowhead,ws10,shielded_ratio,0,28,104,0.0391661,471,0.177377,73,200,0
Arrowhead,ws10,shielded_ratio,0,27,208,0.0783321,471,0.177377,131,200,0
Arrowhead,ws10,open_anchor,0,6,202,0.0760725,471,0.177377,130,200,0
Arrowhead,ws10,open_anchor,0,7,143,0.0538533,471,0.177377,99,200,0
Arrowhead,ws10,shielded_ratio,0,29,310,0.116745,471,0.177377,185,200,0
Arrowhead,ws10,shielded_ratio,0,30,345,0.129926,471,0.177377,205,200,0
Arrowhead,ws10,open_anchor,0,2,136,0.0512172,471,0.177377,84,200,0
Arrowhead,ws10,open_anchor,0,1,130,0.0489576,471,0.177377,91,200,0
Arrowhead,ws10,open_anchor,0,5,92,0.0346469,471,0.177377,73,200,0
Arrowhead,ws10,open_anchor,0,9,122,0.0459448,471,0.177377,89,200,0
Arrowhead,ws10,open_anchor,0,11,167,0.0628917,471,0.177377,98,200,0
Arrowhead,ws10,open_anchor,0,17,170,0.0640215,471,0.177377,116,200,0
Arrowhead,ws10,open_anchor,0,10,201,0.0756959,471,0.177377,135,200,0
Arrowhead,ws10,open_anchor,0,12,194,0.0730598,471,0.177377,119,200,0
Arrowhead,ws10,open_anchor,0,13,267,0.100551,471,0.177377,163,200,0
Arrowhead,ws10,open_anchor,0,8,199,0.0749428,471,0.177377,137,200,0
Arrowhead,ws10,open_anchor,0,21,154,0.0579959,471,0.177377,102,200,0
Arrowhead,ws10,open_anchor,0,18,133,0.0500874,471,0.177377,94,200,0
Arrowhead,ws10,open_anchor,0,16,220,0.0828513,471,0.177377,142,200,0
Arrowhead,ws10,open_anchor,0,22,167,0.0628917,471,0.177377,103,200,0
Arrowhead,ws10,open_anchor,0,14,740,0.278682,471,0.177377,379,200,0
Arrowhead,ws10,open_anchor,0,23,253,0.095279,471,0.177377,173,200,0
Arrowhead,ws10,open_anchor,0,19,203,0.0764491,471,0.177377,135,200,0
Arrowhead,ws10,open_anchor,0,20,176,0.066281,471,0.177377,121,200,0
Arrowhead,ws10,open_anchor,0,15,1188,0.447397,471,0.177377,542,200,0
Arrowhead,ws10,open_anchor,0,24,156,0.0587491,471,0.177377,101,200,0
Arrowhead,ws10,open_anchor,0,25,157,0.0591257,471,0.177377,95,200,0
Arrowhead,ws10,open_anchor,0,30,281,0.105824,471,0.177377,174,200,0
Arrowhead,ws10,open_anchor,0,26,167,0.0628917,471,0.177377,117,200,0
Arrowhead,ws10,open_anchor,0,27,107,0.0402959,471,0.177377,74,200,0
Arrowhead,ws10,open_anchor,0,28,125,0.0470746,471,0.177377,89,200,0
Arrowhead,ws10,fuel_flank,0,1,326,0.122771,471,0.177377,209,200,0
Arrowhead,ws10,fuel_flank,0,2,158,0.0595023,471,0.177377,92,200,0
Arrowhead,ws10,open_anchor,0,29,168,0.0632683,471,0.177377,111,200,0
Arrowhead,ws10,fuel_flank,0,5,223,0.0839811,471,0.177377,148,200,0
Arrowhead,ws10,fuel_flank,0,8,169,0.0636449,471,0.177377,124,200,0
Arrowhead,ws10,fuel_flank,0,12,279,0.10507,471,0.177377,152,200,0
Arrowhead,ws10,fuel_flank,0,13,236,0.0888768,471,0.177377,157,200,0
Arrowhead,ws10,fuel_flank,0,4,153,0.0576193,471,0.177377,94,200,0
Arrowhead,ws10,fuel_flank,0,3,247,0.0930194,471,0.177377,155,200,0
Arrowhead,ws10,fuel_flank,0,15,259,0.0975386,471,0.177377,169,200,0
Arrowhead,ws10,fuel_flank,0,6,275,0.103564,471,0.177377,181,200,0
Arrowhead,ws10,fuel_flank,0,7,59,0.0222192,471,0.177377,46,200,0
Arrowhead,ws10,fuel_flank,0,16,164,0.0617619,471,0.177377,119,200,0
Arrowhead,ws10,fuel_flank,0,9,95,0.0357767,471,0.177377,75,200,0
Arrowhead,ws10,fuel_flank,0,10,213,0.0802151,471,0.177377,141,200,0
Arrowhead,ws10,fuel_flank,0,18,170,0.0640215,471,0.177377,109,200,0
Arrowhead,ws10,fuel_flank,0,20,161,0.0606321,471,0.177377,120,200,0
Arrowhead,ws10,fuel_flank,0,21,147,0.0553597,471,0.177377,100,200,0
Arrowhead,ws10,fuel_flank,0,11,1008,0.37961,471,0.177377,559,200,0
Arrowhead,ws10,fuel_flank,0,17,133,0.0500874,471,0.177377,82,200,0
Arrowhead,ws10,fuel_flank,0,24,253,0.095279,471,0.177377,165,200,0
Arrowhead,ws10,fuel_flank,0,14,1633,0.614983,471,0.177377,798,200,0
Arrowhead,ws10,fuel_flank,0,27,74,0.0278682,471,0.177377,52,200,0
Arrowhead,ws10,fuel_flank,0,28,104,0.0391661,471,0.177377,78,200,0
Arrowhead,ws10,fuel_flank,0,19,204,0.0768257,471,0.177377,141,200,0
Arrowhead,ws10,cell1_baseline,0,2,145,0.0546065,471,0.177377,92,200,0
Arrowhead,ws10,cell1_baseline,0,1,72,0.027115,471,0.177377,56,200,0
Arrowhead,ws10,fuel_flank,0,29,195,0.0734364,471,0.177377,122,200,0
Arrowhead,ws10,fuel_flank,0,23,253,0.095279,471,0.177377,165,200,0
Arrowhead,ws10,fuel_flank,0,22,684,0.257592,471,0.177377,419,200,0
Arrowhead,ws10,cell1_baseline,0,4,147,0.0553597,471,0.177377,92,200,0
Arrowhead,ws10,fuel_flank,0,26,182,0.0685406,471,0.177377,111,200,0
Arrowhead,ws10,fuel_flank,0,25,633,0.238386,471,0.177377,349,200,0
Arrowhead,ws10,cell1_baseline,0,7,65,0.0244788,471,0.177377,48,200,0
Arrowhead,ws10,cell1_baseline,0,9,82,0.0308809,471,0.177377,62,200,0
Arrowhead,ws10,cell1_baseline,0,3,167,0.0628917,471,0.177377,117,200,0
Arrowhead,ws10,cell1_baseline,0,8,183,0.0689172,471,0.177377,120,200,0
Arrowhead,ws10,cell1_baseline,0,5,187,0.0704236,471,0.177377,130,200,0
Arrowhead,ws10,cell1_baseline,0,12,165,0.0621385,471,0.177377,110,200,0
Arrowhead,ws10,cell1_baseline,0,6,207,0.0779555,471,0.177377,134,200,0
Arrowhead,ws10,fuel_flank,0,30,280,0.105447,471,0.177377,165,200,0
Arrowhead,ws10,cell1_baseline,0,15,166,0.0625151,471,0.177377,107,200,0
Arrowhead,ws10,cell1_baseline,0,10,176,0.066281,471,0.177377,125,200,0
Arrowhead,ws10,cell1_baseline,0,18,137,0.0515938,471,0.177377,98,200,0
Arrowhead,ws10,cell1_baseline,0,16,183,0.0689172,471,0.177377,123,200,0
Arrowhead,ws10,cell1_baseline,0,11,140,0.0527236,471,0.177377,84,200,0
Arrowhead,ws10,cell1_baseline,0,19,185,0.0696704,471,0.177377,130,200,0
Arrowhead,ws10,cell1_baseline,0,13,190,0.0715534,471,0.177377,132,200,0
Arrowhead,ws10,cell1_baseline,0,17,98,0.0369065,471,0.177377,76,200,0
Arrowhead,ws10,cell1_baseline,0,14,214,0.0805917,471,0.177377,146,200,0
Arrowhead,ws10,cell1_baseline,0,22,134,0.050464,471,0.177377,88,200,0
Arrowhead,ws10,cell1_baseline,0,20,147,0.0553597,471,0.177377,104,200,0
Arrowhead,ws10,cell1_baseline,0,25,169,0.0636449,471,0.177377,112,200,0
Arrowhead,ws10,cell1_baseline,0,21,119,0.044815,471,0.177377,90,200,0
Arrowhead,ws10,cell1_baseline,0,27,92,0.0346469,471,0.177377,65,200,0
Arrowhead,ws10,cell1_baseline,0,23,229,0.0862407,471,0.177377,162,200,0
Arrowhead,ws10,cell1_baseline,0,26,153,0.0576193,471,0.177377,102,200,0
Arrowhead,ws10,cell1_baseline,0,28,85,0.0320107,471,0.177377,66,200,0
Arrowhead,ws10,cell1_baseline,0,24,140,0.0527236,471,0.177377,90,200,0
Arrowhead,ws10,cell2_ground,0,1,95,0.0357767,471,0.177377,76,200,0
Arrowhead,ws10,cell1_baseline,0,30,234,0.0881236,471,0.177377,151,200,0
Arrowhead,ws10,cell2_ground,0,4,131,0.0493342,471,0.177377,89,200,0
Arrowhead,ws10,cell1_baseline,0,29,167,0.0628917,471,0.177377,115,200,0
Arrowhead,ws10,cell2_ground,0,3,190,0.0715534,471,0.177377,124,200,0
Arrowhead,ws10,cell2_ground,0,2,152,0.0572427,471,0.177377,92,200,0
Arrowhead,ws10,cell2_ground,0,11,236,0.0888768,471,0.177377,144,200,0
Arrowhead,ws10,cell2_ground,0,5,76,0.0286214,471,0.177377,60,200,0
Arrowhead,ws10,cell2_ground,0,12,527,0.198466,471,0.177377,279,200,0
Arrowhead,ws10,cell2_ground,0,10,187,0.0704236,471,0.177377,125,200,0
Arrowhead,ws10,cell2_ground,0,13,216,0.0813449,471,0.177377,144,200,0
Arrowhead,ws10,cell2_ground,0,6,208,0.0783321,471,0.177377,144,200,0
Arrowhead,ws10,cell2_ground,0,9,103,0.0387895,471,0.177377,73,200,0
Arrowhead,ws10,cell2_ground,0,7,194,0.0730598,471,0.177377,137,200,0
Arrowhead,ws10,cell2_ground,0,8,195,0.0734364,471,0.177377,129,200,0
Arrowhead,ws10,cell2_ground,0,15,178,0.0670342,471,0.177377,108,200,0
Arrowhead,ws10,cell2_ground,0,17,191,0.07193,471,0.177377,122,200,0
Arrowhead,ws10,cell2_ground,0,16,158,0.0595023,471,0.177377,111,200,0
Arrowhead,ws10,cell2_ground,0,24,180,0.0677874,471,0.177377,108,200,0
Arrowhead,ws10,cell2_ground,0,21,171,0.064398,471,0.177377,105,200,0
Arrowhead,ws10,cell2_ground,0,25,167,0.0628917,471,0.177377,105,200,0
Arrowhead,ws10,cell2_ground,0,18,184,0.0692938,471,0.177377,128,200,0
Arrowhead,ws10,cell2_ground,0,20,165,0.0621385,471,0.177377,112,200,0
Arrowhead,ws10,cell2_ground,0,19,189,0.0711768,471,0.177377,129,200,0
Arrowhead,ws10,cell2_ground,0,26,184,0.0692938,471,0.177377,123,200,0
Arrowhead,ws10,cell2_ground,0,14,3263,1.22884,471,0.177377,1483,200,0
Arrowhead,ws10,cell2_ground,0,23,279,0.10507,471,0.177377,190,200,0
Arrowhead,ws10,cell2_ground,0,22,317,0.119381,471,0.177377,180,200,0
Arrowhead,ws10,cell2_ground,0,29,222,0.0836045,471,0.177377,142,200,0
Arrowhead,ws10,cell2_ground,0,28,103,0.0387895,471,0.177377,73,200,0
Arrowhead,ws10,cell2_ground,0,27,182,0.0685406,471,0.177377,124,200,0
Arrowhead,ws10,cell2_ground,0,30,2897,1.091,471,0.177377,1257,200,0
Arrowhead,ws10,cell3_lowonly,0,1,8513,3.20597,471,0.177377,2991,200,0
Arrowhead,ws10,cell3_lowonly,0,5,8545,3.21802,471,0.177377,2981,200,0
Arrowhead,ws10,cell3_lowonly,0,9,8361,3.14873,471,0.177377,2907,200,0
Arrowhead,ws10,cell3_lowonly,0,11,8522,3.20936,471,0.177377,2985,200,0
Arrowhead,ws10,cell3_lowonly,0,4,8452,3.183,471,0.177377,2915,200,0
Arrowhead,ws10,cell3_lowonly,0,3,8516,3.2071,471,0.177377,2911,200,0
Arrowhead,ws10,cell3_lowonly,0,2,8514,3.20635,471,0.177377,2991,200,0
Arrowhead,ws10,cell3_lowonly,0,6,8536,3.21463,471,0.177377,2971,200,0
Arrowhead,ws10,cell3_lowonly,0,7,8533,3.2135,471,0.177377,2974,200,0
Arrowhead,ws10,cell3_lowonly,0,8,8506,3.20333,471,0.177377,2980,200,0
Arrowhead,ws10,cell3_lowonly,0,10,8614,3.244,471,0.177377,2999,200,0
Arrowhead,ws10,cell3_lowonly,0,13,8575,3.22932,471,0.177377,2959,200,0
Arrowhead,ws10,cell3_lowonly,0,12,8534,3.21388,471,0.177377,2945,200,0
Arrowhead,ws10,cell3_lowonly,0,15,8531,3.21275,471,0.177377,3020,200,0
Arrowhead,ws10,cell3_lowonly,0,14,8556,3.22216,471,0.177377,2985,200,0
Arrowhead,ws10,cell3_lowonly,0,16,8540,3.21614,471,0.177377,2926,200,0
Arrowhead,ws10,cell3_lowonly,0,19,8615,3.24438,471,0.177377,2987,200,0
Arrowhead,ws10,cell3_lowonly,0,21,8445,3.18036,471,0.177377,2943,200,0
Arrowhead,ws10,cell3_lowonly,0,18,8486,3.1958,471,0.177377,2935,200,0
Arrowhead,ws10,cell3_lowonly,0,17,8496,3.19957,471,0.177377,2911,200,0
Arrowhead,ws10,cell3_lowonly,0,20,8548,3.21915,471,0.177377,2962,200,0
Arrowhead,ws10,cell3_lowonly,0,23,8538,3.21538,471,0.177377,2999,200,0
Arrowhead,ws10,cell3_lowonly,0,22,8565,3.22555,471,0.177377,2957,200,0
Arrowhead,ws10,cell4_highonly,0,3,139,0.052347,471,0.177377,94,200,0
Arrowhead,ws10,cell3_lowonly,0,24,8560,3.22367,471,0.177377,2957,200,0
Arrowhead,ws10,cell4_highonly,0,4,183,0.0689172,471,0.177377,120,200,0
Arrowhead,ws10,cell3_lowonly,0,26,8498,3.20032,471,0.177377,2924,200,0
Arrowhead,ws10,cell3_lowonly,0,25,8502,3.20183,471,0.177377,2965,200,0
Arrowhead,ws10,cell4_highonly,0,6,254,0.0956556,471,0.177377,166,200,0
Arrowhead,ws10,cell3_lowonly,0,28,8370,3.15211,471,0.177377,2928,200,0
Arrowhead,ws10,cell4_highonly,0,7,235,0.0885002,471,0.177377,144,200,0
Arrowhead,ws10,cell4_highonly,0,5,447,0.168339,471,0.177377,308,200,0
Arrowhead,ws10,cell3_lowonly,0,27,8500,3.20107,471,0.177377,2928,200,0
Arrowhead,ws10,cell4_highonly,0,2,1822,0.686159,471,0.177377,770,200,0
Arrowhead,ws10,cell4_highonly,0,1,1921,0.723442,471,0.177377,845,200,0
Arrowhead,ws10,cell3_lowonly,0,30,8553,3.22103,471,0.177377,2996,200,0
Arrowhead,ws10,cell4_highonly,0,11,144,0.0542299,471,0.177377,96,200,0
Arrowhead,ws10,cell4_highonly,0,10,621,0.233867,471,0.177377,370,200,0
Arrowhead,ws10,cell3_lowonly,0,29,8543,3.21727,471,0.177377,2934,200,0
Arrowhead,ws10,cell4_highonly,0,9,188,0.0708002,471,0.177377,126,200,0
Arrowhead,ws10,cell4_highonly,0,13,265,0.0997981,471,0.177377,171,200,0
Arrowhead,ws10,cell4_highonly,0,21,187,0.0704236,471,0.177377,129,200,0
Arrowhead,ws10,cell4_highonly,0,22,278,0.104694,471,0.177377,181,200,0
Arrowhead,ws10,cell4_highonly,0,17,524,0.197337,471,0.177377,281,200,0
Arrowhead,ws10,cell4_highonly,0,18,165,0.0621385,471,0.177377,118,200,0
Arrowhead,ws10,cell4_highonly,0,12,874,0.329146,471,0.177377,423,200,0
Arrowhead,ws10,cell4_highonly,0,16,301,0.113356,471,0.177377,184,200,0
Arrowhead,ws10,cell4_highonly,0,15,540,0.203362,471,0.177377,332,200,0
Arrowhead,ws10,cell4_highonly,0,19,279,0.10507,471,0.177377,185,200,0
Arrowhead,ws10,cell4_highonly,0,20,269,0.101305,471,0.177377,186,200,0
Arrowhead,ws10,cell4_highonly,0,24,220,0.0828513,471,0.177377,144,200,0
Arrowhead,ws10,cell4_highonly,0,14,778,0.292992,471,0.177377,432,200,0
Arrowhead,ws10,cell4_highonly,0,8,2264,0.852615,471,0.177377,930,200,0
Arrowhead,ws10,cell4_highonly,0,25,391,0.147249,471,0.177377,265,200,0
Arrowhead,ws10,cell4_highonly,0,23,2418,0.910611,471,0.177377,990,200,0
Arrowhead,ws10,cell4_highonly,0,27,310,0.116745,471,0.177377,209,200,0
Arrowhead,ws10,cell4_highonly,0,26,131,0.0493342,471,0.177377,93,200,0
Arrowhead,ws10,cell4_highonly,0,28,175,0.0659044,471,0.177377,118,200,0
Arrowhead,ws10,cell4_highonly,0,29,438,0.164949,471,0.177377,325,200,0
Arrowhead,ws10,cell4_highonly,0,30,2435,0.917013,471,0.177377,1009,200,0
Arrowhead,ws10,cell5_hilly,0,3,8507,3.20371,471,0.177377,2921,200,0
Arrowhead,ws10,cell5_hilly,0,6,8574,3.22894,471,0.177377,2990,200,0
Arrowhead,ws10,cell5_hilly,0,1,8551,3.22028,471,0.177377,2990,200,0
Arrowhead,ws10,cell5_hilly,0,8,8507,3.20371,471,0.177377,2974,200,0
Arrowhead,ws10,cell5_hilly,0,5,8572,3.22819,471,0.177377,3001,200,0
Arrowhead,ws10,cell5_hilly,0,2,8522,3.20936,471,0.177377,2973,200,0
Arrowhead,ws10,cell5_hilly,0,4,8485,3.19542,471,0.177377,2923,200,0
Arrowhead,ws10,cell5_hilly,0,7,8553,3.22103,471,0.177377,2970,200,0
Arrowhead,ws10,cell5_hilly,0,9,8399,3.16304,471,0.177377,2919,200,0
Arrowhead,ws10,cell5_hilly,0,10,8618,3.24551,471,0.177377,2992,200,0
Arrowhead,ws10,cell5_hilly,0,13,8604,3.24024,471,0.177377,2982,200,0
Arrowhead,ws10,cell5_hilly,0,11,8539,3.21576,471,0.177377,2962,200,0
Arrowhead,ws10,cell5_hilly,0,14,8556,3.22216,471,0.177377,2992,200,0
Arrowhead,ws10,cell5_hilly,0,12,8528,3.21162,471,0.177377,2934,200,0
Arrowhead,ws10,cell5_hilly,0,15,8532,3.21312,471,0.177377,3005,200,0
Arrowhead,ws10,cell5_hilly,0,20,8574,3.22894,471,0.177377,2984,200,0
Arrowhead,ws10,cell5_hilly,0,21,8477,3.19241,471,0.177377,2948,200,0
Arrowhead,ws10,cell5_hilly,0,16,8539,3.21576,471,0.177377,2928,200,0
Arrowhead,ws10,cell5_hilly,0,19,8618,3.24551,471,0.177377,2992,200,0
Arrowhead,ws10,cell5_hilly,0,17,8498,3.20032,471,0.177377,2929,200,0
Arrowhead,ws10,cell5_hilly,0,18,8487,3.19618,471,0.177377,2932,200,0
Arrowhead,ws10,cell5_hilly,0,25,8508,3.20409,471,0.177377,2957,200,0
Arrowhead,ws10,cell5_hilly,0,22,8568,3.22668,471,0.177377,2950,200,0
Arrowhead,ws10,cell5_hilly,0,24,8556,3.22216,471,0.177377,2954,200,0
Arrowhead,ws10,cell5_hilly,0,23,8532,3.21312,471,0.177377,3005,200,0
Arrowhead,ws10,cell5_hilly,0,28,8380,3.15588,471,0.177377,2906,200,0
Arrowhead,ws10,cell5_hilly,0,26,8530,3.21237,471,0.177377,2918,200,0
Arrowhead,ws10,cell5_hilly,0,29,8536,3.21463,471,0.177377,2923,200,0
Arrowhead,ws10,cell5_hilly,0,27,8517,3.20747,471,0.177377,2939,200,0
Arrowhead,ws10,cell5_hilly,0,30,8557,3.22254,471,0.177377,3002,200,0
Arrowhead,ws10,cell6_barriers,0,1,8513,3.20597,471,0.177377,2991,200,0
Arrowhead,ws10,cell6_barriers,0,4,8452,3.183,471,0.177377,2915,200,0
Arrowhead,ws10,cell6_barriers,0,2,8514,3.20635,471,0.177377,2991,200,0
Arrowhead,ws10,cell6_barriers,0,3,8516,3.2071,471,0.177377,2911,200,0
Arrowhead,ws10,cell6_barriers,0,9,8361,3.14873,471,0.177377,2907,200,0
Arrowhead,ws10,cell6_barriers,0,8,8506,3.20333,471,0.177377,2980,200,0
Arrowhead,ws10,cell6_barriers,0,5,8545,3.21802,471,0.177377,2981,200,0
Arrowhead,ws10,cell6_barriers,0,7,8533,3.2135,471,0.177377,2974,200,0
Arrowhead,ws10,cell6_barriers,0,6,8536,3.21463,471,0.177377,2971,200,0
Arrowhead,ws10,cell6_barriers,0,10,8614,3.244,471,0.177377,2999,200,0
Arrowhead,ws10,cell6_barriers,0,12,8534,3.21388,471,0.177377,2945,200,0
Arrowhead,ws10,cell6_barriers,0,11,8522,3.20936,471,0.177377,2985,200,0
Arrowhead,ws10,cell6_barriers,0,13,8575,3.22932,471,0.177377,2959,200,0
Arrowhead,ws10,cell6_barriers,0,14,8556,3.22216,471,0.177377,2985,200,0
Arrowhead,ws10,cell6_barriers,0,17,8496,3.19957,471,0.177377,2911,200,0
Arrowhead,ws10,cell6_barriers,0,18,8486,3.1958,471,0.177377,2935,200,0
Arrowhead,ws10,cell6_barriers,0,15,8531,3.21275,471,0.177377,3020,200,0
Arrowhead,ws10,cell6_barriers,0,16,8540,3.21614,471,0.177377,2926,200,0
Arrowhead,ws10,cell6_barriers,0,19,8615,3.24438,471,0.177377,2987,200,0
Arrowhead,ws10,cell2_ground,2,1,418,0.157417,471,0.177377,183,200,0
Arrowhead,ws10,cell6_barriers,0,21,8445,3.18036,471,0.177377,2943,200,0
Arrowhead,ws10,cell6_barriers,0,23,8538,3.21538,471,0.177377,2999,200,0
Arrowhead,ws10,cell6_barriers,0,20,8548,3.21915,471,0.177377,2962,200,0
Arrowhead,ws10,cell2_ground,2,3,287,0.108083,471,0.177377,116,200,0
Arrowhead,ws10,cell6_barriers,0,22,8565,3.22555,471,0.177377,2957,200,0
Arrowhead,ws10,cell2_ground,2,4,251,0.0945258,471,0.177377,102,200,0
Arrowhead,ws10,cell6_barriers,0,28,8370,3.15211,471,0.177377,2928,200,0
Arrowhead,ws10,cell6_barriers,0,27,8500,3.20107,471,0.177377,2928,200,0
Arrowhead,ws10,cell2_ground,2,2,323,0.121641,471,0.177377,141,200,0
Arrowhead,ws10,cell2_ground,2,6,309,0.116368,471,0.177377,144,200,0
Arrowhead,ws10,cell6_barriers,0,24,8560,3.22367,471,0.177377,2957,200,0
Arrowhead,ws10,cell6_barriers,0,25,8502,3.20183,471,0.177377,2965,200,0
Arrowhead,ws10,cell2_ground,2,8,315,0.118628,471,0.177377,139,200,0
Arrowhead,ws10,cell2_ground,2,9,181,0.068164,471,0.177377,83,200,0
Arrowhead,ws10,cell2_ground,2,5,369,0.138964,471,0.177377,166,200,0
Arrowhead,ws10,cell2_ground,2,10,318,0.119758,471,0.177377,144,200,0
Arrowhead,ws10,cell6_barriers,0,26,8498,3.20032,471,0.177377,2924,200,0
Arrowhead,ws10,cell6_barriers,0,29,8543,3.21727,471,0.177377,2934,200,0
Arrowhead,ws10,cell2_ground,2,7,268,0.100928,471,0.177377,119,200,0
Arrowhead,ws10,cell6_barriers,0,30,8553,3.22103,471,0.177377,2996,200,0
Arrowhead,ws10,cell2_ground,2,16,278,0.104694,471,0.177377,119,200,0
Arrowhead,ws10,cell2_ground,2,12,401,0.151015,471,0.177377,149,200,0
Arrowhead,ws10,cell2_ground,2,14,365,0.137458,471,0.177377,169,200,0
Arrowhead,ws10,cell2_ground,2,11,337,0.126913,471,0.177377,140,200,0
Arrowhead,ws10,cell2_ground,2,13,349,0.131432,471,0.177377,151,200,0
Arrowhead,ws10,cell2_ground,2,15,366,0.137834,471,0.177377,172,200,0
Arrowhead,ws10,cell2_ground,2,18,223,0.0839811,471,0.177377,92,200,0
Arrowhead,ws10,cell2_ground,2,20,280,0.105447,471,0.177377,130,200,0
Arrowhead,ws10,cell2_ground,2,22,513,0.193194,471,0.177377,208,200,0
Arrowhead,ws10,cell2_ground,2,17,258,0.097162,471,0.177377,103,200,0
Arrowhead,ws25,none,0,1,13126,4.94321,0,0.0,5674,200,0
Arrowhead,ws25,none,0,2,13202,4.97183,0,0.0,5743,200,0
Arrowhead,ws25,none,0,3,13043,4.91195,0,0.0,5688,200,0
Arrowhead,ws25,none,0,4,12847,4.83814,0,0.0,5513,200,0
Arrowhead,ws25,none,0,6,12959,4.88032,0,0.0,5592,200,0
Arrowhead,ws25,none,0,5,12977,4.8871,0,0.0,5597,200,0
Arrowhead,ws10,cell2_ground,2,19,323,0.121641,471,0.177377,139,200,0
Arrowhead,ws25,none,0,7,12857,4.8419,0,0.0,5464,200,0
Arrowhead,ws25,none,0,8,13083,4.92702,0,0.0,5617,200,0
Arrowhead,ws25,none,0,9,12708,4.78579,0,0.0,5428,200,0
Arrowhead,ws10,cell2_ground,2,25,317,0.119381,471,0.177377,139,200,0
Arrowhead,ws25,none,0,10,12779,4.81253,0,0.0,5471,200,0
Arrowhead,ws25,none,0,11,13202,4.97183,0,0.0,5743,200,0
Arrowhead,ws10,cell2_ground,2,23,367,0.138211,471,0.177377,172,200,0
Arrowhead,ws25,none,0,12,13246,4.9884,0,0.0,5759,200,0
Arrowhead,ws25,none,0,13,12879,4.85019,0,0.0,5541,200,0
Arrowhead,ws10,cell2_ground,2,27,231,0.0869939,471,0.177377,80,200,0
Arrowhead,ws25,none,0,14,13052,4.91534,0,0.0,5660,200,0
Arrowhead,ws25,none,0,15,13132,4.94547,0,0.0,5674,200,0
Arrowhead,ws25,none,0,16,12926,4.86789,0,0.0,5567,200,0
Arrowhead,ws10,cell2_ground,2,21,251,0.0945258,471,0.177377,110,200,0
Arrowhead,ws25,none,0,17,12949,4.87655,0,0.0,5547,200,0
Arrowhead,ws25,none,0,21,12701,4.78316,0,0.0,5365,200,0
Arrowhead,ws25,none,0,18,12848,4.83852,0,0.0,5497,200,0
Arrowhead,ws25,none,0,22,13265,4.99556,0,0.0,5795,200,0
Arrowhead,ws25,none,0,19,12779,4.81253,0,0.0,5471,200,0
Arrowhead,ws25,none,0,20,12749,4.80123,0,0.0,5401,200,0
Arrowhead,ws25,none,0,23,13132,4.94547,0,0.0,5674,200,0
Arrowhead,ws25,none,0,24,13077,4.92476,0,0.0,5658,200,0
Arrowhead,ws25,none,0,27,12949,4.87655,0,0.0,5547,200,0
Arrowhead,ws25,none,0,25,13083,4.92702,0,0.0,5617,200,0
Arrowhead,ws25,none,0,26,12954,4.87843,0,0.0,5500,200,0
Arrowhead,ws10,cell2_ground,2,24,333,0.125407,471,0.177377,151,200,0
Arrowhead,ws25,none,0,28,12708,4.78579,0,0.0,5428,200,0
Arrowhead,ws25,none,0,29,12855,4.84115,0,0.0,5503,200,0
Arrowhead,ws25,none,0,30,13052,4.91534,0,0.0,5660,200,0
Arrowhead,ws25,random,0,1,13099,4.93304,471,0.177377,5646,200,0
Arrowhead,ws25,random,0,2,13202,4.97183,471,0.177377,5743,200,0
Arrowhead,ws25,random,0,3,12997,4.89463,471,0.177377,5632,200,0
Arrowhead,ws25,random,0,5,12977,4.8871,471,0.177377,5597,200,0
Arrowhead,ws25,random,0,4,12847,4.83814,471,0.177377,5513,200,0
Arrowhead,ws25,random,0,9,12708,4.78579,471,0.177377,5428,200,0
Arrowhead,ws25,random,0,10,12609,4.74851,471,0.177377,5338,200,0
Arrowhead,ws25,random,0,6,12773,4.81027,471,0.177377,5456,200,0
Arrowhead,ws25,random,0,7,12769,4.80876,471,0.177377,5455,200,0
Arrowhead,ws25,random,0,8,12470,4.69616,471,0.177377,5134,200,0
Arrowhead,ws10,cell2_ground,2,29,324,0.122017,471,0.177377,139,200,0
Arrowhead,ws25,random,0,12,13246,4.9884,471,0.177377,5759,200,0
Arrowhead,ws25,random,0,11,13202,4.97183,471,0.177377,5743,200,0
Arrowhead,ws25,random,0,14,12867,4.84567,471,0.177377,5567,200,0
Arrowhead,ws25,random,0,15,13048,4.91383,471,0.177377,5711,200,0
Arrowhead,ws25,random,0,13,11974,4.50937,471,0.177377,4927,200,0
Arrowhead,ws25,random,0,16,12602,4.74587,471,0.177377,5326,200,0
Arrowhead,ws25,random,0,17,12921,4.86601,471,0.177377,5537,200,0
Arrowhead,ws25,random,0,18,12767,4.80801,471,0.177377,5418,200,0
Arrowhead,ws25,random,0,19,12709,4.78617,471,0.177377,5422,200,0
Arrowhead,ws25,random,0,20,12385,4.66415,471,0.177377,5229,200,0
Arrowhead,ws25,random,0,22,13265,4.99556,471,0.177377,5795,200,0
Arrowhead,ws25,random,0,21,12436,4.68336,471,0.177377,5250,200,0
Arrowhead,ws25,random,0,25,13022,4.90404,471,0.177377,5591,200,0
Arrowhead,ws25,random,0,24,12960,4.88069,471,0.177377,5577,200,0
Arrowhead,ws25,random,0,23,13101,4.93379,471,0.177377,5657,200,0
Arrowhead,ws25,random,0,27,12941,4.87354,471,0.177377,5548,200,0
Arrowhead,ws25,random,0,26,12954,4.87843,471,0.177377,5500,200,0
Arrowhead,ws25,random,0,28,12608,4.74813,471,0.177377,5361,200,0
Arrowhead,ws25,random,0,29,12855,4.84115,471,0.177377,5503,200,0
Arrowhead,ws25,random,0,30,12849,4.83889,471,0.177377,5547,200,0
Arrowhead,ws10,cell2_ground,2,26,266,0.100175,471,0.177377,108,200,0
Arrowhead,ws10,cell2_ground,2,28,186,0.070047,471,0.177377,82,200,0
Arrowhead,ws10,cell2_ground,2,30,362,0.136328,471,0.177377,169,200,0
Arrowhead,ws25,proximity,0,7,38,0.0143107,471,0.177377,29,200,0
Arrowhead,ws25,proximity,0,2,168,0.0632683,471,0.177377,126,200,0
Arrowhead,ws25,proximity,0,6,194,0.0730598,471,0.177377,145,200,0
Arrowhead,ws25,proximity,0,1,32,0.0120511,471,0.177377,25,200,0
Arrowhead,ws25,proximity,0,4,162,0.0610087,471,0.177377,105,200,0
Arrowhead,ws25,proximity,0,3,89,0.0335171,471,0.177377,64,200,0
Arrowhead,ws25,proximity,0,5,242,0.0911364,471,0.177377,172,200,0
Arrowhead,ws25,proximity,0,9,117,0.0440618,471,0.177377,88,200,0
Arrowhead,ws25,proximity,0,13,155,0.0583725,471,0.177377,121,200,0
Arrowhead,ws25,proximity,0,10,193,0.0726832,471,0.177377,141,200,0
Arrowhead,ws25,proximity,0,8,194,0.0730598,471,0.177377,141,200,0
Arrowhead,ws25,proximity,0,14,51,0.0192064,471,0.177377,38,200,0
Arrowhead,ws25,proximity,0,12,168,0.0632683,471,0.177377,122,200,0
Arrowhead,ws25,proximity,0,11,225,0.0847343,471,0.177377,151,200,0
Arrowhead,ws25,proximity,0,15,242,0.0911364,471,0.177377,173,200,0
Arrowhead,ws25,proximity,0,21,136,0.0512172,471,0.177377,105,200,0
Arrowhead,ws25,proximity,0,24,176,0.066281,471,0.177377,135,200,0
Arrowhead,ws25,proximity,0,17,156,0.0587491,471,0.177377,111,200,0
Arrowhead,ws25,proximity,0,16,124,0.046698,471,0.177377,93,200,0
Arrowhead,ws25,proximity,0,25,121,0.0455682,471,0.177377,81,200,0
Arrowhead,ws25,proximity,0,18,136,0.0512172,471,0.177377,98,200,0
Arrowhead,ws25,proximity,0,27,143,0.0538533,471,0.177377,110,200,0
Arrowhead,ws25,proximity,0,19,187,0.0704236,471,0.177377,139,200,0
Arrowhead,ws25,proximity,0,20,180,0.0677874,471,0.177377,136,200,0
Arrowhead,ws25,proximity,0,22,171,0.064398,471,0.177377,120,200,0
Arrowhead,ws25,proximity,0,23,153,0.0576193,471,0.177377,100,200,0
Arrowhead,ws25,proximity,0,28,146,0.0549831,471,0.177377,94,200,0
Arrowhead,ws25,proximity,0,29,216,0.0813449,471,0.177377,155,200,0
Arrowhead,ws25,proximity,0,26,132,0.0497108,471,0.177377,102,200,0
Arrowhead,ws25,fuel_elevation,0,4,144,0.0542299,471,0.177377,96,200,0
Arrowhead,ws25,fuel_elevation,0,2,259,0.0975386,471,0.177377,170,200,0
Arrowhead,ws25,fuel_elevation,0,1,438,0.164949,471,0.177377,284,200,0
Arrowhead,ws25,fuel_elevation,0,9,126,0.0474512,471,0.177377,90,200,0
Arrowhead,ws25,proximity,0,30,271,0.102058,471,0.177377,181,200,0
Arrowhead,ws25,fuel_elevation,0,10,242,0.0911364,471,0.177377,158,200,0
Arrowhead,ws25,fuel_elevation,0,3,164,0.0617619,471,0.177377,114,200,0
Arrowhead,ws25,fuel_elevation,0,12,185,0.0696704,471,0.177377,127,200,0
Arrowhead,ws25,fuel_elevation,0,5,256,0.0964088,471,0.177377,167,200,0
Arrowhead,ws25,fuel_elevation,0,6,188,0.0708002,471,0.177377,123,200,0
Arrowhead,ws25,fuel_elevation,0,7,183,0.0689172,471,0.177377,125,200,0
Arrowhead,ws25,fuel_elevation,0,8,250,0.0941492,471,0.177377,162,200,0
Arrowhead,ws25,fuel_elevation,0,11,259,0.0975386,471,0.177377,170,200,0
Arrowhead,ws25,fuel_elevation,0,17,155,0.0583725,471,0.177377,106,200,0
Arrowhead,ws25,fuel_elevation,0,18,131,0.0493342,471,0.177377,95,200,0
Arrowhead,ws25,fuel_elevation,0,19,242,0.0911364,471,0.177377,158,200,0
Arrowhead,ws25,fuel_elevation,0,16,200,0.0753194,471,0.177377,132,200,0
Arrowhead,ws25,fuel_elevation,0,13,420,0.158171,471,0.177377,281,200,0
Arrowhead,ws25,fuel_elevation,0,24,192,0.0723066,471,0.177377,131,200,0
Arrowhead,ws25,fuel_elevation,0,25,250,0.0941492,471,0.177377,162,200,0
Arrowhead,ws25,fuel_elevation,0,22,172,0.0647746,471,0.177377,124,200,0
Arrowhead,ws25,fuel_elevation,0,20,202,0.0760725,471,0.177377,144,200,0
Arrowhead,ws25,fuel_elevation,0,21,170,0.0640215,471,0.177377,120,200,0
Arrowhead,ws25,fuel_elevation,0,26,171,0.064398,471,0.177377,114,200,0
Arrowhead,ws25,fuel_elevation,0,27,155,0.0583725,471,0.177377,106,200,0
Arrowhead,ws25,fuel_elevation,0,15,3326,1.25256,471,0.177377,1829,200,0
Arrowhead,ws25,fuel_elevation,0,28,126,0.0474512,471,0.177377,90,200,0
Arrowhead,ws25,neighbour_fuel,0,2,164,0.0617619,471,0.177377,117,200,0
Arrowhead,ws25,neighbour_fuel,0,5,240,0.0903832,471,0.177377,175,200,0
Arrowhead,ws25,neighbour_fuel,0,1,32,0.0120511,471,0.177377,26,200,0
Arrowhead,ws25,fuel_elevation,0,29,177,0.0666576,471,0.177377,114,200,0
Arrowhead,ws25,neighbour_fuel,0,8,168,0.0632683,471,0.177377,125,200,0
Arrowhead,ws25,neighbour_fuel,0,4,140,0.0527236,471,0.177377,100,200,0
Arrowhead,ws25,neighbour_fuel,0,3,163,0.0613853,471,0.177377,116,200,0
Arrowhead,ws25,neighbour_fuel,0,7,164,0.0617619,471,0.177377,116,200,0
Arrowhead,ws25,fuel_elevation,0,14,6618,2.49232,471,0.177377,3327,200,0
Arrowhead,ws25,neighbour_fuel,0,9,123,0.0463214,471,0.177377,93,200,0
Arrowhead,ws25,neighbour_fuel,0,6,205,0.0772023,471,0.177377,146,200,0
Arrowhead,ws25,fuel_elevation,0,23,3326,1.25256,471,0.177377,1829,200,0
Arrowhead,ws25,neighbour_fuel,0,11,201,0.0756959,471,0.177377,140,200,0
Arrowhead,ws25,neighbour_fuel,0,16,119,0.044815,471,0.177377,86,200,0
Arrowhead,ws25,neighbour_fuel,0,14,47,0.0177,471,0.177377,37,200,0
Arrowhead,ws25,neighbour_fuel,0,12,198,0.0745662,471,0.177377,144,200,0
Arrowhead,ws25,neighbour_fuel,0,17,152,0.0572427,471,0.177377,108,200,0
Arrowhead,ws25,neighbour_fuel,0,13,177,0.0666576,471,0.177377,124,200,0
Arrowhead,ws25,neighbour_fuel,0,18,135,0.0508406,471,0.177377,98,200,0
Arrowhead,ws25,neighbour_fuel,0,10,392,0.147626,471,0.177377,238,200,0
Arrowhead,ws25,neighbour_fuel,0,15,1044,0.393167,471,0.177377,527,200,0
Arrowhead,ws25,neighbour_fuel,0,21,146,0.0549831,471,0.177377,104,200,0
Arrowhead,ws25,neighbour_fuel,0,22,141,0.0531001,471,0.177377,107,200,0
Arrowhead,ws25,fuel_elevation,0,30,6618,2.49232,471,0.177377,3327,200,0
Arrowhead,ws25,neighbour_fuel,0,19,387,0.145743,471,0.177377,231,200,0
Arrowhead,ws25,neighbour_fuel,0,20,192,0.0723066,471,0.177377,138,200,0
Arrowhead,ws25,neighbour_fuel,0,28,136,0.0512172,471,0.177377,101,200,0
Arrowhead,ws25,neighbour_fuel,0,23,934,0.351741,471,0.177377,472,200,0
Arrowhead,ws25,neighbour_fuel,0,30,258,0.097162,471,0.177377,174,200,0
Arrowhead,ws25,neighbour_fuel,0,24,225,0.0847343,471,0.177377,159,200,0
Arrowhead,ws25,neighbour_fuel,0,25,117,0.0440618,471,0.177377,84,200,0
Arrowhead,ws25,shielded_ratio,0,2,165,0.0621385,471,0.177377,118,200,0
Arrowhead,ws25,neighbour_fuel,0,26,145,0.0546065,471,0.177377,105,200,0
Arrowhead,ws25,neighbour_fuel,0,29,203,0.0764491,471,0.177377,143,200,0
Arrowhead,ws25,neighbour_fuel,0,27,151,0.0568661,471,0.177377,109,200,0
Arrowhead,ws25,shielded_ratio,0,3,171,0.064398,471,0.177377,124,200,0
Arrowhead,ws25,shielded_ratio,0,4,142,0.0534767,471,0.177377,101,200,0
Arrowhead,ws25,shielded_ratio,0,7,189,0.0711768,471,0.177377,126,200,0
Arrowhead,ws25,shielded_ratio,0,5,71,0.0267384,471,0.177377,53,200,0
Arrowhead,ws25,shielded_ratio,0,8,177,0.0666576,471,0.177377,136,200,0
Arrowhead,ws25,shielded_ratio,0,14,47,0.0177,471,0.177377,37,200,0
Arrowhead,ws25,shielded_ratio,0,15,37,0.0139341,471,0.177377,30,200,0
Arrowhead,ws25,shielded_ratio,0,6,231,0.0869939,471,0.177377,160,200,0
Arrowhead,ws25,shielded_ratio,0,1,1275,0.480161,471,0.177377,631,200,0
Arrowhead,ws25,shielded_ratio,0,9,128,0.0482044,471,0.177377,94,200,0
Arrowhead,ws25,shielded_ratio,0,13,168,0.0632683,471,0.177377,115,200,0
Arrowhead,ws25,shielded_ratio,0,16,191,0.07193,471,0.177377,135,200,0
Arrowhead,ws25,shielded_ratio,0,11,161,0.0606321,471,0.177377,113,200,0
Arrowhead,ws25,shielded_ratio,0,12,356,0.134068,471,0.177377,219,200,0
Arrowhead,ws25,shielded_ratio,0,18,137,0.0515938,471,0.177377,99,200,0
Arrowhead,ws25,shielded_ratio,0,24,236,0.0888768,471,0.177377,165,200,0
Arrowhead,ws25,shielded_ratio,0,25,227,0.0854875,471,0.177377,147,200,0
Arrowhead,ws25,shielded_ratio,0,17,160,0.0602555,471,0.177377,115,200,0
Arrowhead,ws25,shielded_ratio,0,20,174,0.0655278,471,0.177377,124,200,0
Arrowhead,ws25,shielded_ratio,0,23,37,0.0139341,471,0.177377,30,200,0
Arrowhead,ws25,shielded_ratio,0,21,154,0.0579959,471,0.177377,108,200,0
Arrowhead,ws25,shielded_ratio,0,10,2892,1.08912,471,0.177377,1578,200,0
Arrowhead,ws25,shielded_ratio,0,22,161,0.0606321,471,0.177377,121,200,0
Arrowhead,ws25,shielded_ratio,0,28,137,0.0515938,471,0.177377,100,200,0
Arrowhead,ws25,shielded_ratio,0,26,155,0.0583725,471,0.177377,115,200,0
Arrowhead,ws25,shielded_ratio,0,29,217,0.0817215,471,0.177377,155,200,0
Arrowhead,ws25,shielded_ratio,0,27,151,0.0568661,471,0.177377,111,200,0
Arrowhead,ws25,open_anchor,0,5,140,0.0527236,471,0.177377,95,200,0
Arrowhead,ws25,shielded_ratio,0,19,3914,1.474,471,0.177377,2137,200,0
Arrowhead,ws25,open_anchor,0,3,91,0.0342703,471,0.177377,65,200,0
Arrowhead,ws25,open_anchor,0,1,34,0.0128043,471,0.177377,28,200,0
Arrowhead,ws25,open_anchor,0,7,219,0.0824747,471,0.177377,134,200,0
Arrowhead,ws25,open_anchor,0,2,123,0.0463214,471,0.177377,88,200,0
Arrowhead,ws25,open_anchor,0,8,119,0.044815,471,0.177377,91,200,0
Arrowhead,ws25,shielded_ratio,0,30,264,0.0994215,471,0.177377,174,200,0
Arrowhead,ws25,open_anchor,0,9,110,0.0414256,471,0.177377,89,200,0
Arrowhead,ws25,open_anchor,0,4,108,0.0406725,471,0.177377,84,200,0
Arrowhead,ws25,open_anchor,0,11,94,0.0354001,471,0.177377,65,200,0
Arrowhead,ws25,open_anchor,0,6,233,0.087747,471,0.177377,162,200,0
Arrowhead,ws25,open_anchor,0,17,94,0.0354001,471,0.177377,67,200,0
Arrowhead,ws25,open_anchor,0,10,231,0.0869939,471,0.177377,156,200,0
Arrowhead,ws25,open_anchor,0,19,231,0.0869939,471,0.177377,156,200,0
Arrowhead,ws25,open_anchor,0,15,788,0.296758,471,0.177377,377,200,0
Arrowhead,ws25,open_anchor,0,14,42,0.0158171,471,0.177377,33,200,0
Arrowhead,ws25,open_anchor,0,21,131,0.0493342,471,0.177377,104,200,0
Arrowhead,ws25,open_anchor,0,12,227,0.0854875,471,0.177377,150,200,0
Arrowhead,ws25,open_anchor,0,13,147,0.0553597,471,0.177377,112,200,0
Arrowhead,ws25,open_anchor,0,16,111,0.0418022,471,0.177377,83,200,0
Arrowhead,ws25,open_anchor,0,18,90,0.0338937,471,0.177377,73,200,0
Arrowhead,ws25,open_anchor,0,20,113,0.0425554,471,0.177377,86,200,0
Arrowhead,ws25,open_anchor,0,25,106,0.0399193,471,0.177377,79,200,0
Arrowhead,ws25,open_anchor,0,26,97,0.0365299,471,0.177377,75,200,0
Arrowhead,ws25,open_anchor,0,22,104,0.0391661,471,0.177377,77,200,0
Arrowhead,ws25,open_anchor,0,27,109,0.041049,471,0.177377,84,200,0
Arrowhead,ws25,open_anchor,0,29,211,0.0794619,471,0.177377,147,200,0
Arrowhead,ws25,open_anchor,0,24,245,0.0922662,471,0.177377,170,200,0
Arrowhead,ws25,open_anchor,0,28,75,0.0282448,471,0.177377,58,200,0
Arrowhead,ws25,fuel_flank,0,2,139,0.052347,471,0.177377,95,200,0
Arrowhead,ws25,open_anchor,0,30,274,0.103188,471,0.177377,180,200,0
Arrowhead,ws25,fuel_flank,0,4,196,0.073813,471,0.177377,123,200,0
Arrowhead,ws25,fuel_flank,0,3,89,0.0335171,471,0.177377,64,200,0
Arrowhead,ws25,fuel_flank,0,8,173,0.0651512,471,0.177377,130,200,0
Arrowhead,ws25,fuel_flank,0,1,32,0.0120511,471,0.177377,25,200,0
Arrowhead,ws25,open_anchor,0,23,5411,2.03777,471,0.177377,2790,200,0
Arrowhead,ws25,fuel_flank,0,12,248,0.093396,471,0.177377,160,200,0
Arrowhead,ws25,fuel_flank,0,5,190,0.0715534,471,0.177377,141,200,0
Arrowhead,ws25,fuel_flank,0,6,180,0.0677874,471,0.177377,133,200,0
Arrowhead,ws25,fuel_flank,0,11,771,0.290356,471,0.177377,439,200,0
Arrowhead,ws25,fuel_flank,0,7,38,0.0143107,471,0.177377,29,200,0
Arrowhead,ws25,fuel_flank,0,13,194,0.0730598,471,0.177377,150,200,0
Arrowhead,ws25,fuel_flank,0,9,113,0.0425554,471,0.177377,87,200,0
Arrowhead,ws25,fuel_flank,0,15,291,0.10959,471,0.177377,207,200,0
Arrowhead,ws25,fuel_flank,0,14,51,0.0192064,471,0.177377,38,200,0
Arrowhead,ws25,fuel_flank,0,10,247,0.0930194,471,0.177377,161,200,0
Arrowhead,ws25,fuel_flank,0,17,48,0.0180766,471,0.177377,39,200,0
Arrowhead,ws25,fuel_flank,0,21,141,0.0531001,471,0.177377,110,200,0
Arrowhead,ws25,fuel_flank,0,23,205,0.0772023,471,0.177377,128,200,0
Arrowhead,ws25,fuel_flank,0,25,121,0.0455682,471,0.177377,81,200,0
Arrowhead,ws25,fuel_flank,0,19,182,0.0685406,471,0.177377,136,200,0
Arrowhead,ws25,fuel_flank,0,16,143,0.0538533,471,0.177377,102,200,0
Arrowhead,ws25,fuel_flank,0,28,229,0.0862407,471,0.177377,152,200,0
Arrowhead,ws25,fuel_flank,0,24,211,0.0794619,471,0.177377,163,200,0
Arrowhead,ws25,cell1_baseline,0,1,33,0.0124277,471,0.177377,25,200,0
Arrowhead,ws25,fuel_flank,0,20,167,0.0628917,471,0.177377,125,200,0
Arrowhead,ws25,fuel_flank,0,30,294,0.110719,471,0.177377,185,200,0
Arrowhead,ws25,fuel_flank,0,26,140,0.0527236,471,0.177377,106,200,0
Arrowhead,ws25,fuel_flank,0,27,115,0.0433086,471,0.177377,85,200,0
Arrowhead,ws25,cell1_baseline,0,6,190,0.0715534,471,0.177377,142,200,0
Arrowhead,ws25,cell1_baseline,0,3,97,0.0365299,471,0.177377,67,200,0
Arrowhead,ws25,fuel_flank,0,22,3434,1.29323,471,0.177377,1765,200,0
Arrowhead,ws25,cell1_baseline,0,2,156,0.0587491,471,0.177377,117,200,0
Arrowhead,ws25,fuel_flank,0,18,4222,1.58999,471,0.177377,2093,200,0
Arrowhead,ws25,cell1_baseline,0,4,143,0.0538533,471,0.177377,102,200,0
Arrowhead,ws25,cell1_baseline,0,5,242,0.0911364,471,0.177377,171,200,0
Arrowhead,ws25,cell1_baseline,0,8,204,0.0768257,471,0.177377,152,200,0
Arrowhead,ws25,cell1_baseline,0,7,38,0.0143107,471,0.177377,29,200,0
Arrowhead,ws25,fuel_flank,0,29,248,0.093396,471,0.177377,167,200,0
Arrowhead,ws25,cell1_baseline,0,15,259,0.0975386,471,0.177377,176,200,0
Arrowhead,ws25,cell1_baseline,0,10,192,0.0723066,471,0.177377,139,200,0
Arrowhead,ws25,cell1_baseline,0,9,116,0.0436852,471,0.177377,87,200,0
Arrowhead,ws25,cell1_baseline,0,13,120,0.0451916,471,0.177377,92,200,0
Arrowhead,ws25,cell1_baseline,0,18,136,0.0512172,471,0.177377,99,200,0
Arrowhead,ws25,cell1_baseline,0,14,50,0.0188298,471,0.177377,37,200,0
Arrowhead,ws25,cell1_baseline,0,12,226,0.0851109,471,0.177377,146,200,0
Arrowhead,ws25,cell1_baseline,0,17,194,0.0730598,471,0.177377,142,200,0
Arrowhead,ws25,cell1_baseline,0,16,89,0.0335171,471,0.177377,67,200,0
Arrowhead,ws25,cell1_baseline,0,21,144,0.0542299,471,0.177377,104,200,0
Arrowhead,ws25,cell1_baseline,0,23,42,0.0158171,471,0.177377,34,200,0
Arrowhead,ws25,cell1_baseline,0,19,205,0.0772023,471,0.177377,145,200,0
Arrowhead,ws25,cell1_baseline,0,20,181,0.068164,471,0.177377,135,200,0
Arrowhead,ws25,cell1_baseline,0,28,125,0.0470746,471,0.177377,88,200,0
Arrowhead,ws25,cell1_baseline,0,11,5101,1.92102,471,0.177377,2616,200,0
Arrowhead,ws25,cell2_ground,0,1,32,0.0120511,471,0.177377,26,200,0
Arrowhead,ws25,cell1_baseline,0,22,153,0.0576193,471,0.177377,112,200,0
Arrowhead,ws25,cell1_baseline,0,30,250,0.0941492,471,0.177377,171,200,0
Arrowhead,ws25,cell1_baseline,0,25,112,0.0421788,471,0.177377,76,200,0
Arrowhead,ws25,cell1_baseline,0,24,190,0.0715534,471,0.177377,141,200,0
Arrowhead,ws25,cell1_baseline,0,26,99,0.0372831,471,0.177377,77,200,0
Arrowhead,ws25,cell1_baseline,0,27,144,0.0542299,471,0.177377,109,200,0
Arrowhead,ws25,cell2_ground,0,2,164,0.0617619,471,0.177377,117,200,0
Arrowhead,ws25,cell1_baseline,0,29,201,0.0756959,471,0.177377,143,200,0
Arrowhead,ws25,cell2_ground,0,5,240,0.0903832,471,0.177377,175,200,0
Arrowhead,ws25,cell2_ground,0,8,168,0.0632683,471,0.177377,125,200,0
Arrowhead,ws25,cell2_ground,0,6,205,0.0772023,471,0.177377,146,200,0
Arrowhead,ws25,cell2_ground,0,7,159,0.0598789,471,0.177377,112,200,0
Arrowhead,ws25,cell2_ground,0,4,139,0.052347,471,0.177377,100,200,0
Arrowhead,ws25,cell2_ground,0,3,163,0.0613853,471,0.177377,116,200,0
Arrowhead,ws25,cell2_ground,0,11,138,0.0519704,471,0.177377,96,200,0
Arrowhead,ws25,cell2_ground,0,13,177,0.0666576,471,0.177377,124,200,0
Arrowhead,ws25,cell2_ground,0,9,125,0.0470746,471,0.177377,94,200,0
Arrowhead,ws25,cell2_ground,0,10,356,0.134068,471,0.177377,212,200,0
Arrowhead,ws25,cell2_ground,0,16,118,0.0444384,471,0.177377,86,200,0
Arrowhead,ws25,cell2_ground,0,18,135,0.0508406,471,0.177377,98,200,0
Arrowhead,ws25,cell2_ground,0,14,47,0.0177,471,0.177377,37,200,0
Arrowhead,ws25,cell2_ground,0,12,198,0.0745662,471,0.177377,144,200,0
Arrowhead,ws25,cell2_ground,0,22,141,0.0531001,471,0.177377,107,200,0
Arrowhead,ws25,cell2_ground,0,17,152,0.0572427,471,0.177377,110,200,0
Arrowhead,ws25,cell2_ground,0,24,224,0.0843577,471,0.177377,159,200,0
Arrowhead,ws25,cell2_ground,0,27,151,0.0568661,471,0.177377,109,200,0
Arrowhead,ws25,cell2_ground,0,19,352,0.132562,471,0.177377,211,200,0
Arrowhead,ws25,cell2_ground,0,26,145,0.0546065,471,0.177377,105,200,0
Arrowhead,ws25,cell2_ground,0,20,181,0.068164,471,0.177377,136,200,0
Arrowhead,ws25,cell2_ground,0,21,142,0.0534767,471,0.177377,102,200,0
Arrowhead,ws25,cell2_ground,0,29,202,0.0760725,471,0.177377,143,200,0
Arrowhead,ws25,cell2_ground,0,15,1014,0.381869,471,0.177377,513,200,0
Arrowhead,ws25,cell2_ground,0,25,116,0.0436852,471,0.177377,83,200,0
Arrowhead,ws25,cell2_ground,0,28,136,0.0512172,471,0.177377,100,200,0
Arrowhead,ws25,cell2_ground,0,30,262,0.0986684,471,0.177377,176,200,0
Arrowhead,ws25,cell2_ground,0,23,1029,0.387518,471,0.177377,531,200,0
Arrowhead,ws25,cell3_lowonly,0,1,13051,4.91496,471,0.177377,5657,200,0
Arrowhead,ws25,cell3_lowonly,0,2,13120,4.94095,471,0.177377,5670,200,0
Arrowhead,ws25,cell3_lowonly,0,4,12782,4.81366,471,0.177377,5460,200,0
Arrowhead,ws25,cell3_lowonly,0,3,12963,4.88182,471,0.177377,5585,200,0
Arrowhead,ws25,cell3_lowonly,0,11,13153,4.95338,471,0.177377,5721,200,0
Arrowhead,ws25,cell3_lowonly,0,10,12676,4.77374,471,0.177377,5413,200,0
Arrowhead,ws25,cell3_lowonly,0,6,12874,4.84831,471,0.177377,5523,200,0
Arrowhead,ws25,cell3_lowonly,0,5,12894,4.85584,471,0.177377,5485,200,0
Arrowhead,ws25,cell3_lowonly,0,9,12574,4.73533,471,0.177377,5311,200,0
Arrowhead,ws25,cell3_lowonly,0,7,12720,4.79031,471,0.177377,5391,200,0
Arrowhead,ws25,cell3_lowonly,0,8,12979,4.88785,471,0.177377,5624,200,0
Arrowhead,ws25,cell3_lowonly,0,12,13166,4.95827,471,0.177377,5726,200,0
Arrowhead,ws25,cell3_lowonly,0,15,13056,4.91685,471,0.177377,5646,200,0
Arrowhead,ws25,cell3_lowonly,0,14,12991,4.89237,471,0.177377,5609,200,0
Arrowhead,ws25,cell3_lowonly,0,21,12607,4.74776,471,0.177377,5355,200,0
Arrowhead,ws25,cell3_lowonly,0,17,12864,4.84454,471,0.177377,5483,200,0
Arrowhead,ws25,cell3_lowonly,0,13,12771,4.80952,471,0.177377,5494,200,0
Arrowhead,ws25,cell3_lowonly,0,18,12774,4.81065,471,0.177377,5466,200,0
Arrowhead,ws25,cell3_lowonly,0,23,13063,4.91948,471,0.177377,5644,200,0
Arrowhead,ws25,cell3_lowonly,0,16,12843,4.83663,471,0.177377,5473,200,0
Arrowhead,ws25,cell3_lowonly,0,19,12650,4.76395,471,0.177377,5429,200,0
Arrowhead,ws25,cell3_lowonly,0,20,12656,4.76621,471,0.177377,5360,200,0
Arrowhead,ws25,cell3_lowonly,0,24,13012,4.90028,471,0.177377,5595,200,0
Arrowhead,ws25,cell3_lowonly,0,22,13171,4.96016,471,0.177377,5704,200,0
Arrowhead,ws25,cell4_highonly,0,5,104,0.0391661,471,0.177377,78,200,0
Arrowhead,ws25,cell4_highonly,0,3,95,0.0357767,471,0.177377,59,200,0
Arrowhead,ws25,cell4_highonly,0,2,95,0.0357767,471,0.177377,60,200,0
Arrowhead,ws25,cell4_highonly,0,1,1401,0.527612,471,0.177377,579,200,0
Arrowhead,ws25,cell4_highonly,0,4,78,0.0293745,471,0.177377,57,200,0
Arrowhead,ws25,cell4_highonly,0,7,78,0.0293745,471,0.177377,57,200,0
Arrowhead,ws25,cell4_highonly,0,6,86,0.0323873,471,0.177377,63,200,0
Arrowhead,ws25,cell4_highonly,0,10,98,0.0369065,471,0.177377,76,200,0
Arrowhead,ws25,cell4_highonly,0,9,78,0.0293745,471,0.177377,60,200,0
Arrowhead,ws25,cell4_highonly,0,8,74,0.0278682,471,0.177377,53,200,0
Arrowhead,ws25,cell4_highonly,0,12,48,0.0180766,471,0.177377,35,200,0
Arrowhead,ws25,cell4_highonly,0,11,91,0.0342703,471,0.177377,60,200,0
Arrowhead,ws25,cell4_highonly,0,14,93,0.0350235,471,0.177377,63,200,0
Arrowhead,ws25,cell3_lowonly,0,25,13039,4.91045,471,0.177377,5674,200,0
Arrowhead,ws25,cell4_highonly,0,15,84,0.0316341,471,0.177377,59,200,0
Arrowhead,ws25,cell3_lowonly,0,27,12829,4.83136,471,0.177377,5491,200,0
Arrowhead,ws25,cell4_highonly,0,13,263,0.0990449,471,0.177377,138,200,0
Arrowhead,ws25,cell4_highonly,0,17,79,0.0297511,471,0.177377,55,200,0
Arrowhead,ws25,cell4_highonly,0,19,282,0.1062,471,0.177377,149,200,0
Arrowhead,ws25,cell4_highonly,0,16,73,0.0274916,471,0.177377,54,200,0
Arrowhead,ws25,cell4_highonly,0,20,241,0.0907598,471,0.177377,146,200,0
Arrowhead,ws25,cell4_highonly,0,21,155,0.0583725,471,0.177377,92,200,0
Arrowhead,ws25,cell3_lowonly,0,26,12866,4.84529,471,0.177377,5544,200,0
Arrowhead,ws25,cell4_highonly,0,18,56,0.0210894,471,0.177377,43,200,0
Arrowhead,ws25,cell4_highonly,0,24,84,0.0316341,471,0.177377,59,200,0
Arrowhead,ws25,cell4_highonly,0,22,38,0.0143107,471,0.177377,29,200,0
Arrowhead,ws25,cell4_highonly,0,25,56,0.0210894,471,0.177377,40,200,0
Arrowhead,ws25,cell3_lowonly,0,29,12775,4.81102,471,0.177377,5453,200,0
Arrowhead,ws25,cell3_lowonly,0,28,12599,4.74474,471,0.177377,5317,200,0
Arrowhead,ws25,cell4_highonly,0,27,73,0.0274916,471,0.177377,53,200,0
Arrowhead,ws25,cell4_highonly,0,26,68,0.0256086,471,0.177377,49,200,0
Arrowhead,ws25,cell4_highonly,0,23,416,0.156664,471,0.177377,217,200,0
Arrowhead,ws25,cell4_highonly,0,28,54,0.0203362,471,0.177377,41,200,0
Arrowhead,ws25,cell4_highonly,0,29,86,0.0323873,471,0.177377,63,200,0
Arrowhead,ws25,cell4_highonly,0,30,96,0.0361533,471,0.177377,66,200,0
Arrowhead,ws25,cell3_lowonly,0,30,12985,4.89011,471,0.177377,5615,200,0
Arrowhead,ws25,cell5_hilly,0,3,13016,4.90178,471,0.177377,5628,200,0
Arrowhead,ws25,cell5_hilly,0,6,12914,4.86337,471,0.177377,5541,200,0
Arrowhead,ws25,cell5_hilly,0,7,12824,4.82948,471,0.177377,5494,200,0
Arrowhead,ws25,cell5_hilly,0,2,13188,4.96656,471,0.177377,5739,200,0
Arrowhead,ws25,cell5_hilly,0,1,13094,4.93116,471,0.177377,5672,200,0
Arrowhead,ws25,cell5_hilly,0,4,12817,4.82684,471,0.177377,5479,200,0
Arrowhead,ws25,cell5_hilly,0,5,12908,4.86111,471,0.177377,5517,200,0
Arrowhead,ws25,cell5_hilly,0,12,13222,4.97936,471,0.177377,5773,200,0
Arrowhead,ws25,cell5_hilly,0,9,12669,4.7711,471,0.177377,5374,200,0
Arrowhead,ws25,cell5_hilly,0,11,13189,4.96693,471,0.177377,5748,200,0
Arrowhead,ws25,cell5_hilly,0,10,12716,4.7888,471,0.177377,5465,200,0
Arrowhead,ws25,cell5_hilly,0,8,13059,4.91798,471,0.177377,5671,200,0
Arrowhead,ws25,cell5_hilly,0,13,12813,4.82533,471,0.177377,5512,200,0
Arrowhead,ws25,cell5_hilly,0,18,12816,4.82646,471,0.177377,5478,200,0
Arrowhead,ws25,cell5_hilly,0,14,13023,4.90442,471,0.177377,5599,200,0
Arrowhead,ws25,cell5_hilly,0,16,12890,4.85433,471,0.177377,5498,200,0
Arrowhead,ws25,cell5_hilly,0,15,13104,4.93492,471,0.177377,5666,200,0
Arrowhead,ws25,cell5_hilly,0,20,12686,4.77751,471,0.177377,5388,200,0
Arrowhead,ws25,cell5_hilly,0,17,12909,4.86149,471,0.177377,5576,200,0
Arrowhead,ws25,cell5_hilly,0,19,12716,4.7888,471,0.177377,5465,200,0
Arrowhead,ws25,cell5_hilly,0,23,13104,4.93492,471,0.177377,5666,200,0
Arrowhead,ws25,cell5_hilly,0,22,13231,4.98275,471,0.177377,5773,200,0
Arrowhead,ws25,cell5_hilly,0,21,12656,4.76621,471,0.177377,5410,200,0
Arrowhead,ws25,cell5_hilly,0,24,13042,4.91158,471,0.177377,5626,200,0
Arrowhead,ws25,cell5_hilly,0,25,13058,4.9176,471,0.177377,5637,200,0
Arrowhead,ws25,cell5_hilly,0,26,12915,4.86375,471,0.177377,5559,200,0
Arrowhead,ws25,cell5_hilly,0,28,12667,4.77035,471,0.177377,5402,200,0
Arrowhead,ws25,cell5_hilly,0,27,12910,4.86186,471,0.177377,5578,200,0
Arrowhead,ws25,cell6_barriers,0,1,13051,4.91496,471,0.177377,5657,200,0
Arrowhead,ws25,cell6_barriers,0,3,12963,4.88182,471,0.177377,5585,200,0
Arrowhead,ws25,cell5_hilly,0,29,12838,4.83475,471,0.177377,5488,200,0
Arrowhead,ws25,cell5_hilly,0,30,13031,4.90743,471,0.177377,5630,200,0
Arrowhead,ws25,cell6_barriers,0,4,12782,4.81366,471,0.177377,5460,200,0
Arrowhead,ws25,cell6_barriers,0,2,13120,4.94095,471,0.177377,5670,200,0
Arrowhead,ws25,cell6_barriers,0,5,12868,4.84605,471,0.177377,5489,200,0
Arrowhead,ws25,cell6_barriers,0,6,12874,4.84831,471,0.177377,5523,200,0
Arrowhead,ws25,cell6_barriers,0,7,12720,4.79031,471,0.177377,5391,200,0
Arrowhead,ws25,cell6_barriers,0,9,12574,4.73533,471,0.177377,5311,200,0
Arrowhead,ws25,cell6_barriers,0,8,12979,4.88785,471,0.177377,5624,200,0
Arrowhead,ws25,cell6_barriers,0,10,12676,4.77374,471,0.177377,5413,200,0
Arrowhead,ws25,cell6_barriers,0,11,13105,4.9353,471,0.177377,5670,200,0
Arrowhead,ws25,cell6_barriers,0,12,13166,4.95827,471,0.177377,5726,200,0
Arrowhead,ws25,cell6_barriers,0,13,12764,4.80688,471,0.177377,5533,200,0
Arrowhead,ws25,cell6_barriers,0,16,12843,4.83663,471,0.177377,5473,200,0
Arrowhead,ws25,cell6_barriers,0,15,13056,4.91685,471,0.177377,5646,200,0
Arrowhead,ws25,cell6_barriers,0,18,12774,4.81065,471,0.177377,5466,200,0
Arrowhead,ws25,cell6_barriers,0,17,12864,4.84454,471,0.177377,5483,200,0
Arrowhead,ws25,cell6_barriers,0,14,12991,4.89237,471,0.177377,5609,200,0
Arrowhead,ws25,cell6_barriers,0,19,12650,4.76395,471,0.177377,5429,200,0
Arrowhead,ws25,cell2_ground,2,1,369,0.138964,471,0.177377,168,200,0
Arrowhead,ws25,cell6_barriers,0,22,13026,4.90555,471,0.177377,5705,200,0
Arrowhead,ws25,cell6_barriers,0,23,13063,4.91948,471,0.177377,5644,200,0
Arrowhead,ws25,cell6_barriers,0,20,12656,4.76621,471,0.177377,5360,200,0
Arrowhead,ws25,cell6_barriers,0,21,12607,4.74776,471,0.177377,5355,200,0
Arrowhead,ws25,cell2_ground,2,4,254,0.0956556,471,0.177377,120,200,0
Arrowhead,ws25,cell2_ground,2,2,354,0.133315,471,0.177377,171,200,0
Arrowhead,ws25,cell2_ground,2,3,283,0.106577,471,0.177377,117,200,0
Arrowhead,ws25,cell6_barriers,0,24,13012,4.90028,471,0.177377,5595,200,0
Arrowhead,ws25,cell6_barriers,0,28,12599,4.74474,471,0.177377,5317,200,0
Arrowhead,ws25,cell2_ground,2,7,297,0.111849,471,0.177377,139,200,0
Arrowhead,ws25,cell6_barriers,0,29,12777,4.81178,471,0.177377,5474,200,0
Arrowhead,ws25,cell2_ground,2,5,366,0.137834,471,0.177377,177,200,0
Arrowhead,ws25,cell2_ground,2,6,335,0.12616,471,0.177377,163,200,0
Arrowhead,ws25,cell2_ground,2,9,221,0.0832279,471,0.177377,103,200,0
Arrowhead,ws25,cell2_ground,2,10,312,0.117498,471,0.177377,151,200,0
Arrowhead,ws25,cell6_barriers,0,26,12866,4.84529,471,0.177377,5544,200,0
Arrowhead,ws25,cell2_ground,2,8,323,0.121641,471,0.177377,159,200,0
Arrowhead,ws25,cell6_barriers,0,25,13039,4.91045,471,0.177377,5674,200,0
Arrowhead,ws25,cell2_ground,2,13,347,0.130679,471,0.177377,162,200,0
Arrowhead,ws25,cell6_barriers,0,27,12829,4.83136,471,0.177377,5491,200,0
Arrowhead,ws25,cell2_ground,2,16,307,0.115615,471,0.177377,148,200,0
Arrowhead,ws25,cell2_ground,2,14,367,0.138211,471,0.177377,180,200,0
Arrowhead,ws25,cell2_ground,2,11,351,0.132185,471,0.177377,161,200,0
Arrowhead,ws25,cell2_ground,2,12,335,0.12616,471,0.177377,161,200,0
Arrowhead,ws25,cell6_barriers,0,30,12907,4.86073,471,0.177377,5511,200,0
Arrowhead,ws25,cell2_ground,2,15,432,0.16269,471,0.177377,194,200,0
Arrowhead,ws25,cell2_ground,2,19,313,0.117875,471,0.177377,151,200,0
Arrowhead,ws25,cell2_ground,2,21,277,0.104317,471,0.177377,142,200,0
Arrowhead,ws25,cell2_ground,2,17,258,0.097162,471,0.177377,115,200,0
Arrowhead,ws25,cell2_ground,2,20,300,0.112979,471,0.177377,153,200,0
Arrowhead,ws43,none,0,1,14678,5.52769,0,0.0,6587,200,0
Arrowhead,ws25,cell2_ground,2,22,467,0.175871,471,0.177377,149,200,0
Arrowhead,ws43,none,0,2,14721,5.54388,0,0.0,6582,200,0
Arrowhead,ws25,cell2_ground,2,18,244,0.0918896,471,0.177377,111,200,0
Arrowhead,ws43,none,0,4,14473,5.45048,0,0.0,6338,200,0
Arrowhead,ws43,none,0,3,14707,5.53861,0,0.0,6516,200,0
Arrowhead,ws43,none,0,5,14498,5.4599,0,0.0,6481,200,0
Arrowhead,ws43,none,0,7,14435,5.43617,0,0.0,6323,200,0
Arrowhead,ws43,none,0,8,14653,5.51827,0,0.0,6557,200,0
Arrowhead,ws43,none,0,6,14508,5.46367,0,0.0,6461,200,0
Arrowhead,ws43,none,0,9,14324,5.39437,0,0.0,6249,200,0
Arrowhead,ws43,none,0,10,14356,5.40642,0,0.0,6431,200,0
Arrowhead,ws43,none,0,11,14721,5.54388,0,0.0,6582,200,0
Arrowhead,ws43,none,0,12,14777,5.56497,0,0.0,6608,200,0
Arrowhead,ws43,none,0,13,14427,5.43316,0,0.0,6475,200,0
Arrowhead,ws43,none,0,15,14672,5.52543,0,0.0,6628,200,0
Arrowhead,ws43,none,0,14,14596,5.49681,0,0.0,6557,200,0
Arrowhead,ws43,none,0,17,14606,5.50057,0,0.0,6447,200,0
Arrowhead,ws43,none,0,18,14472,5.45011,0,0.0,6382,200,0
Arrowhead,ws43,none,0,16,14557,5.48212,0,0.0,6452,200,0
Arrowhead,ws43,none,0,19,14356,5.40642,0,0.0,6431,200,0
Arrowhead,ws43,none,0,20,14340,5.4004,0,0.0,6378,200,0
Arrowhead,ws43,none,0,21,14333,5.39776,0,0.0,6286,200,0
Arrowhead,ws43,none,0,22,14825,5.58305,0,0.0,6616,200,0
Arrowhead,ws25,cell2_ground,2,23,385,0.14499,471,0.177377,177,200,0
Arrowhead,ws25,cell2_ground,2,24,354,0.133315,471,0.177377,167,200,0
Arrowhead,ws43,none,0,24,14602,5.49907,0,0.0,6528,200,0
Arrowhead,ws43,none,0,25,14653,5.51827,0,0.0,6557,200,0
Arrowhead,ws43,none,0,23,14672,5.52543,0,0.0,6628,200,0
Arrowhead,ws43,none,0,29,14434,5.4358,0,0.0,6450,200,0
Arrowhead,ws43,none,0,30,14596,5.49681,0,0.0,6557,200,0
Arrowhead,ws43,none,0,26,14572,5.48777,0,0.0,6455,200,0
Arrowhead,ws43,none,0,28,14324,5.39437,0,0.0,6249,200,0
Arrowhead,ws43,none,0,27,14606,5.50057,0,0.0,6447,200,0
Arrowhead,ws25,cell2_ground,2,28,220,0.0828513,471,0.177377,102,200,0
Arrowhead,ws43,random,0,1,14298,5.38458,471,0.177377,6346,200,0
Arrowhead,ws43,random,0,3,14664,5.52242,471,0.177377,6412,200,0
Arrowhead,ws43,random,0,2,14721,5.54388,471,0.177377,6582,200,0
Arrowhead,ws43,random,0,4,14473,5.45048,471,0.177377,6338,200,0
Arrowhead,ws43,random,0,5,14498,5.4599,471,0.177377,6481,200,0
Arrowhead,ws43,random,0,8,13666,5.14657,471,0.177377,5958,200,0
Arrowhead,ws43,random,0,6,14465,5.44747,471,0.177377,6432,200,0
Arrowhead,ws25,cell2_ground,2,29,313,0.117875,471,0.177377,157,200,0
Arrowhead,ws43,random,0,7,14089,5.30587,471,0.177377,6086,200,0
Arrowhead,ws43,random,0,10,14203,5.3488,471,0.177377,6354,200,0
Arrowhead,ws43,random,0,9,14324,5.39437,471,0.177377,6249,200,0
Arrowhead,ws43,random,0,13,13020,4.90329,471,0.177377,5719,200,0
Arrowhead,ws43,random,0,12,14777,5.56497,471,0.177377,6608,200,0
Arrowhead,ws43,random,0,15,14613,5.50321,471,0.177377,6514,200,0
Arrowhead,ws43,random,0,11,14700,5.53597,471,0.177377,6594,200,0
Arrowhead,ws43,random,0,17,14561,5.48363,471,0.177377,6439,200,0
Arrowhead,ws43,random,0,14,14227,5.35784,471,0.177377,6248,200,0
Arrowhead,ws43,random,0,16,14427,5.43316,471,0.177377,6357,200,0
Arrowhead,ws25,cell2_ground,2,26,285,0.10733,471,0.177377,131,200,0
Arrowhead,ws25,cell2_ground,2,25,322,0.121264,471,0.177377,163,200,0
Arrowhead,ws43,random,0,18,14412,5.42751,471,0.177377,6334,200,0
Arrowhead,ws43,random,0,19,14303,5.38646,471,0.177377,6416,200,0
Arrowhead,ws43,random,0,20,14151,5.32922,471,0.177377,6341,200,0
Arrowhead,ws43,random,0,21,14236,5.36123,471,0.177377,6227,200,0
Arrowhead,ws43,random,0,23,14660,5.52091,471,0.177377,6626,200,0
Arrowhead,ws43,random,0,22,14825,5.58305,471,0.177377,6616,200,0
Arrowhead,ws43,random,0,25,14546,5.47798,471,0.177377,6453,200,0
Arrowhead,ws43,random,0,28,13977,5.26369,471,0.177377,6027,200,0
Arrowhead,ws43,random,0,24,14534,5.47346,471,0.177377,6503,200,0
Arrowhead,ws43,random,0,29,14434,5.4358,471,0.177377,6450,200,0
Arrowhead,ws43,random,0,26,14572,5.48777,471,0.177377,6455,200,0
Arrowhead,ws43,random,0,27,14569,5.48664,471,0.177377,6474,200,0
Arrowhead,ws43,random,0,30,14472,5.45011,471,0.177377,6370,200,0
Arrowhead,ws25,cell2_ground,2,27,257,0.0967854,471,0.177377,115,200,0
Arrowhead,ws25,cell2_ground,2,30,365,0.137458,471,0.177377,180,200,0
Arrowhead,ws43,proximity,0,6,17,0.00640214,471,0.177377,16,200,0
Arrowhead,ws43,proximity,0,9,106,0.0399193,471,0.177377,86,200,0
Arrowhead,ws43,proximity,0,8,230,0.0866173,471,0.177377,161,200,0
Arrowhead,ws43,proximity,0,2,464,0.174741,471,0.177377,287,200,0
Arrowhead,ws43,proximity,0,4,188,0.0708002,471,0.177377,129,200,0
Arrowhead,ws43,proximity,0,3,214,0.0805917,471,0.177377,151,200,0
Arrowhead,ws43,proximity,0,7,157,0.0591257,471,0.177377,114,200,0
Arrowhead,ws43,proximity,0,5,232,0.0873704,471,0.177377,174,200,0
Arrowhead,ws43,proximity,0,10,142,0.0534767,471,0.177377,95,200,0
Arrowhead,ws43,proximity,0,1,257,0.0967854,471,0.177377,198,200,0
Arrowhead,ws43,proximity,0,11,286,0.107707,471,0.177377,194,200,0
Arrowhead,ws43,proximity,0,13,213,0.0802151,471,0.177377,163,200,0
Arrowhead,ws43,proximity,0,15,260,0.0979152,471,0.177377,198,200,0
Arrowhead,ws43,proximity,0,12,18,0.00677874,471,0.177377,16,200,0
Arrowhead,ws43,proximity,0,16,218,0.0820981,471,0.177377,154,200,0
Arrowhead,ws43,proximity,0,17,36,0.0135575,471,0.177377,30,200,0
Arrowhead,ws43,proximity,0,20,120,0.0451916,471,0.177377,82,200,0
Arrowhead,ws43,proximity,0,18,146,0.0549831,471,0.177377,111,200,0
Arrowhead,ws43,proximity,0,21,162,0.0610087,471,0.177377,118,200,0
Arrowhead,ws43,proximity,0,14,2250,0.847343,471,0.177377,1396,200,0
Arrowhead,ws43,proximity,0,22,168,0.0632683,471,0.177377,128,200,0
Arrowhead,ws43,proximity,0,26,25,0.00941492,471,0.177377,21,200,0
Arrowhead,ws43,proximity,0,19,321,0.120888,471,0.177377,235,200,0
Arrowhead,ws43,proximity,0,27,167,0.0628917,471,0.177377,128,200,0
Arrowhead,ws43,fuel_elevation,0,2,146,0.0549831,471,0.177377,104,200,0
Arrowhead,ws43,proximity,0,28,24,0.00903832,471,0.177377,20,200,0
Arrowhead,ws43,proximity,0,29,206,0.0775789,471,0.177377,149,200,0
Arrowhead,ws43,fuel_elevation,0,3,207,0.0779555,471,0.177377,148,200,0
Arrowhead,ws43,fuel_elevation,0,4,185,0.0696704,471,0.177377,128,200,0
Arrowhead,ws43,fuel_elevation,0,5,151,0.0568661,471,0.177377,100,200,0
Arrowhead,ws43,proximity,0,30,273,0.102811,471,0.177377,195,200,0
Arrowhead,ws43,proximity,0,24,4100,1.54405,471,0.177377,2392,200,0
Arrowhead,ws43,proximity,0,23,7373,2.77665,471,0.177377,4044,200,0
Arrowhead,ws43,fuel_elevation,0,11,146,0.0549831,471,0.177377,104,200,0
Arrowhead,ws43,fuel_elevation,0,6,115,0.0433086,471,0.177377,80,200,0
Arrowhead,ws43,fuel_elevation,0,10,139,0.052347,471,0.177377,91,200,0
Arrowhead,ws43,fuel_elevation,0,7,193,0.0726832,471,0.177377,140,200,0
Arrowhead,ws43,fuel_elevation,0,14,167,0.0628917,471,0.177377,119,200,0
Arrowhead,ws43,fuel_elevation,0,9,157,0.0591257,471,0.177377,118,200,0
Arrowhead,ws43,proximity,0,25,6718,2.52998,471,0.177377,3545,200,0
Arrowhead,ws43,fuel_elevation,0,12,116,0.0436852,471,0.177377,84,200,0
Arrowhead,ws43,fuel_elevation,0,18,152,0.0572427,471,0.177377,109,200,0
Arrowhead,ws43,fuel_elevation,0,13,325,0.122394,471,0.177377,209,200,0
Arrowhead,ws43,fuel_elevation,0,16,208,0.0783321,471,0.177377,150,200,0
Arrowhead,ws43,fuel_elevation,0,21,196,0.073813,471,0.177377,131,200,0
Arrowhead,ws43,fuel_elevation,0,20,228,0.0858641,471,0.177377,163,200,0
Arrowhead,ws43,fuel_elevation,0,22,73,0.0274916,471,0.177377,62,200,0
Arrowhead,ws43,fuel_elevation,0,19,139,0.052347,471,0.177377,91,200,0
Arrowhead,ws43,fuel_elevation,0,24,278,0.104694,471,0.177377,198,200,0
Arrowhead,ws43,fuel_elevation,0,1,5698,2.14585,471,0.177377,3061,200,0
Arrowhead,ws43,fuel_elevation,0,29,187,0.0704236,471,0.177377,122,200,0
Arrowhead,ws43,fuel_elevation,0,26,210,0.0790853,471,0.177377,140,200,0
Arrowhead,ws43,fuel_elevation,0,28,157,0.0591257,471,0.177377,118,200,0
Arrowhead,ws43,fuel_elevation,0,30,167,0.0628917,471,0.177377,119,200,0
Arrowhead,ws43,fuel_elevation,0,15,7926,2.98491,471,0.177377,3821,200,0
Arrowhead,ws43,fuel_elevation,0,8,6859,2.58308,471,0.177377,3449,200,0
Arrowhead,ws43,neighbour_fuel,0,3,90,0.0338937,471,0.177377,70,200,0
Arrowhead,ws43,neighbour_fuel,0,4,170,0.0640215,471,0.177377,119,200,0
Arrowhead,ws43,neighbour_fuel,0,2,242,0.0911364,471,0.177377,148,200,0
Arrowhead,ws43,neighbour_fuel,0,6,20,0.00753194,471,0.177377,18,200,0
Arrowhead,ws43,fuel_elevation,0,17,6894,2.59626,471,0.177377,3529,200,0
Arrowhead,ws43,fuel_elevation,0,27,6885,2.59287,471,0.177377,3527,200,0
Arrowhead,ws43,fuel_elevation,0,25,6859,2.58308,471,0.177377,3449,200,0
Arrowhead,ws43,neighbour_fuel,0,7,176,0.066281,471,0.177377,125,200,0
Arrowhead,ws43,neighbour_fuel,0,8,175,0.0659044,471,0.177377,126,200,0
Arrowhead,ws43,fuel_elevation,0,23,7926,2.98491,471,0.177377,3821,200,0
Arrowhead,ws43,neighbour_fuel,0,12,21,0.00790853,471,0.177377,18,200,0
Arrowhead,ws43,neighbour_fuel,0,9,153,0.0576193,471,0.177377,114,200,0
Arrowhead,ws43,neighbour_fuel,0,13,204,0.0768257,471,0.177377,141,200,0
Arrowhead,ws43,neighbour_fuel,0,10,215,0.0809683,471,0.177377,158,200,0
Arrowhead,ws43,neighbour_fuel,0,11,210,0.0790853,471,0.177377,138,200,0
Arrowhead,ws43,neighbour_fuel,0,18,144,0.0542299,471,0.177377,109,200,0
Arrowhead,ws43,neighbour_fuel,0,5,6599,2.48516,471,0.177377,3351,200,0
Arrowhead,ws43,neighbour_fuel,0,17,74,0.0278682,471,0.177377,53,200,0
Arrowhead,ws43,neighbour_fuel,0,15,29,0.0109213,471,0.177377,25,200,0
Arrowhead,ws43,neighbour_fuel,0,1,5616,2.11497,471,0.177377,2908,200,0
Arrowhead,ws43,neighbour_fuel,0,21,204,0.0768257,471,0.177377,144,200,0
Arrowhead,ws43,neighbour_fuel,0,16,204,0.0768257,471,0.177377,144,200,0
Arrowhead,ws43,neighbour_fuel,0,19,238,0.08963,471,0.177377,161,200,0
Arrowhead,ws43,neighbour_fuel,0,20,157,0.0591257,471,0.177377,113,200,0
Arrowhead,ws43,neighbour_fuel,0,24,17,0.00640214,471,0.177377,15,200,0
Arrowhead,ws43,neighbour_fuel,0,26,191,0.07193,471,0.177377,133,200,0
Arrowhead,ws43,neighbour_fuel,0,22,198,0.0745662,471,0.177377,147,200,0
Arrowhead,ws43,neighbour_fuel,0,27,165,0.0621385,471,0.177377,122,200,0
Arrowhead,ws43,shielded_ratio,0,1,28,0.0105447,471,0.177377,23,200,0
Arrowhead,ws43,neighbour_fuel,0,29,187,0.0704236,471,0.177377,137,200,0
Arrowhead,ws43,neighbour_fuel,0,25,496,0.186792,471,0.177377,261,200,0
Arrowhead,ws43,neighbour_fuel,0,28,160,0.0602555,471,0.177377,118,200,0
Arrowhead,ws43,neighbour_fuel,0,30,181,0.068164,471,0.177377,130,200,0
Arrowhead,ws43,shielded_ratio,0,6,229,0.0862407,471,0.177377,142,200,0
Arrowhead,ws43,shielded_ratio,0,3,88,0.0331405,471,0.177377,69,200,0
Arrowhead,ws43,shielded_ratio,0,2,211,0.0794619,471,0.177377,140,200,0
Arrowhead,ws43,shielded_ratio,0,7,177,0.0666576,471,0.177377,125,200,0
Arrowhead,ws43,shielded_ratio,0,8,501,0.188675,471,0.177377,258,200,0
Arrowhead,ws43,neighbour_fuel,0,14,7417,2.79322,471,0.177377,3790,200,0
Arrowhead,ws43,shielded_ratio,0,12,21,0.00790853,471,0.177377,18,200,0
Arrowhead,ws43,shielded_ratio,0,9,189,0.0711768,471,0.177377,128,200,0
Arrowhead,ws43,shielded_ratio,0,4,3159,1.18967,471,0.177377,1680,200,0
Arrowhead,ws43,shielded_ratio,0,10,218,0.0820981,471,0.177377,162,200,0
Arrowhead,ws43,shielded_ratio,0,15,30,0.0112979,471,0.177377,25,200,0
Arrowhead,ws43,shielded_ratio,0,11,122,0.0459448,471,0.177377,94,200,0
Arrowhead,ws43,shielded_ratio,0,16,290,0.109213,471,0.177377,172,200,0
Arrowhead,ws43,shielded_ratio,0,13,218,0.0820981,471,0.177377,153,200,0
Arrowhead,ws43,shielded_ratio,0,17,75,0.0282448,471,0.177377,51,200,0
Arrowhead,ws43,neighbour_fuel,0,23,8053,3.03273,471,0.177377,3895,200,0
Arrowhead,ws43,shielded_ratio,0,20,158,0.0595023,471,0.177377,113,200,0
Arrowhead,ws43,shielded_ratio,0,18,115,0.0433086,471,0.177377,84,200,0
Arrowhead,ws43,shielded_ratio,0,19,245,0.0922662,471,0.177377,175,200,0
Arrowhead,ws43,shielded_ratio,0,21,171,0.064398,471,0.177377,124,200,0
Arrowhead,ws43,shielded_ratio,0,22,151,0.0568661,471,0.177377,109,200,0
Arrowhead,ws43,shielded_ratio,0,26,98,0.0369065,471,0.177377,78,200,0
Arrowhead,ws43,shielded_ratio,0,23,31,0.0116745,471,0.177377,26,200,0
Arrowhead,ws43,shielded_ratio,0,5,5073,1.91048,471,0.177377,2639,200,0
Arrowhead,ws43,shielded_ratio,0,29,272,0.102434,471,0.177377,155,200,0
Arrowhead,ws43,shielded_ratio,0,14,7474,2.81468,471,0.177377,3762,200,0
Arrowhead,ws43,shielded_ratio,0,27,109,0.041049,471,0.177377,72,200,0
Arrowhead,ws43,shielded_ratio,0,30,181,0.068164,471,0.177377,122,200,0
Arrowhead,ws43,shielded_ratio,0,25,235,0.0885002,471,0.177377,150,200,0
Arrowhead,ws43,open_anchor,0,3,49,0.0184532,471,0.177377,45,200,0
Arrowhead,ws43,open_anchor,0,1,29,0.0109213,471,0.177377,26,200,0
Arrowhead,ws43,open_anchor,0,6,219,0.0824747,471,0.177377,127,200,0
Arrowhead,ws43,shielded_ratio,0,28,412,0.155158,471,0.177377,226,200,0
Arrowhead,ws43,open_anchor,0,7,176,0.066281,471,0.177377,124,200,0
Arrowhead,ws43,open_anchor,0,2,180,0.0677874,471,0.177377,120,200,0
Arrowhead,ws43,open_anchor,0,9,112,0.0421788,471,0.177377,85,200,0
Arrowhead,ws43,open_anchor,0,8,287,0.108083,471,0.177377,165,200,0
Arrowhead,ws43,open_anchor,0,11,178,0.0670342,471,0.177377,108,200,0
Arrowhead,ws43,open_anchor,0,13,178,0.0670342,471,0.177377,119,200,0
Arrowhead,ws43,open_anchor,0,17,27,0.0101681,471,0.177377,24,200,0
Arrowhead,ws43,open_anchor,0,10,179,0.0674108,471,0.177377,117,200,0
Arrowhead,ws43,open_anchor,0,12,21,0.00790853,471,0.177377,18,200,0
Arrowhead,ws43,open_anchor,0,14,27,0.0101681,471,0.177377,22,200,0
Arrowhead,ws43,open_anchor,0,15,28,0.0105447,471,0.177377,24,200,0
Arrowhead,ws43,shielded_ratio,0,24,5568,2.09689,471,0.177377,3013,200,0
Arrowhead,ws43,open_anchor,0,18,120,0.0451916,471,0.177377,89,200,0
Arrowhead,ws43,open_anchor,0,16,143,0.0538533,471,0.177377,106,200,0
Arrowhead,ws43,open_anchor,0,19,180,0.0677874,471,0.177377,124,200,0
Arrowhead,ws43,open_anchor,0,21,168,0.0632683,471,0.177377,127,200,0
Arrowhead,ws43,open_anchor,0,20,121,0.0455682,471,0.177377,82,200,0
Arrowhead,ws43,open_anchor,0,24,24,0.00903832,471,0.177377,20,200,0
Arrowhead,ws43,open_anchor,0,26,26,0.00979152,471,0.177377,21,200,0
Arrowhead,ws43,open_anchor,0,22,33,0.0124277,471,0.177377,26,200,0
Arrowhead,ws43,open_anchor,0,27,108,0.0406725,471,0.177377,81,200,0
Arrowhead,ws43,open_anchor,0,25,68,0.0256086,471,0.177377,47,200,0
Arrowhead,ws43,open_anchor,0,23,27,0.0101681,471,0.177377,24,200,0
Arrowhead,ws43,open_anchor,0,30,27,0.0101681,471,0.177377,22,200,0
Arrowhead,ws43,open_anchor,0,29,168,0.0632683,471,0.177377,122,200,0
Arrowhead,ws43,open_anchor,0,4,5427,2.04379,471,0.177377,2849,200,0
Arrowhead,ws43,open_anchor,0,28,139,0.052347,471,0.177377,103,200,0
Arrowhead,ws43,fuel_flank,0,6,18,0.00677874,471,0.177377,17,200,0
Arrowhead,ws43,fuel_flank,0,8,86,0.0323873,471,0.177377,64,200,0
Arrowhead,ws43,fuel_flank,0,9,77,0.028998,471,0.177377,60,200,0
Arrowhead,ws43,fuel_flank,0,4,297,0.111849,471,0.177377,180,200,0
Arrowhead,ws43,open_anchor,0,5,7545,2.84142,471,0.177377,3860,200,0
Arrowhead,ws43,fuel_flank,0,1,28,0.0105447,471,0.177377,23,200,0
Arrowhead,ws43,fuel_flank,0,3,20,0.00753194,471,0.177377,17,200,0
Arrowhead,ws43,fuel_flank,0,2,99,0.0372831,471,0.177377,70,200,0
Arrowhead,ws43,fuel_flank,0,12,19,0.00715534,471,0.177377,17,200,0
Arrowhead,ws43,fuel_flank,0,7,133,0.0500874,471,0.177377,93,200,0
Arrowhead,ws43,fuel_flank,0,13,294,0.110719,471,0.177377,193,200,0
Arrowhead,ws43,fuel_flank,0,14,58,0.0218426,471,0.177377,45,200,0
Arrowhead,ws43,fuel_flank,0,5,848,0.319354,471,0.177377,576,200,0
Arrowhead,ws43,fuel_flank,0,15,419,0.157794,471,0.177377,262,200,0
Arrowhead,ws43,fuel_flank,0,10,160,0.0602555,471,0.177377,100,200,0
Arrowhead,ws43,fuel_flank,0,20,137,0.0515938,471,0.177377,88,200,0
Arrowhead,ws43,fuel_flank,0,22,43,0.0161937,471,0.177377,34,200,0
Arrowhead,ws43,fuel_flank,0,21,222,0.0836045,471,0.177377,160,200,0
Arrowhead,ws43,fuel_flank,0,16,149,0.0561129,471,0.177377,101,200,0
Arrowhead,ws43,fuel_flank,0,17,37,0.0139341,471,0.177377,30,200,0
Arrowhead,ws43,fuel_flank,0,18,77,0.028998,471,0.177377,60,200,0
Arrowhead,ws43,fuel_flank,0,26,26,0.00979152,471,0.177377,21,200,0
Arrowhead,ws43,fuel_flank,0,19,291,0.10959,471,0.177377,184,200,0
Arrowhead,ws43,fuel_flank,0,23,106,0.0399193,471,0.177377,93,200,0
Arrowhead,ws43,fuel_flank,0,29,151,0.0568661,471,0.177377,114,200,0
Arrowhead,ws43,fuel_flank,0,28,25,0.00941492,471,0.177377,22,200,0
Arrowhead,ws43,cell1_baseline,0,3,213,0.0802151,471,0.177377,156,200,0
Arrowhead,ws43,cell1_baseline,0,6,19,0.00715534,471,0.177377,17,200,0
Arrowhead,ws43,fuel_flank,0,30,279,0.10507,471,0.177377,193,200,0
Arrowhead,ws43,cell1_baseline,0,4,183,0.0689172,471,0.177377,133,200,0
Arrowhead,ws43,cell1_baseline,0,8,212,0.0798385,471,0.177377,157,200,0
Arrowhead,ws43,cell1_baseline,0,5,273,0.102811,471,0.177377,187,200,0
Arrowhead,ws43,cell1_baseline,0,9,109,0.041049,471,0.177377,85,200,0
Arrowhead,ws43,cell1_baseline,0,7,167,0.0628917,471,0.177377,124,200,0
Arrowhead,ws43,fuel_flank,0,11,8537,3.21501,471,0.177377,4356,200,0
Arrowhead,ws43,cell1_baseline,0,2,4440,1.67209,471,0.177377,2255,200,0
Arrowhead,ws43,fuel_flank,0,25,7729,2.91072,471,0.177377,3796,200,0
Arrowhead,ws43,fuel_flank,0,24,2973,1.11962,471,0.177377,1708,200,0
Arrowhead,ws43,cell1_baseline,0,12,18,0.00677874,471,0.177377,16,200,0
Arrowhead,ws43,fuel_flank,0,27,3471,1.30717,471,0.177377,1918,200,0
Arrowhead,ws43,cell1_baseline,0,10,185,0.0696704,471,0.177377,134,200,0
Arrowhead,ws43,cell1_baseline,0,18,147,0.0553597,471,0.177377,113,200,0
Arrowhead,ws43,cell1_baseline,0,11,361,0.135951,471,0.177377,224,200,0
Arrowhead,ws43,cell1_baseline,0,17,37,0.0139341,471,0.177377,30,200,0
Arrowhead,ws43,cell1_baseline,0,15,271,0.102058,471,0.177377,196,200,0
Arrowhead,ws43,cell1_baseline,0,20,144,0.0542299,471,0.177377,96,200,0
Arrowhead,ws43,cell1_baseline,0,16,209,0.0787087,471,0.177377,151,200,0
Arrowhead,ws43,cell1_baseline,0,19,199,0.0749428,471,0.177377,143,200,0
Arrowhead,ws43,cell1_baseline,0,21,173,0.0651512,471,0.177377,128,200,0
Arrowhead,ws43,cell1_baseline,0,26,24,0.00903832,471,0.177377,20,200,0
Arrowhead,ws43,cell1_baseline,0,22,187,0.0704236,471,0.177377,139,200,0
Arrowhead,ws43,cell1_baseline,0,25,242,0.0911364,471,0.177377,152,200,0
Arrowhead,ws43,cell1_baseline,0,1,7869,2.96344,471,0.177377,4025,200,0
Arrowhead,ws43,cell1_baseline,0,29,216,0.0813449,471,0.177377,152,200,0
Arrowhead,ws43,cell1_baseline,0,27,144,0.0542299,471,0.177377,107,200,0
Arrowhead,ws43,cell2_ground,0,3,90,0.0338937,471,0.177377,71,200,0
Arrowhead,ws43,cell2_ground,0,4,173,0.0651512,471,0.177377,121,200,0
Arrowhead,ws43,cell1_baseline,0,14,6790,2.55709,471,0.177377,3293,200,0
Arrowhead,ws43,cell1_baseline,0,28,525,0.197713,471,0.177377,278,200,0
Arrowhead,ws43,cell2_ground,0,2,214,0.0805917,471,0.177377,141,200,0
Arrowhead,ws43,cell2_ground,0,7,176,0.066281,471,0.177377,125,200,0
Arrowhead,ws43,cell2_ground,0,8,176,0.066281,471,0.177377,127,200,0
Arrowhead,ws43,cell2_ground,0,1,592,0.222945,471,0.177377,324,200,0
Arrowhead,ws43,cell2_ground,0,6,20,0.00753194,471,0.177377,18,200,0
Arrowhead,ws43,cell2_ground,0,12,21,0.00790853,471,0.177377,18,200,0
Arrowhead,ws43,cell1_baseline,0,23,5252,1.97789,471,0.177377,2902,200,0
Arrowhead,ws43,cell1_baseline,0,13,6046,2.2769,471,0.177377,3369,200,0
Arrowhead,ws43,cell2_ground,0,9,151,0.0568661,471,0.177377,112,200,0
Arrowhead,ws43,cell2_ground,0,10,219,0.0824747,471,0.177377,159,200,0
Arrowhead,ws43,cell2_ground,0,13,214,0.0805917,471,0.177377,148,200,0
Arrowhead,ws43,cell2_ground,0,11,212,0.0798385,471,0.177377,138,200,0
Arrowhead,ws43,cell2_ground,0,16,207,0.0779555,471,0.177377,148,200,0
Arrowhead,ws43,cell2_ground,0,15,29,0.0109213,471,0.177377,25,200,0
Arrowhead,ws43,cell2_ground,0,17,73,0.0274916,471,0.177377,53,200,0
Arrowhead,ws43,cell2_ground,0,19,238,0.08963,471,0.177377,161,200,0
Arrowhead,ws43,cell2_ground,0,14,298,0.112226,471,0.177377,206,200,0
Arrowhead,ws43,cell2_ground,0,5,6265,2.35938,471,0.177377,3209,200,0
Arrowhead,ws43,cell2_ground,0,18,144,0.0542299,471,0.177377,108,200,0
Arrowhead,ws43,cell1_baseline,0,24,8130,3.06173,471,0.177377,3960,200,0
Arrowhead,ws43,cell2_ground,0,21,190,0.0715534,471,0.177377,135,200,0
Arrowhead,ws43,cell2_ground,0,20,157,0.0591257,471,0.177377,113,200,0
Arrowhead,ws43,cell2_ground,0,24,17,0.00640214,471,0.177377,15,200,0
Arrowhead,ws43,cell2_ground,0,26,190,0.0715534,471,0.177377,133,200,0
Arrowhead,ws43,cell2_ground,0,28,158,0.0595023,471,0.177377,115,200,0
Arrowhead,ws43,cell2_ground,0,22,187,0.0704236,471,0.177377,140,200,0
Arrowhead,ws43,cell2_ground,0,29,188,0.0708002,471,0.177377,135,200,0
Arrowhead,ws43,cell1_baseline,0,30,7076,2.6648,471,0.177377,3672,200,0
Arrowhead,ws43,cell2_ground,0,30,206,0.0775789,471,0.177377,151,200,0
Arrowhead,ws43,cell2_ground,0,25,371,0.139717,471,0.177377,201,200,0
Arrowhead,ws43,cell2_ground,0,27,165,0.0621385,471,0.177377,122,200,0
Arrowhead,ws43,cell2_ground,0,23,6182,2.32812,471,0.177377,3278,200,0
Arrowhead,ws43,cell3_lowonly,0,1,14594,5.49605,471,0.177377,6536,200,0
Arrowhead,ws43,cell3_lowonly,0,4,14384,5.41697,471,0.177377,6311,200,0
Arrowhead,ws43,cell3_lowonly,0,9,14208,5.35069,471,0.177377,6218,200,0
Arrowhead,ws43,cell3_lowonly,0,5,14390,5.41923,471,0.177377,6419,200,0
Arrowhead,ws43,cell3_lowonly,0,3,14592,5.4953,471,0.177377,6473,200,0
Arrowhead,ws43,cell3_lowonly,0,2,14627,5.50848,471,0.177377,6552,200,0
Arrowhead,ws43,cell3_lowonly,0,7,14266,5.37253,471,0.177377,6280,200,0
Arrowhead,ws43,cell3_lowonly,0,6,14429,5.43391,471,0.177377,6457,200,0
Arrowhead,ws43,cell3_lowonly,0,8,14562,5.484,471,0.177377,6470,200,0
Arrowhead,ws43,cell3_lowonly,0,10,14256,5.36876,471,0.177377,6364,200,0
Arrowhead,ws43,cell3_lowonly,0,11,14625,5.50773,471,0.177377,6547,200,0
Arrowhead,ws43,cell3_lowonly,0,12,14708,5.53899,471,0.177377,6546,200,0
Arrowhead,ws43,cell3_lowonly,0,13,14160,5.33261,471,0.177377,6280,200,0
Arrowhead,ws43,cell3_lowonly,0,15,14538,5.47496,471,0.177377,6590,200,0
Arrowhead,ws43,cell3_lowonly,0,14,14445,5.43994,471,0.177377,6459,200,0
Arrowhead,ws43,cell3_lowonly,0,16,14416,5.42902,471,0.177377,6390,200,0
Arrowhead,ws43,cell3_lowonly,0,17,14493,5.45802,471,0.177377,6404,200,0
Arrowhead,ws43,cell3_lowonly,0,21,14233,5.3601,471,0.177377,6279,200,0
Arrowhead,ws43,cell3_lowonly,0,18,14364,5.40944,471,0.177377,6303,200,0
Arrowhead,ws43,cell3_lowonly,0,20,14201,5.34805,471,0.177377,6279,200,0
Arrowhead,ws43,cell3_lowonly,0,23,14554,5.48099,471,0.177377,6546,200,0
Arrowhead,ws43,cell3_lowonly,0,19,14269,5.37366,471,0.177377,6384,200,0
Arrowhead,ws43,cell4_highonly,0,1,20,0.00753194,471,0.177377,17,200,0
Arrowhead,ws43,cell3_lowonly,0,22,14769,5.56196,471,0.177377,6591,200,0
Arrowhead,ws43,cell4_highonly,0,3,21,0.00790853,471,0.177377,18,200,0
Arrowhead,ws43,cell4_highonly,0,2,21,0.00790853,471,0.177377,18,200,0
Arrowhead,ws43,cell4_highonly,0,5,47,0.0177,471,0.177377,38,200,0
Arrowhead,ws43,cell4_highonly,0,8,37,0.0139341,471,0.177377,28,200,0
Arrowhead,ws43,cell4_highonly,0,7,65,0.0244788,471,0.177377,50,200,0
Arrowhead,ws43,cell4_highonly,0,4,71,0.0267384,471,0.177377,53,200,0
Arrowhead,ws43,cell4_highonly,0,6,37,0.0139341,471,0.177377,30,200,0
Arrowhead,ws43,cell4_highonly,0,9,56,0.0210894,471,0.177377,45,200,0
Arrowhead,ws43,cell4_highonly,0,11,21,0.00790853,471,0.177377,18,200,0
Arrowhead,ws43,cell4_highonly,0,10,65,0.0244788,471,0.177377,50,200,0
Arrowhead,ws43,cell3_lowonly,0,28,14227,5.35784,471,0.177377,6255,200,0
Arrowhead,ws43,cell3_lowonly,0,24,14519,5.46781,471,0.177377,6518,200,0
Arrowhead,ws43,cell3_lowonly,0,25,14493,5.45802,471,0.177377,6416,200,0
Arrowhead,ws43,cell4_highonly,0,12,21,0.00790853,471,0.177377,18,200,0
Arrowhead,ws43,cell4_highonly,0,16,49,0.0184532,471,0.177377,37,200,0
Arrowhead,ws43,cell4_highonly,0,15,21,0.00790853,471,0.177377,18,200,0
Arrowhead,ws43,cell4_highonly,0,14,21,0.00790853,471,0.177377,18,200,0
Arrowhead,ws43,cell4_highonly,0,13,58,0.0218426,471,0.177377,45,200,0
Arrowhead,ws43,cell3_lowonly,0,27,14532,5.4727,471,0.177377,6420,200,0
Arrowhead,ws43,cell4_highonly,0,17,54,0.0203362,471,0.177377,43,200,0
Arrowhead,ws43,cell3_lowonly,0,26,14492,5.45764,471,0.177377,6343,200,0
Arrowhead,ws43,cell4_highonly,0,18,70,0.0263618,471,0.177377,52,200,0
Arrowhead,ws43,cell4_highonly,0,21,122,0.0459448,471,0.177377,79,200,0
Arrowhead,ws43,cell4_highonly,0,24,20,0.00753194,471,0.177377,17,200,0
Arrowhead,ws43,cell4_highonly,0,26,72,0.027115,471,0.177377,54,200,0
Arrowhead,ws43,cell4_highonly,0,19,66,0.0248554,471,0.177377,49,200,0
Arrowhead,ws43,cell3_lowonly,0,29,14291,5.38194,471,0.177377,6433,200,0
Arrowhead,ws43,cell4_highonly,0,20,65,0.0244788,471,0.177377,51,200,0
Arrowhead,ws43,cell4_highonly,0,22,20,0.00753194,471,0.177377,18,200,0
Arrowhead,ws43,cell4_highonly,0,23,21,0.00790853,471,0.177377,18,200,0
Arrowhead,ws43,cell4_highonly,0,25,35,0.0131809,471,0.177377,27,200,0
Arrowhead,ws43,cell4_highonly,0,27,53,0.0199596,471,0.177377,42,200,0
Arrowhead,ws43,cell4_highonly,0,30,21,0.00790853,471,0.177377,18,200,0
Arrowhead,ws43,cell4_highonly,0,28,57,0.021466,471,0.177377,46,200,0
Arrowhead,ws43,cell4_highonly,0,29,87,0.0327639,471,0.177377,64,200,0
Arrowhead,ws43,cell3_lowonly,0,30,14468,5.4486,471,0.177377,6490,200,0
Arrowhead,ws43,cell5_hilly,0,8,14618,5.50509,471,0.177377,6517,200,0
Arrowhead,ws43,cell5_hilly,0,2,14692,5.53296,471,0.177377,6647,200,0
Arrowhead,ws43,cell5_hilly,0,11,14687,5.53108,471,0.177377,6568,200,0
Arrowhead,ws43,cell5_hilly,0,4,14423,5.43166,471,0.177377,6364,200,0
Arrowhead,ws43,cell5_hilly,0,5,14454,5.44333,471,0.177377,6492,200,0
Arrowhead,ws43,cell5_hilly,0,9,14270,5.37404,471,0.177377,6240,200,0
Arrowhead,ws43,cell5_hilly,0,1,14605,5.5002,471,0.177377,6618,200,0
Arrowhead,ws43,cell5_hilly,0,10,14299,5.38496,471,0.177377,6412,200,0
Arrowhead,ws43,cell5_hilly,0,3,14674,5.52618,471,0.177377,6568,200,0
Arrowhead,ws43,cell5_hilly,0,7,14312,5.38985,471,0.177377,6346,200,0
Arrowhead,ws43,cell5_hilly,0,6,14466,5.44785,471,0.177377,6461,200,0
Arrowhead,ws43,cell5_hilly,0,12,14744,5.55254,471,0.177377,6649,200,0
Arrowhead,ws43,cell5_hilly,0,18,14424,5.43203,471,0.177377,6360,200,0
Arrowhead,ws43,cell5_hilly,0,13,14370,5.4117,471,0.177377,6427,200,0
Arrowhead,ws43,cell5_hilly,0,16,14485,5.455,471,0.177377,6429,200,0
Arrowhead,ws43,cell5_hilly,0,21,14288,5.38081,471,0.177377,6323,200,0
Arrowhead,ws43,cell5_hilly,0,20,14268,5.37328,471,0.177377,6332,200,0
Arrowhead,ws43,cell5_hilly,0,14,14547,5.47835,471,0.177377,6498,200,0
Arrowhead,ws43,cell5_hilly,0,15,14614,5.50359,471,0.177377,6577,200,0
Arrowhead,ws43,cell5_hilly,0,17,14562,5.484,471,0.177377,6435,200,0
Arrowhead,ws43,cell5_hilly,0,19,14293,5.3827,471,0.177377,6399,200,0
Arrowhead,ws43,cell5_hilly,0,23,14582,5.49153,471,0.177377,6605,200,0
Arrowhead,ws43,cell5_hilly,0,22,14801,5.57401,471,0.177377,6626,200,0
Arrowhead,ws43,cell5_hilly,0,24,14570,5.48702,471,0.177377,6540,200,0
Arrowhead,ws43,cell5_hilly,0,28,14273,5.37517,471,0.177377,6263,200,0
Arrowhead,ws43,cell5_hilly,0,27,14563,5.48438,471,0.177377,6432,200,0
Arrowhead,ws43,cell5_hilly,0,29,14331,5.39701,471,0.177377,6428,200,0
Arrowhead,ws43,cell6_barriers,0,2,14627,5.50848,471,0.177377,6552,200,0
Arrowhead,ws43,cell5_hilly,0,26,14526,5.47044,471,0.177377,6404,200,0
Arrowhead,ws43,cell5_hilly,0,25,14575,5.4889,471,0.177377,6463,200,0
Arrowhead,ws43,cell6_barriers,0,3,14592,5.4953,471,0.177377,6473,200,0
Arrowhead,ws43,cell5_hilly,0,30,14548,5.47873,471,0.177377,6522,200,0
Arrowhead,ws43,cell6_barriers,0,1,14594,5.49605,471,0.177377,6565,200,0
Arrowhead,ws43,cell6_barriers,0,4,14384,5.41697,471,0.177377,6311,200,0
Arrowhead,ws43,cell6_barriers,0,5,14396,5.42149,471,0.177377,6428,200,0
Arrowhead,ws43,cell6_barriers,0,6,14429,5.43391,471,0.177377,6457,200,0
Arrowhead,ws43,cell6_barriers,0,7,14346,5.40266,471,0.177377,6378,200,0
Arrowhead,ws43,cell6_barriers,0,9,14208,5.35069,471,0.177377,6218,200,0
Arrowhead,ws43,cell6_barriers,0,10,14273,5.37517,471,0.177377,6378,200,0
Arrowhead,ws43,cell6_barriers,0,8,14562,5.484,471,0.177377,6470,200,0
Arrowhead,ws43,cell6_barriers,0,11,14631,5.50999,471,0.177377,6586,200,0
Arrowhead,ws43,cell6_barriers,0,13,14345,5.40228,471,0.177377,6402,200,0
Arrowhead,ws43,cell6_barriers,0,12,14708,5.53899,471,0.177377,6546,200,0
Arrowhead,ws43,cell6_barriers,0,14,14501,5.46103,471,0.177377,6482,200,0
Arrowhead,ws43,cell6_barriers,0,18,14364,5.40944,471,0.177377,6303,200,0
Arrowhead,ws43,cell6_barriers,0,17,14493,5.45802,471,0.177377,6404,200,0
Arrowhead,ws43,cell6_barriers,0,16,14485,5.455,471,0.177377,6409,200,0
Arrowhead,ws43,cell6_barriers,0,15,14578,5.49003,471,0.177377,6573,200,0
Arrowhead,ws43,cell6_barriers,0,19,14232,5.35973,471,0.177377,6343,200,0
Arrowhead,ws43,cell6_barriers,0,21,14233,5.3601,471,0.177377,6279,200,0
Arrowhead,ws43,cell2_ground,2,1,443,0.166832,471,0.177377,220,200,0
Arrowhead,ws43,cell6_barriers,0,20,14223,5.35634,471,0.177377,6300,200,0
Arrowhead,ws43,cell2_ground,2,2,411,0.154781,471,0.177377,186,200,0
Arrowhead,ws43,cell6_barriers,0,22,14769,5.56196,471,0.177377,6591,200,0
Arrowhead,ws43,cell2_ground,2,3,397,0.149509,471,0.177377,164,200,0
Arrowhead,ws43,cell2_ground,2,4,357,0.134445,471,0.177377,135,200,0
Arrowhead,ws43,cell2_ground,2,5,581,0.218803,471,0.177377,266,200,0
Arrowhead,ws43,cell6_barriers,0,25,14586,5.49304,471,0.177377,6575,200,0
Arrowhead,ws43,cell2_ground,2,9,325,0.122394,471,0.177377,131,200,0
Arrowhead,ws43,cell2_ground,2,6,353,0.132939,471,0.177377,171,200,0
Arrowhead,ws43,cell6_barriers,0,24,14519,5.46781,471,0.177377,6518,200,0
Arrowhead,ws43,cell2_ground,2,7,337,0.126913,471,0.177377,148,200,0
Arrowhead,ws43,cell6_barriers,0,23,14581,5.49116,471,0.177377,6549,200,0
Arrowhead,ws43,cell2_ground,2,8,389,0.146496,471,0.177377,177,200,0
Arrowhead,ws43,cell6_barriers,0,27,14532,5.4727,471,0.177377,6420,200,0
Arrowhead,ws43,cell2_ground,2,10,2206,0.830773,471,0.177377,908,200,0
Arrowhead,ws43,cell6_barriers,0,26,14492,5.45764,471,0.177377,6343,200,0
Arrowhead,ws43,cell2_ground,2,11,411,0.154781,471,0.177377,186,200,0
Arrowhead,ws43,cell2_ground,2,12,409,0.154028,471,0.177377,175,200,0
Arrowhead,ws43,cell2_ground,2,18,334,0.125783,471,0.177377,142,200,0
Arrowhead,ws43,cell6_barriers,0,28,14230,5.35897,471,0.177377,6213,200,0
Arrowhead,ws43,cell2_ground,2,20,333,0.125407,471,0.177377,149,200,0
Arrowhead,ws43,cell2_ground,2,13,498,0.187545,471,0.177377,213,200,0
Arrowhead,ws43,cell6_barriers,0,30,14495,5.45877,471,0.177377,6468,200,0
Arrowhead,ws43,cell2_ground,2,19,374,0.140847,471,0.177377,163,200,0
Arrowhead,ws43,cell2_ground,2,16,365,0.137458,471,0.177377,163,200,0
Arrowhead,ws43,cell6_barriers,0,29,14338,5.39964,471,0.177377,6400,200,0
Arrowhead,ws43,cell2_ground,2,17,309,0.116368,471,0.177377,140,200,0
Arrowhead,ws43,cell2_ground,2,21,352,0.132562,471,0.177377,154,200,0
MicaCreek,ws10,none,0,1,26647,7.6483,0,0.0,14842,200,0
Arrowhead,ws43,cell2_ground,2,22,318,0.119758,471,0.177377,118,200,0
MicaCreek,ws10,none,0,2,26775,7.68504,0,0.0,14903,200,0
MicaCreek,ws10,none,0,3,26951,7.73556,0,0.0,14931,200,0
MicaCreek,ws10,none,0,4,27066,7.76857,0,0.0,15063,200,0
Arrowhead,ws43,cell2_ground,2,24,772,0.290733,471,0.177377,315,200,0
Arrowhead,ws43,cell2_ground,2,26,343,0.129173,471,0.177377,149,200,0
MicaCreek,ws10,none,0,5,26619,7.64027,0,0.0,14902,200,0
MicaCreek,ws10,none,0,7,27073,7.77058,0,0.0,15060,200,0
MicaCreek,ws10,none,0,8,26801,7.69251,0,0.0,14943,200,0
MicaCreek,ws10,none,0,6,26836,7.70255,0,0.0,14918,200,0
MicaCreek,ws10,none,0,10,27281,7.83028,0,0.0,15287,200,0
Arrowhead,ws43,cell2_ground,2,29,345,0.129926,471,0.177377,155,200,0
MicaCreek,ws10,none,0,11,26775,7.68504,0,0.0,14903,200,0
MicaCreek,ws10,none,0,9,27232,7.81621,0,0.0,15118,200,0
MicaCreek,ws10,none,0,12,26542,7.61817,0,0.0,14880,200,0
MicaCreek,ws10,none,0,14,26388,7.57397,0,0.0,14711,200,0
MicaCreek,ws10,none,0,13,26783,7.68734,0,0.0,14951,200,0
MicaCreek,ws10,none,0,15,26203,7.52087,0,0.0,14637,200,0
MicaCreek,ws10,none,0,16,26850,7.70657,0,0.0,14966,200,0
MicaCreek,ws10,none,0,18,27186,7.80301,0,0.0,15130,200,0
MicaCreek,ws10,none,0,19,27281,7.83028,0,0.0,15287,200,0
MicaCreek,ws10,none,0,17,27098,7.77775,0,0.0,15054,200,0
MicaCreek,ws10,none,0,20,27174,7.79957,0,0.0,15205,200,0
MicaCreek,ws10,none,0,22,26398,7.57684,0,0.0,14722,200,0
MicaCreek,ws10,none,0,23,26203,7.52087,0,0.0,14637,200,0
MicaCreek,ws10,none,0,21,27367,7.85496,0,0.0,15275,200,0
MicaCreek,ws10,none,0,25,26801,7.69251,0,0.0,14943,200,0
Arrowhead,ws43,cell2_ground,2,28,290,0.109213,471,0.177377,129,200,0
Arrowhead,ws43,cell2_ground,2,25,371,0.139717,471,0.177377,166,200,0
MicaCreek,ws10,none,0,24,26620,7.64056,0,0.0,14842,200,0
Arrowhead,ws43,cell2_ground,2,27,309,0.116368,471,0.177377,140,200,0
Arrowhead,ws43,cell2_ground,2,15,4016,1.51241,471,0.177377,1773,200,0
MicaCreek,ws10,none,0,26,27037,7.76024,0,0.0,15126,200,0
MicaCreek,ws10,none,0,27,27098,7.77775,0,0.0,15054,200,0
MicaCreek,ws10,none,0,28,27232,7.81621,0,0.0,15118,200,0
MicaCreek,ws10,none,0,30,26388,7.57397,0,0.0,14711,200,0
MicaCreek,ws10,none,0,29,26852,7.70714,0,0.0,15005,200,0
MicaCreek,ws10,random,0,1,26647,7.6483,471,0.135188,14842,200,0
MicaCreek,ws10,random,0,4,27037,7.76024,471,0.135188,15005,200,0
MicaCreek,ws10,random,0,2,26775,7.68504,471,0.135188,14903,200,0
MicaCreek,ws10,random,0,3,26947,7.73441,471,0.135188,14928,200,0
Arrowhead,ws43,cell2_ground,2,14,4252,1.60129,471,0.177377,1824,200,0
MicaCreek,ws10,random,0,5,26612,7.63826,471,0.135188,14897,200,0
MicaCreek,ws10,random,0,6,26836,7.70255,471,0.135188,14918,200,0
MicaCreek,ws10,random,0,9,27232,7.81621,471,0.135188,15118,200,0
MicaCreek,ws10,random,0,7,26989,7.74647,471,0.135188,14952,200,0
MicaCreek,ws10,random,0,8,26683,7.65864,471,0.135188,14784,200,0
MicaCreek,ws10,random,0,10,27226,7.81449,471,0.135188,15239,200,0
MicaCreek,ws10,random,0,11,26775,7.68504,471,0.135188,14903,200,0
MicaCreek,ws10,random,0,12,26483,7.60123,471,0.135188,14778,200,0
MicaCreek,ws10,random,0,13,26759,7.68045,471,0.135188,14946,200,0
MicaCreek,ws10,random,0,14,26296,7.54756,471,0.135188,14640,200,0
MicaCreek,ws10,random,0,16,26768,7.68303,471,0.135188,14884,200,0
MicaCreek,ws10,random,0,15,22110,6.34608,471,0.135188,11977,200,0
MicaCreek,ws10,random,0,18,27186,7.80301,471,0.135188,15130,200,0
MicaCreek,ws10,random,0,19,27270,7.82712,471,0.135188,15277,200,0
MicaCreek,ws10,random,0,20,25673,7.36874,471,0.135188,14205,200,0
MicaCreek,ws10,random,0,17,27070,7.76972,471,0.135188,15012,200,0
MicaCreek,ws10,random,0,22,26395,7.57598,471,0.135188,14700,200,0
MicaCreek,ws10,random,0,21,26659,7.65175,471,0.135188,14729,200,0
MicaCreek,ws10,random,0,25,26035,7.47265,471,0.135188,14446,200,0
MicaCreek,ws10,random,0,23,26195,7.51857,471,0.135188,14644,200,0
MicaCreek,ws10,random,0,27,27076,7.77144,471,0.135188,15040,200,0
MicaCreek,ws10,random,0,28,27179,7.801,471,0.135188,15019,200,0
MicaCreek,ws10,random,0,24,26574,7.62735,471,0.135188,14794,200,0
MicaCreek,ws10,random,0,30,26177,7.5134,471,0.135188,14572,200,0
MicaCreek,ws10,random,0,26,27008,7.75192,471,0.135188,15071,200,0
MicaCreek,ws10,random,0,29,26785,7.68791,471,0.135188,14931,200,0
Arrowhead,ws43,cell2_ground,2,30,4529,1.70561,471,0.177377,2022,200,0
MicaCreek,ws10,proximity,0,6,180,0.0516642,471,0.135188,126,200,0
MicaCreek,ws10,proximity,0,1,109,0.0312855,471,0.135188,68,200,0
Arrowhead,ws43,cell2_ground,2,23,9007,3.39201,471,0.177377,4114,200,0
MicaCreek,ws10,proximity,0,12,2572,0.738223,471,0.135188,1741,200,0
MicaCreek,ws10,proximity,0,8,7646,2.19458,471,0.135188,4985,200,0
MicaCreek,ws10,proximity,0,7,9862,2.83062,471,0.135188,6107,200,0
MicaCreek,ws10,proximity,0,13,7141,2.04963,471,0.135188,4364,200,0
MicaCreek,ws10,proximity,0,3,5902,1.69401,471,0.135188,3711,200,0
MicaCreek,ws10,proximity,0,11,6222,1.78586,471,0.135188,3997,200,0
MicaCreek,ws10,proximity,0,2,7038,2.02007,471,0.135188,4540,200,0
MicaCreek,ws10,proximity,0,16,83,0.0238229,471,0.135188,61,200,0
MicaCreek,ws10,proximity,0,22,45,0.012916,471,0.135188,45,200,0
MicaCreek,ws10,proximity,0,14,7691,2.20749,471,0.135188,4867,200,0
MicaCreek,ws10,proximity,0,15,5496,1.57748,471,0.135188,3716,200,0
MicaCreek,ws10,proximity,0,18,7005,2.0106,471,0.135188,4179,200,0
MicaCreek,ws10,proximity,0,5,16078,4.61476,471,0.135188,9716,200,0
MicaCreek,ws10,proximity,0,17,8859,2.54274,471,0.135188,5328,200,0
MicaCreek,ws10,proximity,0,23,8379,2.40497,471,0.135188,5307,200,0
MicaCreek,ws10,proximity,0,24,5905,1.69487,471,0.135188,3843,200,0
MicaCreek,ws10,proximity,0,29,170,0.0487939,471,0.135188,123,200,0
MicaCreek,ws10,proximity,0,25,6007,1.72415,471,0.135188,3807,200,0
MicaCreek,ws10,proximity,0,28,7269,2.08637,471,0.135188,4772,200,0
MicaCreek,ws10,proximity,0,20,13398,3.84554,471,0.135188,7977,200,0
MicaCreek,ws10,proximity,0,27,5250,1.50687,471,0.135188,3295,200,0
MicaCreek,ws10,fuel_elevation,0,2,63,0.0180825,471,0.135188,46,200,0
MicaCreek,ws10,fuel_elevation,0,3,34,0.00975879,471,0.135188,29,200,0
MicaCreek,ws10,proximity,0,4,24532,7.04125,471,0.135188,14265,200,0
MicaCreek,ws10,proximity,0,10,25249,7.24705,471,0.135188,14781,200,0
MicaCreek,ws10,fuel_elevation,0,8,25,0.00717558,471,0.135188,22,200,0
MicaCreek,ws10,proximity,0,30,10449,2.9991,471,0.135188,6620,200,0
MicaCreek,ws10,proximity,0,9,23932,6.86904,471,0.135188,14306,200,0
MicaCreek,ws10,fuel_elevation,0,11,64,0.0183695,471,0.135188,46,200,0
MicaCreek,ws10,fuel_elevation,0,12,18,0.00516642,471,0.135188,18,200,0
MicaCreek,ws10,proximity,0,21,18180,5.21808,471,0.135188,10876,200,0
MicaCreek,ws10,fuel_elevation,0,1,18443,5.29357,471,0.135188,10659,200,0
MicaCreek,ws10,fuel_elevation,0,16,32,0.00918474,471,0.135188,30,200,0
MicaCreek,ws10,fuel_elevation,0,17,45,0.012916,471,0.135188,35,200,0
MicaCreek,ws10,fuel_elevation,0,18,241,0.0691726,471,0.135188,184,200,0
MicaCreek,ws10,fuel_elevation,0,9,19709,5.65694,471,0.135188,11340,200,0
MicaCreek,ws10,proximity,0,26,24371,6.99504,471,0.135188,14453,200,0
MicaCreek,ws10,proximity,0,19,25009,7.17816,471,0.135188,14728,200,0
MicaCreek,ws10,fuel_elevation,0,22,5,0.00143512,471,0.135188,5,200,0
MicaCreek,ws10,fuel_elevation,0,6,24514,7.03608,471,0.135188,14271,200,0
MicaCreek,ws10,fuel_elevation,0,4,24211,6.94912,471,0.135188,13993,200,0
MicaCreek,ws10,fuel_elevation,0,25,25,0.00717558,471,0.135188,22,200,0
MicaCreek,ws10,fuel_elevation,0,5,22904,6.57398,471,0.135188,13414,200,0
MicaCreek,ws10,fuel_elevation,0,10,21358,6.13024,471,0.135188,12281,200,0
MicaCreek,ws10,fuel_elevation,0,26,44,0.012629,471,0.135188,38,200,0
MicaCreek,ws10,fuel_elevation,0,27,45,0.012916,471,0.135188,35,200,0
MicaCreek,ws10,fuel_elevation,0,7,25876,7.42701,471,0.135188,14968,200,0
MicaCreek,ws10,fuel_elevation,0,13,25214,7.237,471,0.135188,14574,200,0
MicaCreek,ws10,fuel_elevation,0,14,25003,7.17644,471,0.135188,14516,200,0
MicaCreek,ws10,neighbour_fuel,0,3,80,0.0229618,471,0.135188,54,200,0
MicaCreek,ws10,fuel_elevation,0,15,23406,6.71806,471,0.135188,13691,200,0
MicaCreek,ws10,neighbour_fuel,0,5,120,0.0344428,471,0.135188,91,200,0
MicaCreek,ws10,fuel_elevation,0,19,21358,6.13024,471,0.135188,12282,200,0
MicaCreek,ws10,neighbour_fuel,0,1,9551,2.74136,471,0.135188,6091,200,0
MicaCreek,ws10,fuel_elevation,0,28,19750,5.66871,471,0.135188,11372,200,0
MicaCreek,ws10,fuel_elevation,0,20,23477,6.73844,471,0.135188,13730,200,0
MicaCreek,ws10,fuel_elevation,0,21,25678,7.37018,471,0.135188,14948,200,0
MicaCreek,ws10,neighbour_fuel,0,4,10889,3.12539,471,0.135188,6574,200,0
MicaCreek,ws10,neighbour_fuel,0,7,10794,3.09813,471,0.135188,6345,200,0
MicaCreek,ws10,fuel_elevation,0,23,23406,6.71806,471,0.135188,13691,200,0
MicaCreek,ws10,fuel_elevation,0,24,25470,7.31048,471,0.135188,14687,200,0
MicaCreek,ws10,neighbour_fuel,0,8,10277,2.94974,471,0.135188,6417,200,0
MicaCreek,ws10,neighbour_fuel,0,6,13675,3.92504,471,0.135188,7921,200,0
MicaCreek,ws10,fuel_elevation,0,29,23459,6.73328,471,0.135188,13700,200,0
MicaCreek,ws10,neighbour_fuel,0,18,199,0.0571176,471,0.135188,146,200,0
MicaCreek,ws10,neighbour_fuel,0,10,11854,3.40237,471,0.135188,6669,200,0
MicaCreek,ws10,neighbour_fuel,0,2,22387,6.42559,471,0.135188,13218,200,0
MicaCreek,ws10,fuel_elevation,0,30,25003,7.17644,471,0.135188,14516,200,0
MicaCreek,ws10,neighbour_fuel,0,22,36,0.0103328,471,0.135188,35,200,0
MicaCreek,ws10,neighbour_fuel,0,13,13149,3.77407,471,0.135188,7666,200,0
MicaCreek,ws10,neighbour_fuel,0,15,10452,2.99997,471,0.135188,6422,200,0
MicaCreek,ws10,neighbour_fuel,0,14,12252,3.51661,471,0.135188,7289,200,0
MicaCreek,ws10,neighbour_fuel,0,16,11776,3.37998,471,0.135188,6941,200,0
MicaCreek,ws10,neighbour_fuel,0,20,11296,3.24221,471,0.135188,6523,200,0
MicaCreek,ws10,neighbour_fuel,0,19,13037,3.74192,471,0.135188,7073,200,0
MicaCreek,ws10,neighbour_fuel,0,12,22387,6.42559,471,0.135188,13187,200,0
MicaCreek,ws10,neighbour_fuel,0,21,12726,3.65266,471,0.135188,7525,200,0
MicaCreek,ws10,neighbour_fuel,0,11,22706,6.51715,471,0.135188,13385,200,0
MicaCreek,ws10,neighbour_fuel,0,23,12398,3.55851,471,0.135188,7382,200,0
MicaCreek,ws10,neighbour_fuel,0,24,10989,3.1541,471,0.135188,6663,200,0
MicaCreek,ws10,neighbour_fuel,0,26,11408,3.27436,471,0.135188,6835,200,0
MicaCreek,ws10,neighbour_fuel,0,9,25603,7.34865,471,0.135188,14842,200,0
MicaCreek,ws10,neighbour_fuel,0,25,12369,3.55019,471,0.135188,7175,200,0
MicaCreek,ws10,neighbour_fuel,0,29,11549,3.31483,471,0.135188,7037,200,0
MicaCreek,ws10,neighbour_fuel,0,28,13160,3.77722,471,0.135188,7920,200,0
